<?xml version="1.0" encoding="utf-8"?>
<theme id="ugc" name="ugc">
    <char id="1148845" name="PICARD" facing="left" thumb="1151155.swf" default="1151155.swf"><action subtype="" id="1148846.swf" name=" dematerialise" enable="Y" enc_asset_id="0FEw6pKNScg4" signature="thJdepY9AXZTP4+RM+Aa2A3z+y9s4H3DyXD43U5yDpJCiS5EbS82fnlSE6ehRUiBshpzeyyKJC7drsW6HWhpGlhDIxqYliOCAhuc2VRvpxk3jOxw4CLkXgN+zIumKJQs6cGMD0ur8UZ309dBsaoi91oDe64GPflz7A6xPWwRAIRs8eu3ibT4j5Brj0sw=="/><action subtype="" id="1148867.swf" name="materialise" enable="Y" enc_asset_id="0UTtArgG5rbA" signature="ivOD6uT9R6RJvlk7vcrnTgbRVtF3Tq1I32OTkBZOjT__r6x0hq14Mmmh5+UtpmRZCnHmUuV_dsQxSjmClOoDsz4M5WFE7qUyBNg6928GEttHYhNdVZnSf9XWzjpVvMLTG9tzec8XMgH+Pz43AQI2L2FB9R9Ebay9SMRwn0lC0avM4o8yrFkZCCVZ7NsQ=="/><action subtype="" id="1148877.swf" name=" stand" enable="N" enc_asset_id="08sSnn8vGZDY" signature="uZOeMTUInR2UJT_DfbBfgg9InVRbHzS1IbAwaBU0VzIym9DsICB7G8upgdWBHFd3XGt4Mg6NOfSNWF+wwl1DkftuGq6iaCQ6W78EPzIAES9b2rppbKXbBY39qA8PuHhxHzAGuYIgNhKWvWA6_X0FU+N6DE4HvNGeWrHz2cLmd2ODOE86oe7covwWWTNw=="/><action subtype="" id="1150596.swf" name="walk" enable="N" enc_asset_id="0uEXcQcRP8Mc" signature="S2cZN+lZnt5bJcjt3V52jgOAn0Z+czkKbDGrAMBTOAhqu14D4NcovbHzfSQJbJ57sXwPCulvfHyx7NHmN1LYFz6bi+8W2rv3IL9bwuDPHWkQ0QkgXWfg8QTlymX38+T+gn3TlvPt6erYQu8xpt_ojP41vvd93ULl6qY1UclKN04Sn_qKmP7Du249K9vA=="/><action subtype="" id="1151002.swf" name="stand2" enable="N" enc_asset_id="0l5xirqYRwPc" signature="hP14OW9GKzgEKlmkqlufFATxwG_j5zHYfCExCM1kIEWgI+8Rx7160KUkEyPelm3romvFvC6yO+3iD0gkwtdeZEMgfiMn19gObRohTVJpWg_MKL0WetstwbWvd8koS+rO7flAIoFvsBqOzZtJBlv0s+7GwTBaIefuMjyQ3L3sSJxh+sFVQZJVP_3Tj_PA=="/><action subtype="" id="1151012.swf" name="stand2" enable="N" enc_asset_id="0s7pyQ12rb3g" signature="kjtN6N9oVM+IbGyhBS+f9wMGE+7zSNEiB_Q_0zhGIsd10IZ0vpNayeESlqqo3MQYl3m7SWBQa0pUJ7svtK+2ej3zRVb5Kr+QAleJ0ybfbTYaogumALAnJt6xNy45TcWMzpn6yJvdB13JE3d_UGOYLIv9AIEGl62XlZHKQaZM4El1qFpcih7eFFYHaDmQ=="/><action subtype="" id="1151103.swf" name="walk" enable="Y" enc_asset_id="03qbrruoFlg8" signature="+2_U_qBGCcMN4XJ1BZZ8AgVrNsBvaYbOTv86Ji5VH2P9blyWMLHuOdu+1XoveYG8_hjHPsumYhJNrAjkDppTVBGSYYKimLjK2irSWly9vg2LQ24WDdMz0IkLPsOlohM68YvDSwUXXUnlNFeEFsKI0wSINC0XmhCYwDZImfnZKjdVGoNN93jcsNKPeV"/><action subtype="" id="1151123.swf" name="picard " enable="N" enc_asset_id="0jXqAVZWjOJ0" signature="s69GjrEz6quqgLLyfnv1NghBcHjL_B+HI8k2XkB_WyfNjG5ge+CRQ3KPaCcniNaj5Mmyr3__y936BI9NQBRslmKsZTt3di_ghnTcqwWQ+IWtPuuaSQGMEHhVtGHfVIMmxoUcCodROsZOS5vIP2Q4TjmdoJ3ot_JPiI9yMKJTn_ZvQBRdYPvl3imZ_n8w=="/><action subtype="" id="1151125.swf" name="picard stand" enable="N" enc_asset_id="0YSz0-MrVTG0" signature="_K3suCzrUHEZKz2OjHbfJA8vR0JC8KJ3LmSUrU6v7eG3On9Xa6Ew+C4rQMnAU0jyynjKxYNjYt1rWtvxDOEKyQvoZKgASRsS+Y8+R167s6tgyIXNwK72I8uujEX0B6DEcrT98A0KSvkRyV3u3d89oeCcOXkKLaYJjyVSz_c+ic2q6uUEGXc9kEV8Xq"/><action subtype="" id="1151155.swf" name="stand" enable="Y" enc_asset_id="0lyMGgwnZqW4" signature="dX8GS9g8H6EyKlqvsjH42Ak_BMSR8r3hLJb+346O9y_IkvT0M8mr21BSIO_hvZ_kuCpU+EYUN3ZXCsqyNubpfQ2Er0AUkeUcK03aee_lS3fDy32TsrpqI6zG4fGH3u25G1CynX4jiPEAs9YgqeGBD5ZTCAQTZm+TudnUpiwu06FqvgRYQh3Yl9tNM8Rg=="/><action subtype="" id="1177214.swf" name="PICARD walk2" enable="Y" enc_asset_id="0_rj8a8uuWus" signature="BRSJj_hKXxQtVo+7t9FdkA7g4UgXDOCxLHcGeYDBBjb6cR3N29oIDIO0wAV0FWUNz6ele04ZSHxGl26XYh22ybp7C90yg9hKpZ_+OaD25k9rQdnnjy+SC89frRn7Pl3HZUj2jbstCluLzZEDd7HI0ralPHyjxY+1jmH3i2ls3_8ocRb2u7P90HOKwo"/><action subtype="" id="1186425.swf" name="PICARD STANDblink" enable="Y" enc_asset_id="0AGDnYARGKiI" signature="nkFPw6SMWwBx7QMdU0Y91Ahebn1xv3mM+peEqG3h9Oc0uTmtJuhg913Uq1GEhi0RQZd8LFfcHVp4Grqhr1tK2kTmD+1B804larESBozQ_b81uNwz0dte3bXFvyDsSSQgDBu5WUkQEK_ku7eIJhjPNs3cndd_SDGYCkCZknawX+o4KEW2a2hOW4AbJ4UA=="/><action subtype="" id="1186691.swf" name=" STAND Talk" enable="Y" enc_asset_id="0mG8lpqcFq78" signature="qIqnFaZAyjNHzQsqrH+GJw1DYrHgS5s9wjA43GAzAiumNMFJ2OsIuUkuPFHNYBb_rbw9+IgyVyNFYR9+VYrT7Rec6HzM0sqFCFe7lXJZHOGWGoARhp0nbRjQZJGhFUSswDz4_qb0kr0cGO5v5l9ctZ00DZmj7JUh2wYqrRrFuYafu6ontnIBBKH_WiDw=="/><action subtype="" id="1191156.swf" name=" walk left" enable="Y" enc_asset_id="02Rtog9WhAy8" signature="t+wPhv7sD3jSuS4LN_NFnAzEIZi6Xpp2+_lfDSoCHt_DlNfF1EucbQfu_NulYCmM5pshd5thQlEvxsiiLIQgx28DDPJQrTJst0aEzLYga_K+fhe9xI99xfOLPvx4Tk9ZB8l8rbS_0dByRokP54AuZKZU_3mwnDRAzBLT0bHrJjcdRwuAtU_rSxY00Yng=="/><action subtype="" id="1191182.swf" name="STAND Talkleft" enable="Y" enc_asset_id="0SI-7rIBZtyA" signature="vl4CIFYjIbTAVVJqc1ospw699zVf+HG6LlOCxdscQLZOvMktwv6jsAm5at54MUnSMnTZFW8lP4xD_CMOhdX9T4F8gCnYllho1OFYZ56Yy99jE7DblkNyYJkOxduK8VEtT03JlyG4HnS3SDW6iJMeXvz2xMaDy5L0R1nQzdsANqtYDLZW5wKlSQvpmxnA=="/><action subtype="" id="1191241.swf" name=" STAND blink right" enable="Y" enc_asset_id="0nJhEU8Ihte8" signature="7TQv+G0tAdBNtO1bsdUz3w0NMFa_aHQGEtWIu7fNDn5FULIkQ1LCyypnrSG94895mxDp13VDdNyHuPxnT6QCI3pmKicRWyN6zb43A4Yptq1JKdmqsG1Lk9ChA8wH7Jnjz_Cvf_P4yJ7f3fZe67_nYxWf2Iz+H2tJu0wrC9Wep4wumfNUmgWrg77WoAJg=="/><action subtype="" id="1192213.swf" name="SHOCKED" enable="Y" enc_asset_id="0H6DDrjoee78" signature="ShIgv2oGus3KZ8hQEZBL1gWCsVRJIxtpxFazqDTKAQeZxXY9K0Xy0sGWz3JiNoLzm+nKSDnEmC5Nz9rh93WVUMmtgsx5mJycpa61SVr68r6C_ROZKBhnYPo64MI3sLqQr3ImBePq4wtJuogS4brjMtLEWAUEa4U9qGuVvB40UAfk0QX0jjNKqV78f_Yg=="/><action subtype="" id="1199177.swf" name="CALCULATE" enable="Y" enc_asset_id="0OP_c9Y-e4rI" signature="cdJAb2H1BypNkBNJwrDGvgShLO1dN2xpVn1k6CE_bE7h10na+cXevZMn6OMk3pZATUgLLxkA3Owz+TlCU3ZurMzKcr9qe6pspeGr9BDzjeJUX_IZpdo4zB2zR6z7B+4rgiwSW3kRFaoiyxLOxSJU7oytYHd4sOYk+qoNIQ0tU2giYk6aV4U0PgfBL_Fw=="/><action subtype="" id="1205270.swf" name="sit" enable="N" enc_asset_id="0nfvXhjsDgDQ" signature="RpajNAxo_POHXfLsTkTNqA_JdvtTc4LqioTbWCeyoLtrbsTgZTv7CEz+yVqqGyu_yT3mp_83VmhmQ9do3tXmGFZwzHXE4kENLxydWxMyAWWNZyO6cpth58dpmMM9qpnGGpOeXCDt9ZG30qv8NqmbtByvezHJuXkH5ROmZIFlI26lD66GgqQ1HlGBGugw=="/><action subtype="" id="1205275.swf" name="sit" enable="Y" enc_asset_id="0C-4BC8uvY6A" signature="FiaQgfHaZWKUj1r539gqDwya_EvkFmfUp1VQnktWjpkeoSfOs6u_sh1aUfLkDWcJ5u55V5YOHgAdmwH_CRPkjSWklvti6f+nEGKem2H1wBK7Bke1UlwcUw5kJ0uLS8ghgkN6QjgPvZrUZvGjPZl3U_dTtW1TW8aEQ49nDy3Kmls+JPMVoI0zxTc04Amw=="/><action subtype="" id="1205289.swf" name=" sit left" enable="Y" enc_asset_id="05vnSrT3ku28" signature="94JxhOLiRgONPwIPiwym8wTxHGYv4mzngwivDvzglJIJ1BtUIrKc5bQ2iUTUzDkFkEAax7Hkc7hpnmR5OW3qslbF95OlGeHyFYGmYvA9nCShYTXDPmFa+UvJf3YxaaTgRm58E9QPjiS27Fqyceym4ppm6QJiVKJCsnAeoYNFqnRFyvwX2hstQRt+aEvQ=="/><action subtype="" id="1205301.swf" name="sit talk" enable="Y" enc_asset_id="0wSm1j62OKDc" signature="ZZ0DcWw0PaFlkTHNH4A0vgO5U8OY9hc1OHmfPPF8aIsx_tSZywrLUHfS+N+Q_+M3srWHPPchy8+Fun309qPvNJJGN7CxUpU5W1G3nQR4cwkXjK+ZW137yDPOvVOBQgvhVDK1VcbAO0IUux_IXydIMizL0TFTYcJWgDcP+pw4QHgv42OGs9soiKe8uZMQ=="/><action subtype="" id="1205303.swf" name=" sit left talk" enable="Y" enc_asset_id="0CL2lmvaJN8Q" signature="wrRStJFWSn108KZhQq8PuAp6hq5sWDzbbhYUe70+3ocuq8FacrcyQm6kHXeGv5PUyDeoBKkyKv1ikHSolItaDLDhWYCuWfLwz7nqZt3Q05RfYR856i9YXqC+MNXbj4TUnHUpGuV665I7Ev69x7BV+WwDzEH25fOPGA8f2zCrYh36zkACyhBMb+4aDvhg=="/><action subtype="" id="1208145.swf" name="TURD SHOCKED" enable="Y" enc_asset_id="0YpNLRe9_PNc" signature="75nONZUaseFlSziYND6Jiwir+_t6_KeNJCnzYDB0lqRgs4_rAl3iWhPd2xHidvMIEndvBglcMCzKpzK5fFeQG+Hk13fYfR_8Gg71myeApx2pKRdsgXXwdlpoAY4cTn0d0ArnjcqjD3oKEHzhPllz8uhmmAfhZDiIJoULwjSjhyFY6ClIrotRQzFEG+BQ=="/><action subtype="" id="1208198.swf" name=" TURD STAND Talkleft" enable="Y" enc_asset_id="018I4m96j6r4" signature="rQSzslPT7WrtWk7gL861QwvMzf7HukKwEibn78Tl3H_Iw+w1syC23EqZujt2yYJrCHFzfaBsnDYR95GV4jhOmTcJyZ0_H8xTjflbEzEoz_FmwWW+EuGSKVYem84hke7km1gRrBIUi7xbZuUgEodH_PWFZKCW90ebX3iZnYkts6Npzvy6_2sexAQtU+Ng=="/><action subtype="" id="1208227.swf" name="TURD STAND left" enable="Y" enc_asset_id="0sF2DSiOwbWk" signature="q_b5q4TBqts1aqKSnzYNbgOgNhZlyEEn2Hwcj0ErOp9HaDtuYi7WmCHPv5jBQVEHeRuymktLwNPLTehW_y5n6_Vj1Ew__h7bCXvloBUyIxJYNJhNhsJDKp1TPjs1fHgM7pRVOTkRXfy16gLGVDaEBASMJ7SFd9dahI_yUqAaZF7Cz45Wge_CSOymP8Mw=="/><action subtype="" id="1211241.swf" name="SHOCKED LEFT" enable="Y" enc_asset_id="0E9Una1o7bPg" signature="9HKFRf0fFeAoWVJJbi6OewSih+1EEBKSI65QZEfEzojuaQt13Kil8XYu3bkXL7ptAfcwoNbrnoTwO58p+FSL6bX5fPwjpD_czBTsb_BDEGRZbKyH_Nxb6RC_nvho1sR81nu+gDZWHxaVotJhKVdc8OLLPm4kBwaQyPoCiJeW7m28ovov6Z58oMJfRYKQ=="/><action subtype="" id="1211770.swf" name="SNIFFUP" enable="N" enc_asset_id="0tD8Pl9N2LaE" signature="faptpVnx1e+YC5Z3toIDLAMoJKCkiFPIIXhddHRAazEs6XMdpmFmp_QKsHvZpHEttrtiEXNu2hKdHXjvVbDFbY0g5GidUkUZ_hXnTRTZt7ohagQBk38wvzXOC8sqUGI3wFwqdZiUt1n+K0CvIR+TpvhxBzgtU+QU6ia7OwgZ4zF+2B42TE12auOs3Y1A=="/><action subtype="" id="1211785.swf" name="SNIFFUP" enable="N" enc_asset_id="0aLXlJPwswJw" signature="sExutENNPiC6ZbxrLrBrSQ5uf_NuHXJ08j0zkUgOBUQV58WAM3WLfUzx0p0rtNO17_FHEY+oxCzk7uNGvN7rsHLfcZhIzV2isIiNsQQ19ZDEy_0F0LNPgoDwzn4p0LTdypHP1F8+kIZbr2QPO3M7kPDbA+S8N1TF8C65ORJYWP3B72U3OhBO0ibOw3bg=="/><action subtype="" id="1211879.swf" name="SNIFFUP" enable="Y" enc_asset_id="0a82tK0-Bua8" signature="JHP29UeSNEZfQFr228Wsnw0RtwpNsQPtVMlqmzEq9+qQ4HjRVJia3VSAG9vx6FJVZmYqmdJmeQEaeuZ0z0FcmSAUNXyIYK4tg5HdxKh0ktFSf389kL7gacMQ2vPgEDhrIEowa61BVbywiT6QOt_OCrHbaASo00Dq8FnsihyD5RWmDW4xPlGw5Xg2w+Aw=="/><action subtype="" id="1212062.swf" name="MAKE IT SO" enable="N" enc_asset_id="0CD_ga8QbwCM" signature="gPrcAXNRrvyeQdLTMByCcQ2_7GYRaKXUJMnzLisbDVKyYEyuQXI0_nc+uoldREhU3Q6UCrQMfLq2jGyn5lLg8ebU2x8yEJg_Y7+zv68MMziGkW0LtiDshmqCZf+glDnD+uk1inLZvvh1LRIwOVTWRZVv2LrCmlFTuCbkFPqpEx5UoGyBTisAejxbICsQ=="/><action subtype="" id="1212111.swf" name="MAKE IT SO" enable="Y" enc_asset_id="0CK4TSEQkxts" signature="JM7rOw+_PGrc7IO5p2I5JwI6SWofOa9jeZKl8YXCRW_rdLM7Qlmz1jzZiVcs10Em+57K1uqNZnZZxdT_+2We9767wvcx_h6s3_W2BO_gf8C_fgPR6KvbTxsuuZsOiUkJwLTfsFpb++TquCsofbFtKsrkMaOePqKOBO2uSU+xVw+ST11hsHJRJeZOThbA=="/><action subtype="" id="1251966.swf" name=" TURBULANCE LEFT" enable="N" enc_asset_id="0bvCY_cud6_4" signature="75dNaTsp52YIh_BVp40aQwGTei692JUusvoxyia0BRaTy7RDHrUGZYhV4OILwmvbAgAupabZN0hmKIsMGD5Yj+dd1u0CDCBv3X6znweQjPl4KWgjPJ+4XVhQr5WWYVtDNYSCpIAIbdtwjyu8Jv2P7VqqFOBVsKx5mMyeHkg_RNi7dC4WP+Zt0D8KXYBA=="/><action subtype="" id="1251967.swf" name="TURBULANCE LEFT" enable="N" enc_asset_id="0w-bKWv921D4" signature="81A5TzB6VJbP5olVvTRysA_hBoTDA7ilRYgdzmQusPj63BolvCfs36O+qdHDrHoNXBqaGX0lA067PFwGFxnabV60tOqw+QL6ildh4Za7UyyloANyCqrhR6KBUYBk2VvF3ZB8Z4sVurzk6eQSCwmYMaQhcx3zPaoqXJ_WULTx7etw6k4l7XqmT_uVzMnA=="/><action subtype="" id="1251971.swf" name="PICARD TURBULANCE LEFT" enable="Y" enc_asset_id="0z1xIfO1iCfA" signature="zWAuhzPEJCPGXfGNE9ClDQraRVzIrkVT2fJJHIOAjwlL262r0CKKrfxv4RAkPSiUgHPSwCYtBwQt1cXACcDEWBAw+8PUxJLpecv5lzp5K4OWiJD8+hDGN8B2vhhS9egOjm8htuU8N7SuhnLMT8wIdI9++r+gECDGELskfn4wzmd8KGIAJYHTyHraiccw=="/><action subtype="" id="1252428.swf" name="TURBULANCE RIGHT" enable="Y" enc_asset_id="0KE3c8DHTeak" signature="bOe+a5+XnuQAjp3Ba_UlNAZ718+V8w5idWM3ETIJFORqumY8hKmjQPwHdhNSZK3406Dx0eNdBMWp9oVNFoX8O8dTDIiGdxBeH6bv0VeKJTqGiL13y4B85jybZllQlUsaOj7Rf0jCtRSLIphRF1rWVZO_tSuUHar_oqHbQTBEEyihUsp5TlfctsUS2ZtA=="/><action subtype="" id="1260543.swf" name="STANDblinkbreathe" enable="Y" enc_asset_id="0uJ5sHw-9C1E" signature="jzGqObZYQJOh9oA3337npwqDf_4sR59_GmO5RUh+ZZQWpDpwHFtMWVac6KvLvXRb4CwWK_J18v+Z_nSZ1_jqGC9qcuWcESPs9mPN4DbUGyOqvhLodJP9BqOeZrHt3LH3LJqDWoph+5os7W0LBXWDrK1HZlQfGm0H8R0yE+ENzPkisMA26qd9p8Xce3YQ=="/><action subtype="" id="1260544.swf" name="blink left breathe" enable="Y" enc_asset_id="0EQ1LkzOXdLM" signature="7lBNuhOd0chhbeoQeVkc3QTelNED2qxXUnwsu83b6usEnX3et+RHZcXTTCIIC2S9cJyKyQcoSowp_nhpxD0jeI5sGpLgeNGbn4zRXS32gExdOeCOIPVjv_otV4RGqU0d_BaOxIta5WL6R0O_Mchi_vttueodZoUgSNiodgJeX8gwTh7EyhQskQKrgxow=="/><action subtype="" id="1268137.swf" name="ferengi tubulance" enable="Y" enc_asset_id="0QEiI1vl5YAw" signature="tcH8JE8_nPanVv6gaSSUmQbUkvjxohrnahAJBRAL9zRkvJ2b2nRW8H+Fhetyms1B6jO6vrhr_HsyryV1tzWetnl+IzhlX282Wxud_das1KojPDQhYCAPPwGS+y3VqWiO4wVfxSj8s+Ha0Nf7qehLlFjEPPsTS8OF3+IlZYm+DOgK19adw9O2JHPq+9RQ=="/><action subtype="" id="1280968.swf" name="mucus walk left" enable="N" enc_asset_id="076p2sFkicNY" signature="8xKyxypZgXfCWAeKCSclpg2afYtPU5ufvckeDq4w8Neem_OYbdgSULOXi3hYvoqc5pfk6uh4e2yEi3XLJ_2NYeWzbwVOftBCt8EWetSxQlQiEOWGxo_bzEHYk+b9iHEqRSP1BS6Vq7ADmfLUl5Glnf62_KQ__3s68TbVc0Pwffb271bsXLIlpnE5p_ag=="/><action subtype="" id="1280975.swf" name="mucus walk left" enable="Y" enc_asset_id="0xU1QTNA83C8" signature="PG1XJj+8dNu5efy5kPpa3gm_47R8XU8cRTarZMIshsncrcVPVz8pCU27IAobOZjdcFSvnOD5GmSKu6CBYrFJzXlo8DruUT_qpuKm76qNl85BhORgKxlFEzYlDh0L0ENKmlylvXxn0SsmuE8BniJqRSJbMYBL4OZrrObgdpknEbfmgu9cafMkdNnf7uUQ=="/><action subtype="" id="1280994.swf" name="MUCUS amp STAND TALK" enable="Y" enc_asset_id="0CAqpghWyTJc" signature="Z_Dz5gxvZ65ijG23Nq1e0QBqrnvEZDrArmEqwz0PeTed6GVwEKCLGw8QWnp6wqa23ZHmLbXRTVsxylQ1xqwPZjr72Qe8xwaE8Rbc7XmyZjf12wNPSagnVZHX472whjmoisEQfBG10_NfAwkHP98NMVVGUgrW89jAwdnQbSFLU_6XXcAd41HDTMYBpOrA=="/><action subtype="" id="1284638.swf" name="walk talk left" enable="Y" enc_asset_id="0T7HZGtSTTxU" signature="tLjyJvtjA31DFXEmRqqMSg9IWKmJQMBk70YDGWGadV9i7i5a+XNMVs9vPnpkkuHRRrRl6RjpsiNMzQZI5unWQoPMbpwh1hi6rubt2U1DvpoedL_OCFJ1Q4KhHau6Yq4Ct7rnadf6_RSnw8Fp38gZyd9gFQehv6v80Mbm3MfSpWWhBbQA54plO0AdoySA=="/><action subtype="" id="1339002.swf" name="MUCUS AMPUTATED" enable="Y" enc_asset_id="00Zoy1Y_IJqY" signature="ssU3pR7830_UaSJnlhad8QO4vRac1ZyBtJYXdcmn9hqhImmqY_YhWlJuFYVW9M8QS6OFWsCBL3bBfhy7FLcuqqnDxtpBA12i8pGGcogDKrx_Wtwdf8TcZNV37v7TGkqjcM25bEv6Gsvy575yt5Dx8jrPviI_nwZm6yB4WNYwGJ2ugECio5g_OH_aq65w=="/><action subtype="" id="1945880.swf" name="PICARD make it so right" enable="N" enc_asset_id="0T5dFCowRets" signature="QuNgzVZVxsy4yB4yiVOvpgZ0QNO3p+V_c5_EwpIWCbdNkVcbR3R0Agay31FLByyC4gdCYbev05lxCGDcsF6CMsSOZEGHEvKxNQ+5rHlvufwgOJLmHN2anWe+lx0FrCGGo8lDUoETqNzWMLro0DVq+wWYMEkiOkTue2TDoN9dYvoI1fbtLIVRVrQdXLhw=="/><action subtype="" id="1945908.swf" name="PICARD make it so right" enable="N" enc_asset_id="0HxPwsm668JQ" signature="_ptqH1T3GBVdEFtYoDlYaQgnW9RxXw9cFPUcNsNWIpUXachpESQYpCNWCGSu4B5sKDMudcRUOf+JLoki77MWGJd2gPyWytts0rzGep9xNYcyZWgvFQSoae7RECdmC_7Ug_ggggaoln5Z0+9ZbXuqZs4YdaUn9E+Zmu0n73PHwTI+jn2xr3dKvpt89AmQ=="/><action subtype="" id="1946022.swf" name="make it so right" enable="Y" enc_asset_id="0BNhqwTdeY4k" signature="sK8fjnqLkCp3g4kClJ0LvAMe_dPvjoO50CdvtkBlcZspGoogQuo__UWbcBmOm+KCCvi3ta8wNqIMItnBlZEJEtbe8_6tPvyFPI798Nu1ZgPr_U8wi7iTDhNPvrF7yY4w15QVH2SV2liTBB5JqOCHnZMh6ETNA8mY2EUQvlIZmCsTBRBWveR+LihzyT"/></char>
</theme>