<?xml version="1.0"?>
<film copyable="0" duration="28.1" published="0" pshare="0" isWide="1">
  <meta>
    <title>White Housers Bar</title>
    <tag/>
    <hiddenTag/>
    <desc></desc>
    <mver><![CDATA[4]]></mver>
    <studio>a76d829cef09f7bb9bef739f686c0449acbaded8</studio>
    <thumbnail index="0"/>
    <palette>
      <color value="333333"/>
      <color value="999999"/>
      <color value="fbfbfb"/>
      <color value="669999"/>
      <color value="55bbaa"/>
      <color value="7fbb11"/>
      <color value="15709b"/>
      <color value="9a5d1"/>
      <color value="6ab8d6"/>
      <color value="da2021"/>
      <color value="fecd31"/>
      <color value="28c6c1"/>
      <color value="37444f"/>
    </palette>
  </meta>
  <scene id="SCENE28" adelay="66" lock="Y" index="0" color="16777215" guid="61E46660-8698-CFF6-5C6F-50A2D088ACA0" combgId="politics2.cbg_bar01">
    <bg id="cbg_bar01_BG13" index="0">
      <file>politics2.bar01_bg.swf</file>
    </bg>
    <char id="AVATOR146" index="1" raceCode="2">
      <action face="1" motionface="1">politics2.sarah_palin02.shock_side.swf</action>
      <prop id="PROP252" handstyle="flat">
        <file>politics2.03beer_prop02.swf</file>
      </prop>
      <head id="PROP164" raceCode="2">
        <file>politics2.sarah_palin02.head.head_drunk_side.swf</file>
      </head>
      <x>529.9</x>
      <y>232</y>
      <xscale>0.66</xscale>
      <yscale>0.66</yscale>
      <rotation>0</rotation>
      <dcsn>14100</dcsn>
      <color r="ccSkinColor" oc="0x0">15193538</color>
    </char>
    <effectAsset id="EFFECT49" themecode="common" index="2">
      <effect x="0" y="0" w="550" h="310" rotate="0" id="cut" type="ZOOM" isCut="true" isPan="false"/>
      <x>47</x>
      <y>24</y>
      <width>550</width>
      <height>354</height>
      <speech>0</speech>
    </effectAsset>
  </scene>
  <scene id="SCENE29" adelay="30" lock="Y" index="1" color="16777215" guid="DC3C7402-281C-99A5-8E54-48E02CF53762" combgId="politics2.cbg_bar03">
    <bg id="cbg_bar03_BG15" index="0">
      <file>politics2.bar03_bg.swf</file>
    </bg>
    <char id="AVATOR69" index="2" raceCode="2">
      <action face="1" motionface="1">politics2.bar_tender02.stand_move_side.swf</action>
      <head id="PROP165" raceCode="2">
        <file>politics2.bar_tender02.head.head_talk_side.swf</file>
      </head>
      <x>421.5</x>
      <y>173</y>
      <xscale>1.32</xscale>
      <yscale>1.32</yscale>
      <rotation>0</rotation>
      <dcsn>14022</dcsn>
      <color r="ccSkinColor" oc="0x0">15390660</color>
    </char>
    <char id="AVATOR160" index="3" raceCode="2">
      <action face="-1" motionface="1">politics2.joe_biden02.stand_move_side.swf</action>
      <head id="PROP166" raceCode="2">
        <file>politics2.joe_biden02.head.head_nod_side.swf</file>
      </head>
      <x>120</x>
      <y>179</y>
      <xscale>1.36</xscale>
      <yscale>1.36</yscale>
      <rotation>0</rotation>
      <dcsn>14451</dcsn>
      <color r="ccSkinColor" oc="0x0">15784388</color>
    </char>
    <prop id="PROP91" index="1" attached="Y">
      <file>politics2.beer_prop04.swf</file>
      <x>308.3</x>
      <y>271.4</y>
      <xscale>1</xscale>
      <yscale>1</yscale>
      <face>1</face>
      <rotation>0</rotation>
    </prop>
    <prop id="PROP41" index="4">
      <file>politics2.bar_prop02.swf</file>
      <x>448</x>
      <y>280</y>
      <xscale>1</xscale>
      <yscale>1</yscale>
      <face>1</face>
      <rotation>0</rotation>
    </prop>
    <prop id="PROP90" index="5" attached="Y">
      <file>politics2.beer_prop03.swf</file>
      <x>367.3</x>
      <y>287.4</y>
      <xscale>1</xscale>
      <yscale>1</yscale>
      <face>1</face>
      <rotation>0</rotation>
    </prop>
    <prop id="PROP44" index="6">
      <file>common.msp_sharkpuppet.msp_sharkpuppet_ncc_04shark_still.swf</file>
      <x>269</x>
      <y>273.9</y>
      <xscale>1</xscale>
      <yscale>1</yscale>
      <face>1</face>
      <rotation>0</rotation>
    </prop>
    <effectAsset id="EFFECT51" themecode="common" index="7">
      <effect x="0" y="0" w="550" h="310" rotate="0" id="cut" type="ZOOM" isCut="true" isPan="false"/>
      <x>47</x>
      <y>24</y>
      <width>550</width>
      <height>354</height>
      <speech>0</speech>
    </effectAsset>
  </scene>
  <scene id="SCENE30" adelay="30" lock="Y" index="2" color="16777215" guid="2799B9E0-7F63-1872-15D1-778B30B05489">
    <bg id="cbg_bar03_BG15" index="0">
      <file>politics2.bar03_bg.swf</file>
    </bg>
    <char id="AVATOR69" index="2" raceCode="2">
      <action face="1" motionface="1">politics2.bar_tender02.stand_move_side.swf</action>
      <head id="PROP167" raceCode="2">
        <file>politics2.bar_tender02.head.head_nod_side.swf</file>
      </head>
      <x>421.5</x>
      <y>173</y>
      <xscale>1.32</xscale>
      <yscale>1.32</yscale>
      <rotation>0</rotation>
      <color r="ccSkinColor" oc="0x0">15390660</color>
    </char>
    <char id="AVATOR160" index="3" raceCode="2">
      <action face="-1" motionface="1">politics2.joe_biden02.stand_move_side.swf</action>
      <head id="PROP168" raceCode="2">
        <file>politics2.joe_biden02.head.head_nod_side.swf</file>
      </head>
      <x>120</x>
      <y>179</y>
      <xscale>1.36</xscale>
      <yscale>1.36</yscale>
      <rotation>0</rotation>
      <color r="ccSkinColor" oc="0x0">15784388</color>
    </char>
    <prop id="PROP18" index="1">
      <file>politics2.beer_prop04.swf</file>
      <x>308.3</x>
      <y>271.4</y>
      <xscale>1</xscale>
      <yscale>1</yscale>
      <face>1</face>
      <rotation>0</rotation>
    </prop>
    <prop id="PROP23" index="4">
      <file>politics2.bar_prop02.swf</file>
      <x>448</x>
      <y>280</y>
      <xscale>1</xscale>
      <yscale>1</yscale>
      <face>1</face>
      <rotation>0</rotation>
    </prop>
    <prop id="PROP24" index="5">
      <file>politics2.beer_prop03.swf</file>
      <x>367.3</x>
      <y>287.4</y>
      <xscale>1</xscale>
      <yscale>1</yscale>
      <face>1</face>
      <rotation>0</rotation>
    </prop>
    <prop id="PROP25" index="6">
      <file>common.msp_sharkpuppet.msp_sharkpuppet_ncc_04shark_still.swf</file>
      <x>269</x>
      <y>273.9</y>
      <xscale>1</xscale>
      <yscale>1</yscale>
      <face>1</face>
      <rotation>0</rotation>
    </prop>
    <effectAsset id="EFFECT53" themecode="common" index="7">
      <effect x="0" y="0" w="550" h="310" rotate="0" id="cut" type="ZOOM" isCut="true" isPan="false"/>
      <x>47</x>
      <y>24</y>
      <width>550</width>
      <height>354</height>
      <speech>0</speech>
    </effectAsset>
  </scene>
  <scene id="SCENE31" adelay="21" lock="Y" index="3" color="16777215" guid="C2B01A45-7CA7-5AEE-F9D1-27C836DA4A31">
    <bg id="cbg_bar03_BG15" index="0">
      <file>politics2.bar03_bg.swf</file>
    </bg>
    <char id="AVATOR69" index="2" raceCode="2">
      <action face="1" motionface="1">politics2.bar_tender02.stand_move_side.swf</action>
      <head id="PROP169" raceCode="2">
        <file>politics2.bar_tender02.head.head_nod_side.swf</file>
      </head>
      <x>421.5</x>
      <y>173</y>
      <xscale>1.32</xscale>
      <yscale>1.32</yscale>
      <rotation>0</rotation>
      <color r="ccSkinColor" oc="0x0">15390660</color>
    </char>
    <char id="AVATOR160" index="3" raceCode="2">
      <action face="-1" motionface="1">politics2.joe_biden02.stand_move_side.swf</action>
      <head id="PROP170" raceCode="2">
        <file>politics2.joe_biden02.head.head_talk_side.swf</file>
      </head>
      <x>120</x>
      <y>179</y>
      <xscale>1.36</xscale>
      <yscale>1.36</yscale>
      <rotation>0</rotation>
      <color r="ccSkinColor" oc="0x0">15784388</color>
    </char>
    <prop id="PROP26" index="1">
      <file>politics2.beer_prop04.swf</file>
      <x>308.3</x>
      <y>271.4</y>
      <xscale>1</xscale>
      <yscale>1</yscale>
      <face>1</face>
      <rotation>0</rotation>
    </prop>
    <prop id="PROP31" index="4">
      <file>politics2.bar_prop02.swf</file>
      <x>448</x>
      <y>280</y>
      <xscale>1</xscale>
      <yscale>1</yscale>
      <face>1</face>
      <rotation>0</rotation>
    </prop>
    <prop id="PROP32" index="5">
      <file>politics2.beer_prop03.swf</file>
      <x>367.3</x>
      <y>287.4</y>
      <xscale>1</xscale>
      <yscale>1</yscale>
      <face>1</face>
      <rotation>0</rotation>
    </prop>
    <prop id="PROP33" index="6">
      <file>common.msp_sharkpuppet.msp_sharkpuppet_ncc_04shark_still.swf</file>
      <x>269</x>
      <y>273.9</y>
      <xscale>1</xscale>
      <yscale>1</yscale>
      <face>1</face>
      <rotation>0</rotation>
    </prop>
    <effectAsset id="EFFECT55" themecode="common" index="7">
      <effect x="0" y="0" w="550" h="310" rotate="0" id="cut" type="ZOOM" isCut="true" isPan="false"/>
      <x>47</x>
      <y>24</y>
      <width>550</width>
      <height>354</height>
      <speech>0</speech>
    </effectAsset>
  </scene>
  <scene id="SCENE32" adelay="18" lock="Y" index="4" color="16777215" guid="2AAAEA82-7397-A3F8-16B5-87B8887BE0ED">
    <bg id="cbg_bar03_BG15" index="0">
      <file>politics2.bar03_bg.swf</file>
    </bg>
    <char id="AVATOR69" index="2" raceCode="2">
      <action face="1" motionface="1">politics2.bar_tender02.stand_move_side.swf</action>
      <head id="PROP171" raceCode="2">
        <file>politics2.bar_tender02.head.head_nod_side.swf</file>
      </head>
      <x>421.5</x>
      <y>173</y>
      <xscale>1.32</xscale>
      <yscale>1.32</yscale>
      <rotation>0</rotation>
      <color r="ccSkinColor" oc="0x0">15390660</color>
    </char>
    <char id="AVATOR160" index="3" raceCode="2">
      <action face="-1" motionface="1">politics2.joe_biden02.stand_move_side.swf</action>
      <head id="PROP172" raceCode="2">
        <file>politics2.joe_biden02.head.head_nod_side.swf</file>
      </head>
      <x>120</x>
      <y>179</y>
      <xscale>1.36</xscale>
      <yscale>1.36</yscale>
      <rotation>0</rotation>
      <color r="ccSkinColor" oc="0x0">15784388</color>
    </char>
    <prop id="PROP91" index="1">
      <file>politics2.beer_prop04.swf</file>
      <x>308.3</x>
      <y>271.4</y>
      <xscale>1</xscale>
      <yscale>1</yscale>
      <face>1</face>
      <rotation>0</rotation>
    </prop>
    <prop id="PROP41" index="4">
      <file>politics2.bar_prop02.swf</file>
      <x>448</x>
      <y>280</y>
      <xscale>1</xscale>
      <yscale>1</yscale>
      <face>1</face>
      <rotation>0</rotation>
    </prop>
    <prop id="PROP90" index="5">
      <file>politics2.beer_prop03.swf</file>
      <x>367.3</x>
      <y>287.4</y>
      <xscale>1</xscale>
      <yscale>1</yscale>
      <face>1</face>
      <rotation>0</rotation>
    </prop>
    <prop id="PROP44" index="6">
      <file>common.msp_sharkpuppet.msp_sharkpuppet_ncc_04shark_still.swf</file>
      <x>269</x>
      <y>273.9</y>
      <xscale>1</xscale>
      <yscale>1</yscale>
      <face>1</face>
      <rotation>0</rotation>
    </prop>
    <effectAsset id="EFFECT57" themecode="common" index="7">
      <effect x="0" y="0" w="550" h="310" rotate="0" id="cut" type="ZOOM" isCut="true" isPan="false"/>
      <x>47</x>
      <y>24</y>
      <width>550</width>
      <height>354</height>
      <speech>0</speech>
    </effectAsset>
  </scene>
  <scene id="SCENE33" adelay="21" lock="Y" index="5" color="16777215" guid="7D487446-8885-6F2E-F052-31D87AEB0135">
    <bg id="cbg_bar03_BG15" index="0">
      <file>politics2.bar03_bg.swf</file>
    </bg>
    <char id="AVATOR69" index="2" raceCode="2">
      <action face="1" motionface="1">politics2.bar_tender02.stand_move_side.swf</action>
      <head id="PROP173" raceCode="2">
        <file>politics2.bar_tender02.head.head_talk_side.swf</file>
      </head>
      <x>421.5</x>
      <y>173</y>
      <xscale>1.32</xscale>
      <yscale>1.32</yscale>
      <rotation>0</rotation>
      <color r="ccSkinColor" oc="0x0">15390660</color>
    </char>
    <char id="AVATOR160" index="3" raceCode="2">
      <action face="-1" motionface="1">politics2.joe_biden02.stand_move_side.swf</action>
      <head id="PROP174" raceCode="2">
        <file>politics2.joe_biden02.head.head_nod_side.swf</file>
      </head>
      <x>120</x>
      <y>179</y>
      <xscale>1.36</xscale>
      <yscale>1.36</yscale>
      <rotation>0</rotation>
      <color r="ccSkinColor" oc="0x0">15784388</color>
    </char>
    <prop id="PROP91" index="1">
      <file>politics2.beer_prop04.swf</file>
      <x>308.3</x>
      <y>271.4</y>
      <xscale>1</xscale>
      <yscale>1</yscale>
      <face>1</face>
      <rotation>0</rotation>
    </prop>
    <prop id="PROP41" index="4">
      <file>politics2.bar_prop02.swf</file>
      <x>448</x>
      <y>280</y>
      <xscale>1</xscale>
      <yscale>1</yscale>
      <face>1</face>
      <rotation>0</rotation>
    </prop>
    <prop id="PROP90" index="5">
      <file>politics2.beer_prop03.swf</file>
      <x>367.3</x>
      <y>287.4</y>
      <xscale>1</xscale>
      <yscale>1</yscale>
      <face>1</face>
      <rotation>0</rotation>
    </prop>
    <prop id="PROP44" index="6">
      <file>common.msp_sharkpuppet.msp_sharkpuppet_ncc_04shark_still.swf</file>
      <x>269</x>
      <y>273.9</y>
      <xscale>1</xscale>
      <yscale>1</yscale>
      <face>1</face>
      <rotation>0</rotation>
    </prop>
    <effectAsset id="EFFECT59" themecode="common" index="7">
      <effect x="0" y="0" w="550" h="310" rotate="0" id="cut" type="ZOOM" isCut="true" isPan="false"/>
      <x>47</x>
      <y>24</y>
      <width>550</width>
      <height>354</height>
      <speech>0</speech>
    </effectAsset>
  </scene>
  <scene id="SCENE34" adelay="15" lock="Y" index="6" color="16777215" guid="16BBEAC7-79AC-B457-F8CE-92911795BF2D">
    <bg id="cbg_bar03_BG15" index="0">
      <file>politics2.bar03_bg.swf</file>
    </bg>
    <char id="AVATOR69" index="2" raceCode="2">
      <action face="1" motionface="1">politics2.bar_tender02.stand_move_side.swf</action>
      <head id="PROP175" raceCode="2">
        <file>politics2.bar_tender02.head.head_nod_side.swf</file>
      </head>
      <x>421.5</x>
      <y>173</y>
      <xscale>1.32</xscale>
      <yscale>1.32</yscale>
      <rotation>0</rotation>
      <color r="ccSkinColor" oc="0x0">15390660</color>
    </char>
    <char id="AVATOR160" index="3" raceCode="2">
      <action face="-1" motionface="1">politics2.joe_biden02.stand_move_side.swf</action>
      <head id="PROP176" raceCode="2">
        <file>politics2.joe_biden02.head.head_nod_side.swf</file>
      </head>
      <x>120</x>
      <y>179</y>
      <xscale>1.36</xscale>
      <yscale>1.36</yscale>
      <rotation>0</rotation>
      <color r="ccSkinColor" oc="0x0">15784388</color>
    </char>
    <prop id="PROP91" index="1">
      <file>politics2.beer_prop04.swf</file>
      <x>308.3</x>
      <y>271.4</y>
      <xscale>1</xscale>
      <yscale>1</yscale>
      <face>1</face>
      <rotation>0</rotation>
    </prop>
    <prop id="PROP41" index="4">
      <file>politics2.bar_prop02.swf</file>
      <x>448</x>
      <y>280</y>
      <xscale>1</xscale>
      <yscale>1</yscale>
      <face>1</face>
      <rotation>0</rotation>
    </prop>
    <prop id="PROP90" index="5">
      <file>politics2.beer_prop03.swf</file>
      <x>367.3</x>
      <y>287.4</y>
      <xscale>1</xscale>
      <yscale>1</yscale>
      <face>1</face>
      <rotation>0</rotation>
    </prop>
    <prop id="PROP44" index="6">
      <file>common.msp_sharkpuppet.msp_sharkpuppet_ncc_04shark_still.swf</file>
      <x>269</x>
      <y>273.9</y>
      <xscale>1</xscale>
      <yscale>1</yscale>
      <face>1</face>
      <rotation>0</rotation>
    </prop>
    <effectAsset id="EFFECT61" themecode="common" index="7">
      <effect x="0" y="0" w="550" h="310" rotate="0" id="cut" type="ZOOM" isCut="true" isPan="false"/>
      <x>47</x>
      <y>24</y>
      <width>550</width>
      <height>354</height>
      <speech>0</speech>
    </effectAsset>
  </scene>
  <scene id="SCENE35" adelay="42" lock="Y" index="7" color="16777215" guid="7DD6C9D5-D9F6-7E35-6CD3-B8DAB9D3D7E0">
    <bg id="cbg_bar03_BG15" index="0">
      <file>politics2.bar03_bg.swf</file>
    </bg>
    <char id="AVATOR69" index="2" raceCode="2">
      <action face="1" motionface="1">politics2.bar_tender02.stand_move_side.swf</action>
      <head id="PROP177" raceCode="2">
        <file>politics2.bar_tender02.head.head_nod_side.swf</file>
      </head>
      <x>421.5</x>
      <y>173</y>
      <xscale>1.32</xscale>
      <yscale>1.32</yscale>
      <rotation>0</rotation>
      <color r="ccSkinColor" oc="0x0">15390660</color>
    </char>
    <char id="AVATOR160" index="3" raceCode="2">
      <action face="-1" motionface="1">politics2.joe_biden02.stand_move_side.swf</action>
      <head id="PROP178" raceCode="2">
        <file>politics2.joe_biden02.head.head_talk_side.swf</file>
      </head>
      <x>120</x>
      <y>179</y>
      <xscale>1.36</xscale>
      <yscale>1.36</yscale>
      <rotation>0</rotation>
      <color r="ccSkinColor" oc="0x0">15784388</color>
    </char>
    <prop id="PROP205" index="1">
      <file>politics2.beer_prop04.swf</file>
      <x>308.3</x>
      <y>271.4</y>
      <xscale>1</xscale>
      <yscale>1</yscale>
      <face>1</face>
      <rotation>0</rotation>
    </prop>
    <prop id="PROP208" index="4">
      <file>politics2.bar_prop02.swf</file>
      <x>448</x>
      <y>280</y>
      <xscale>1</xscale>
      <yscale>1</yscale>
      <face>1</face>
      <rotation>0</rotation>
    </prop>
    <prop id="PROP209" index="5">
      <file>politics2.beer_prop03.swf</file>
      <x>367.3</x>
      <y>287.4</y>
      <xscale>1</xscale>
      <yscale>1</yscale>
      <face>1</face>
      <rotation>0</rotation>
    </prop>
    <prop id="PROP210" index="6">
      <file>common.msp_sharkpuppet.msp_sharkpuppet_ncc_04shark_still.swf</file>
      <x>269</x>
      <y>273.9</y>
      <xscale>1</xscale>
      <yscale>1</yscale>
      <face>1</face>
      <rotation>0</rotation>
    </prop>
    <effectAsset id="EFFECT63" themecode="common" index="7">
      <effect x="0" y="0" w="550" h="310" rotate="0" id="cut" type="ZOOM" isCut="true" isPan="false"/>
      <x>47</x>
      <y>24</y>
      <width>550</width>
      <height>354</height>
      <speech>0</speech>
    </effectAsset>
  </scene>
  <scene id="SCENE36" adelay="33" lock="Y" index="8" color="16777215" guid="65DAA80E-8BB3-1773-6185-BF4BDFD5788F">
    <bg id="cbg_bar03_BG15" index="0">
      <file>politics2.bar03_bg.swf</file>
    </bg>
    <char id="AVATOR160" index="1" raceCode="2">
      <action face="-1" motionface="1">politics2.joe_biden02.stand_move_side.swf</action>
      <head id="PROP179" raceCode="2">
        <file>politics2.joe_biden02.head.head_happy_side.swf</file>
      </head>
      <x>412</x>
      <y>187</y>
      <xscale>1.36</xscale>
      <yscale>1.36</yscale>
      <rotation>0</rotation>
      <color r="ccSkinColor" oc="0x0">15784388</color>
    </char>
    <char id="AVATOR273" index="3" raceCode="2">
      <action face="-1" motionface="1">politics2.mitt_ronmey02.talk_happy_front.swf</action>
      <x>94.5</x>
      <y>220</y>
      <xscale>1.1</xscale>
      <yscale>1.1</yscale>
      <rotation>0</rotation>
      <dcsn>13827</dcsn>
      <color r="ccSkinColor" oc="0x0">14862253</color>
    </char>
    <char id="AVATOR274" index="4" raceCode="2">
      <action face="-1" motionface="1">politics2.rick_perry02.talk_happy_front.swf</action>
      <x>182.5</x>
      <y>220</y>
      <xscale>1.12</xscale>
      <yscale>1.12</yscale>
      <rotation>0</rotation>
      <dcsn>14178</dcsn>
      <color r="ccSkinColor" oc="0x0">15390660</color>
    </char>
    <char id="AVATOR275" index="5" raceCode="2">
      <action face="-1" motionface="1">politics2.herman_cain02.talk_happy_front.swf</action>
      <x>270</x>
      <y>212</y>
      <xscale>1.1</xscale>
      <yscale>1.1</yscale>
      <rotation>0</rotation>
      <dcsn>14529</dcsn>
      <color r="ccSkinColor" oc="0x0">8742222</color>
    </char>
    <prop id="PROP41" index="2">
      <file>politics2.bar_prop02.swf</file>
      <x>744</x>
      <y>297</y>
      <xscale>1</xscale>
      <yscale>1</yscale>
      <face>1</face>
      <rotation>0</rotation>
    </prop>
    <effectAsset id="EFFECT65" themecode="common" index="6">
      <effect x="0" y="0" w="550" h="310" rotate="0" id="cut" type="ZOOM" isCut="true" isPan="false"/>
      <x>47</x>
      <y>24</y>
      <width>550</width>
      <height>354</height>
      <speech>0</speech>
    </effectAsset>
  </scene>
  <scene id="SCENE37" adelay="15" lock="Y" index="9" color="16777215" guid="93ACF6BB-49E4-88B1-7B38-3573BB66BFD2">
    <bg id="cbg_bar03_BG15" index="0">
      <file>politics2.bar03_bg.swf</file>
    </bg>
    <char id="AVATOR69" index="2" raceCode="2">
      <action face="1" motionface="1">politics2.bar_tender02.stand_move_side.swf</action>
      <head id="PROP180" raceCode="2">
        <file>politics2.bar_tender02.head.head_talk_side.swf</file>
      </head>
      <x>421.5</x>
      <y>173</y>
      <xscale>1.32</xscale>
      <yscale>1.32</yscale>
      <rotation>0</rotation>
      <color r="ccSkinColor" oc="0x0">15390660</color>
    </char>
    <char id="AVATOR160" index="3" raceCode="2">
      <action face="-1" motionface="1">politics2.joe_biden02.stand_move_side.swf</action>
      <head id="PROP181" raceCode="2">
        <file>politics2.joe_biden02.head.head_talk_side.swf</file>
      </head>
      <x>120</x>
      <y>179</y>
      <xscale>1.36</xscale>
      <yscale>1.36</yscale>
      <rotation>0</rotation>
      <color r="ccSkinColor" oc="0x0">15784388</color>
    </char>
    <prop id="PROP191" index="1">
      <file>politics2.beer_prop04.swf</file>
      <x>308.3</x>
      <y>271.4</y>
      <xscale>1</xscale>
      <yscale>1</yscale>
      <face>1</face>
      <rotation>0</rotation>
    </prop>
    <prop id="PROP194" index="4">
      <file>politics2.bar_prop02.swf</file>
      <x>448</x>
      <y>280</y>
      <xscale>1</xscale>
      <yscale>1</yscale>
      <face>1</face>
      <rotation>0</rotation>
    </prop>
    <prop id="PROP195" index="5">
      <file>politics2.beer_prop03.swf</file>
      <x>367.3</x>
      <y>287.4</y>
      <xscale>1</xscale>
      <yscale>1</yscale>
      <face>1</face>
      <rotation>0</rotation>
    </prop>
    <prop id="PROP196" index="6">
      <file>common.msp_sharkpuppet.msp_sharkpuppet_ncc_04shark_still.swf</file>
      <x>269</x>
      <y>273.9</y>
      <xscale>1</xscale>
      <yscale>1</yscale>
      <face>1</face>
      <rotation>0</rotation>
    </prop>
    <effectAsset id="EFFECT0" themecode="common" index="7">
      <effect x="0" y="0" w="275" h="155" rotate="0" id="cut" type="ZOOM" isCut="true" isPan="false"/>
      <x>277</x>
      <y>60.2</y>
      <width>275</width>
      <height>177</height>
      <speech>0</speech>
    </effectAsset>
  </scene>
  <scene id="SCENE38" adelay="60" lock="Y" index="10" color="16777215" guid="DA514201-DA5A-61A7-CEBF-D99F348898B1">
    <bg id="cbg_bar03_BG15" index="0">
      <file>politics2.bar03_bg.swf</file>
    </bg>
    <char id="AVATOR69" index="2" raceCode="2">
      <action face="1" motionface="1">politics2.bar_tender02.stand_move_side.swf</action>
      <head id="PROP183" raceCode="2">
        <file>politics2.bar_tender02.head.head_talk_side.swf</file>
      </head>
      <x>449.5</x>
      <y>173</y>
      <xscale>1.32</xscale>
      <yscale>1.32</yscale>
      <rotation>0</rotation>
      <color r="ccSkinColor" oc="0x0">15390660</color>
    </char>
    <char id="AVATOR160" index="3" raceCode="2">
      <action face="-1" motionface="1">politics2.joe_biden02.stand_move_side.swf</action>
      <head id="PROP184" raceCode="2">
        <file>politics2.joe_biden02.head.head_talk_side.swf</file>
      </head>
      <x>120</x>
      <y>179</y>
      <xscale>1.36</xscale>
      <yscale>1.36</yscale>
      <rotation>0</rotation>
      <color r="ccSkinColor" oc="0x0">15784388</color>
    </char>
    <prop id="PROP191" index="1">
      <file>politics2.beer_prop04.swf</file>
      <x>308.3</x>
      <y>271.4</y>
      <xscale>1</xscale>
      <yscale>1</yscale>
      <face>1</face>
      <rotation>0</rotation>
    </prop>
    <prop id="PROP194" index="4">
      <file>politics2.bar_prop02.swf</file>
      <x>448</x>
      <y>280</y>
      <xscale>1</xscale>
      <yscale>1</yscale>
      <face>1</face>
      <rotation>0</rotation>
    </prop>
    <prop id="PROP195" index="5">
      <file>politics2.beer_prop03.swf</file>
      <x>367.3</x>
      <y>287.4</y>
      <xscale>1</xscale>
      <yscale>1</yscale>
      <face>1</face>
      <rotation>0</rotation>
    </prop>
    <prop id="PROP196" index="6">
      <file>common.msp_sharkpuppet.msp_sharkpuppet_ncc_04shark_still.swf</file>
      <x>269</x>
      <y>273.9</y>
      <xscale>1</xscale>
      <yscale>1</yscale>
      <face>1</face>
      <rotation>0</rotation>
    </prop>
    <effectAsset id="EFFECT0" themecode="common" index="7">
      <effect x="0" y="0" w="347.4" h="195.8072727" rotate="0" id="cut" type="ZOOM" isCut="true" isPan="false"/>
      <x>54</x>
      <y>82.9003636</y>
      <width>347.4</width>
      <height>223.5992727</height>
      <speech>0</speech>
    </effectAsset>
  </scene>
  <scene id="SCENE39" adelay="18" lock="Y" index="11" color="16777215" guid="E700D0E3-5437-C63D-2961-F08A8467B7C9">
    <bg id="cbg_bar03_BG15" index="0">
      <file>politics2.bar03_bg.swf</file>
    </bg>
    <char id="AVATOR273" index="2" raceCode="2">
      <action face="-1" motionface="1">politics2.mitt_ronmey02.talk_happy_front.swf</action>
      <x>118.5</x>
      <y>216</y>
      <xscale>1.1</xscale>
      <yscale>1.1</yscale>
      <rotation>0</rotation>
      <dcsn>13827</dcsn>
      <color r="ccSkinColor" oc="0x0">14862253</color>
    </char>
    <char id="AVATOR274" index="3" raceCode="2">
      <action face="-1" motionface="1">politics2.rick_perry02.talk_happy_front.swf</action>
      <x>217.5</x>
      <y>215</y>
      <xscale>1.12</xscale>
      <yscale>1.12</yscale>
      <rotation>0</rotation>
      <dcsn>14178</dcsn>
      <color r="ccSkinColor" oc="0x0">15390660</color>
    </char>
    <char id="AVATOR275" index="4" raceCode="2">
      <action face="-1" motionface="1">politics2.herman_cain02.talk_happy_front.swf</action>
      <x>317</x>
      <y>212</y>
      <xscale>1.1</xscale>
      <yscale>1.1</yscale>
      <rotation>0</rotation>
      <dcsn>14529</dcsn>
      <color r="ccSkinColor" oc="0x0">8742222</color>
    </char>
    <prop id="PROP212" index="1">
      <file>politics2.bar_prop02.swf</file>
      <x>750</x>
      <y>276</y>
      <xscale>1</xscale>
      <yscale>1</yscale>
      <face>1</face>
      <rotation>0</rotation>
    </prop>
    <effectAsset id="EFFECT0" themecode="common" index="5">
      <effect x="0" y="0" w="361.3" h="203.6418182" rotate="0" id="cut" type="ZOOM" isCut="true" isPan="false"/>
      <x>47</x>
      <y>101.4770909</y>
      <width>361.3</width>
      <height>232.5458182</height>
      <speech>0</speech>
    </effectAsset>
  </scene>
  <scene id="SCENE40" adelay="24" lock="Y" index="12" color="16777215" guid="105C2556-19B9-A605-51D6-F1AB8D7678F3">
    <bg id="cbg_bar03_BG15" index="0">
      <file>politics2.bar03_bg.swf</file>
    </bg>
    <char id="AVATOR69" index="2" raceCode="2">
      <action face="1" motionface="1">politics2.bar_tender02.stand_move_side.swf</action>
      <head id="PROP185" raceCode="2">
        <file>politics2.bar_tender02.head.head_talk_side.swf</file>
      </head>
      <x>449.5</x>
      <y>173</y>
      <xscale>1.32</xscale>
      <yscale>1.32</yscale>
      <rotation>0</rotation>
      <color r="ccSkinColor" oc="0x0">15390660</color>
    </char>
    <char id="AVATOR160" index="3" raceCode="2">
      <action face="-1" motionface="1">politics2.joe_biden02.talk_happy_front.swf</action>
      <head id="PROP186" raceCode="2">
        <file>politics2.joe_biden02.head.head_talk_front.swf</file>
      </head>
      <x>119</x>
      <y>179</y>
      <xscale>1.36</xscale>
      <yscale>1.36</yscale>
      <rotation>0</rotation>
      <color r="ccSkinColor" oc="0x0">15784388</color>
    </char>
    <prop id="PROP213" index="1">
      <file>politics2.beer_prop04.swf</file>
      <x>308.3</x>
      <y>271.4</y>
      <xscale>1</xscale>
      <yscale>1</yscale>
      <face>1</face>
      <rotation>0</rotation>
    </prop>
    <prop id="PROP216" index="4">
      <file>politics2.bar_prop02.swf</file>
      <x>448</x>
      <y>280</y>
      <xscale>1</xscale>
      <yscale>1</yscale>
      <face>1</face>
      <rotation>0</rotation>
    </prop>
    <prop id="PROP217" index="5">
      <file>politics2.beer_prop03.swf</file>
      <x>367.3</x>
      <y>287.4</y>
      <xscale>1</xscale>
      <yscale>1</yscale>
      <face>1</face>
      <rotation>0</rotation>
    </prop>
    <prop id="PROP218" index="6">
      <file>common.msp_sharkpuppet.msp_sharkpuppet_ncc_04shark_still.swf</file>
      <x>269</x>
      <y>273.9</y>
      <xscale>1</xscale>
      <yscale>1</yscale>
      <face>1</face>
      <rotation>0</rotation>
    </prop>
    <effectAsset id="EFFECT0" themecode="common" index="7">
      <effect x="0" y="0" w="240.1" h="135.3290909" rotate="0" id="cut" type="ZOOM" isCut="true" isPan="false"/>
      <x>47</x>
      <y>70.3814545</y>
      <width>240.1</width>
      <height>154.5370909</height>
      <speech>0</speech>
    </effectAsset>
  </scene>
  <scene id="SCENE41" adelay="27" lock="Y" index="13" color="16777215" guid="45EBAF40-78A2-6668-C1AA-A5362D5FC5C7" combgId="politics2.cbg_bar04">
    <bg id="cbg_bar04_BG24" index="0">
      <file>politics2.bar04_bg.swf</file>
    </bg>
    <char id="AVATOR352" index="4" raceCode="2">
      <action face="1" motionface="1">politics2.michele_bachman02.talk_happy_front.swf</action>
      <head id="PROP187" raceCode="2">
        <file>politics2.michele_bachman02.head.head_talk_front.swf</file>
      </head>
      <x>441.8</x>
      <y>182.1</y>
      <xscale>1.19</xscale>
      <yscale>1.19</yscale>
      <rotation>0</rotation>
      <dcsn>13905</dcsn>
      <color r="ccSkinColor" oc="0x0">15390660</color>
    </char>
    <prop id="PROP226" index="1" attached="Y">
      <file>politics2.bar_prop03.swf</file>
      <x>322</x>
      <y>27</y>
      <xscale>1</xscale>
      <yscale>1</yscale>
      <face>1</face>
      <rotation>0</rotation>
    </prop>
    <prop id="PROP225" index="2" attached="Y">
      <file>politics2.beer_prop04.swf</file>
      <x>81.3</x>
      <y>293.4</y>
      <xscale>1.09</xscale>
      <yscale>1.09</yscale>
      <face>1</face>
      <rotation>0</rotation>
    </prop>
    <prop id="PROP213" index="3" attached="Y">
      <file>politics2.beer_prop04.swf</file>
      <x>308.3</x>
      <y>271.4</y>
      <xscale>1</xscale>
      <yscale>1</yscale>
      <face>1</face>
      <rotation>0</rotation>
    </prop>
    <prop id="PROP216" index="5" attached="Y">
      <file>politics2.bar_prop02.swf</file>
      <x>448</x>
      <y>280</y>
      <xscale>1</xscale>
      <yscale>1</yscale>
      <face>1</face>
      <rotation>0</rotation>
    </prop>
    <effectAsset id="EFFECT0" themecode="common" index="6">
      <effect x="0" y="0" w="342.9" h="193.2709091" rotate="0" id="cut" type="ZOOM" isCut="true" isPan="false"/>
      <x>253.6</x>
      <y>78.9985455</y>
      <width>342.9</width>
      <height>220.7029091</height>
      <speech>0</speech>
    </effectAsset>
  </scene>
  <scene id="SCENE42" adelay="24" lock="Y" index="14" color="16777215" guid="57961212-1B31-D09D-C81A-919E81A9ECB6">
    <bg id="cbg_bar03_BG15" index="0">
      <file>politics2.bar03_bg.swf</file>
    </bg>
    <char id="AVATOR273" index="2" raceCode="2">
      <action face="-1" motionface="1">politics2.mitt_ronmey02.talk_happy_front.swf</action>
      <x>117.5</x>
      <y>217</y>
      <xscale>1.1</xscale>
      <yscale>1.1</yscale>
      <rotation>0</rotation>
      <dcsn>13827</dcsn>
      <color r="ccSkinColor" oc="0x0">14862253</color>
    </char>
    <char id="AVATOR274" index="3" raceCode="2">
      <action face="-1" motionface="1">politics2.rick_perry02.talk_happy_front.swf</action>
      <x>217.5</x>
      <y>215</y>
      <xscale>1.12</xscale>
      <yscale>1.12</yscale>
      <rotation>0</rotation>
      <dcsn>14178</dcsn>
      <color r="ccSkinColor" oc="0x0">15390660</color>
    </char>
    <char id="AVATOR275" index="4" raceCode="2">
      <action face="-1" motionface="1">politics2.herman_cain02.talk_happy_front.swf</action>
      <x>317</x>
      <y>212</y>
      <xscale>1.1</xscale>
      <yscale>1.1</yscale>
      <rotation>0</rotation>
      <dcsn>14529</dcsn>
      <color r="ccSkinColor" oc="0x0">8742222</color>
    </char>
    <prop id="PROP237" index="1">
      <file>politics2.bar_prop02.swf</file>
      <x>750</x>
      <y>276</y>
      <xscale>1</xscale>
      <yscale>1</yscale>
      <face>1</face>
      <rotation>0</rotation>
    </prop>
    <effectAsset id="EFFECT0" themecode="common" index="5">
      <effect x="0" y="0" w="361.2" h="203.5854545" rotate="0" id="cut" type="ZOOM" isCut="true" isPan="false"/>
      <x>47</x>
      <y>101.5092727</y>
      <width>361.2</width>
      <height>232.4814545</height>
      <speech>0</speech>
    </effectAsset>
  </scene>
  <scene id="SCENE43" adelay="18" lock="Y" index="15" color="16777215" guid="FEC882A1-B832-DB8F-486F-74333F56EAE5" combgId="politics2.cbg_bar04">
    <bg id="cbg_bar04_BG24" index="0">
      <file>politics2.bar04_bg.swf</file>
    </bg>
    <char id="AVATOR390" index="1" raceCode="2">
      <action face="-1" motionface="1">politics2.paul_ryan02.talk_angry_front.swf</action>
      <head id="PROP188" raceCode="2">
        <file>politics2.paul_ryan02.head.head_talk_front.swf</file>
      </head>
      <x>217.8</x>
      <y>194.1</y>
      <xscale>1.19</xscale>
      <yscale>1.19</yscale>
      <rotation>0</rotation>
      <dcsn>14256</dcsn>
      <color r="ccSkinColor" oc="0x0">15985376</color>
    </char>
    <char id="AVATOR389" index="2" raceCode="2">
      <action face="1" motionface="1">politics2.john_boehner02.talk_angry_front.swf</action>
      <head id="PROP189" raceCode="2">
        <file>politics2.john_boehner02.head.head_angry_front.swf</file>
      </head>
      <x>332.5</x>
      <y>207</y>
      <xscale>1.09</xscale>
      <yscale>1.09</yscale>
      <rotation>0</rotation>
      <dcsn>14295</dcsn>
      <color r="ccSkinColor" oc="0x0">14656100</color>
    </char>
    <prop id="PROP250" index="3" attached="Y">
      <file>politics2.bar_prop02.swf</file>
      <x>227</x>
      <y>294</y>
      <xscale>1</xscale>
      <yscale>1</yscale>
      <face>1</face>
      <rotation>0</rotation>
    </prop>
    <prop id="PROP249" index="4" attached="Y">
      <file>politics2.bar_prop03.swf</file>
      <x>322</x>
      <y>27</y>
      <xscale>1</xscale>
      <yscale>1</yscale>
      <face>1</face>
      <rotation>0</rotation>
    </prop>
    <prop id="PROP248" index="5" attached="Y">
      <file>politics2.beer_prop04.swf</file>
      <x>81.3</x>
      <y>293.4</y>
      <xscale>1.09</xscale>
      <yscale>1.09</yscale>
      <face>1</face>
      <rotation>0</rotation>
    </prop>
    <effectAsset id="EFFECT73" themecode="common" index="6">
      <effect x="0" y="0" w="550" h="310" rotate="0" id="cut" type="ZOOM" isCut="true" isPan="false"/>
      <x>47</x>
      <y>24</y>
      <width>550</width>
      <height>354</height>
      <speech>0</speech>
    </effectAsset>
  </scene>
  <scene id="SCENE44" adelay="18" lock="Y" index="16" color="16777215" guid="38972885-C6AD-C95C-75CA-AC632C5EC926">
    <bg id="cbg_bar04_BG24" index="0">
      <file>politics2.bar04_bg.swf</file>
    </bg>
    <char id="AVATOR390" index="1" raceCode="2">
      <action face="-1" motionface="1">politics2.paul_ryan02.talk_angry_front.swf</action>
      <head id="PROP190" raceCode="2">
        <file>politics2.paul_ryan02.head.head_angry_front.swf</file>
      </head>
      <x>217.8</x>
      <y>194.1</y>
      <xscale>1.19</xscale>
      <yscale>1.19</yscale>
      <rotation>0</rotation>
      <color r="ccSkinColor" oc="0x0">15985376</color>
    </char>
    <char id="AVATOR389" index="2" raceCode="2">
      <action face="1" motionface="1">politics2.john_boehner02.talk_angry_front.swf</action>
      <head id="PROP192" raceCode="2">
        <file>politics2.john_boehner02.head.head_talk_front.swf</file>
      </head>
      <x>332.5</x>
      <y>207</y>
      <xscale>1.09</xscale>
      <yscale>1.09</yscale>
      <rotation>0</rotation>
      <color r="ccSkinColor" oc="0x0">14656100</color>
    </char>
    <prop id="PROP250" index="3">
      <file>politics2.bar_prop02.swf</file>
      <x>227</x>
      <y>294</y>
      <xscale>1</xscale>
      <yscale>1</yscale>
      <face>1</face>
      <rotation>0</rotation>
    </prop>
    <prop id="PROP249" index="4">
      <file>politics2.bar_prop03.swf</file>
      <x>322</x>
      <y>27</y>
      <xscale>1</xscale>
      <yscale>1</yscale>
      <face>1</face>
      <rotation>0</rotation>
    </prop>
    <prop id="PROP248" index="5">
      <file>politics2.beer_prop04.swf</file>
      <x>81.3</x>
      <y>293.4</y>
      <xscale>1.09</xscale>
      <yscale>1.09</yscale>
      <face>1</face>
      <rotation>0</rotation>
    </prop>
    <effectAsset id="EFFECT75" themecode="common" index="6">
      <effect x="0" y="0" w="550" h="310" rotate="0" id="cut" type="ZOOM" isCut="true" isPan="false"/>
      <x>47</x>
      <y>24</y>
      <width>550</width>
      <height>354</height>
      <speech>0</speech>
    </effectAsset>
  </scene>
  <scene id="SCENE45" adelay="18" lock="Y" index="17" color="16777215" guid="3BC105D1-C128-8680-0D4E-FBC3162E1ECF" combgId="politics2.cbg_bar04">
    <bg id="cbg_bar04_BG24" index="0">
      <file>politics2.bar04_bg.swf</file>
    </bg>
    <char id="AVATOR352" index="4" raceCode="2">
      <action face="1" motionface="1">politics2.michele_bachman02.happy_side.swf</action>
      <head id="PROP197" raceCode="2">
        <file>politics2.michele_bachman02.head.head_drunk_side.swf</file>
      </head>
      <x>441.8</x>
      <y>182.1</y>
      <xscale>1.19</xscale>
      <yscale>1.19</yscale>
      <rotation>0</rotation>
      <dcsn>13905</dcsn>
      <color r="ccSkinColor" oc="0x0">15390660</color>
    </char>
    <prop id="PROP270" index="1" attached="Y">
      <file>politics2.bar_prop03.swf</file>
      <x>322</x>
      <y>27</y>
      <xscale>1</xscale>
      <yscale>1</yscale>
      <face>1</face>
      <rotation>0</rotation>
    </prop>
    <prop id="PROP271" index="2" attached="Y">
      <file>politics2.beer_prop04.swf</file>
      <x>81.3</x>
      <y>293.4</y>
      <xscale>1.09</xscale>
      <yscale>1.09</yscale>
      <face>1</face>
      <rotation>0</rotation>
    </prop>
    <prop id="PROP272" index="3" attached="Y">
      <file>politics2.beer_prop04.swf</file>
      <x>308.3</x>
      <y>271.4</y>
      <xscale>1</xscale>
      <yscale>1</yscale>
      <face>1</face>
      <rotation>0</rotation>
    </prop>
    <prop id="PROP274" index="5" attached="Y">
      <file>politics2.bar_prop02.swf</file>
      <x>448</x>
      <y>280</y>
      <xscale>1</xscale>
      <yscale>1</yscale>
      <face>1</face>
      <rotation>0</rotation>
    </prop>
    <effectAsset id="EFFECT0" themecode="common" index="6">
      <effect x="0" y="0" w="274.9" h="154.9436364" rotate="0" id="cut" type="ZOOM" isCut="true" isPan="false"/>
      <x>299.6</x>
      <y>93.9321818</y>
      <width>274.9</width>
      <height>176.9356364</height>
      <speech>0</speech>
    </effectAsset>
  </scene>
  <scene id="SCENE46" adelay="18" lock="Y" index="18" color="16777215" guid="EA4D6F14-BFE6-3FCA-2F5C-3BDFA0DBB4EE">
    <bg id="cbg_bar04_BG24" index="0">
      <file>politics2.bar04_bg.swf</file>
    </bg>
    <char id="AVATOR439" index="4" raceCode="2">
      <action face="1" motionface="1">politics2.ron_paul02.stand_side.swf</action>
      <head id="PROP199" raceCode="2">
        <file>politics2.ron_paul02.head.head_sad_front.swf</file>
      </head>
      <x>263.8</x>
      <y>165.9</y>
      <xscale>1</xscale>
      <yscale>1</yscale>
      <rotation>0</rotation>
      <dcsn>14061</dcsn>
      <color r="ccSkinColor" oc="0x0">14403756</color>
    </char>
    <char id="AVATOR440" index="5" raceCode="2">
      <action face="1" motionface="1">politics2.newt_gingrich02.stand_side.swf</action>
      <head id="PROP202" raceCode="2">
        <file>politics2.newt_gingrich02.head.head_sad_front.swf</file>
      </head>
      <x>381.8</x>
      <y>170.8</y>
      <xscale>1</xscale>
      <yscale>1</yscale>
      <rotation>0</rotation>
      <dcsn>14139</dcsn>
      <color r="ccSkinColor" oc="0x0">15784385</color>
    </char>
    <char id="AVATOR441" index="6" raceCode="2">
      <action face="1" motionface="1">politics2.jon_huntsman02.stand_side.swf</action>
      <head id="PROP203" raceCode="2">
        <file>politics2.jon_huntsman02.head.head_cry_front.swf</file>
      </head>
      <x>155</x>
      <y>169</y>
      <xscale>1</xscale>
      <yscale>1</yscale>
      <rotation>0</rotation>
      <dcsn>13944</dcsn>
      <color r="ccSkinColor" oc="0x0">15390660</color>
    </char>
    <prop id="PROP286" index="1">
      <file>politics2.bar_prop02.swf</file>
      <x>227</x>
      <y>294</y>
      <xscale>1</xscale>
      <yscale>1</yscale>
      <face>1</face>
      <rotation>0</rotation>
    </prop>
    <prop id="PROP287" index="2">
      <file>politics2.bar_prop03.swf</file>
      <x>322</x>
      <y>27</y>
      <xscale>1</xscale>
      <yscale>1</yscale>
      <face>1</face>
      <rotation>0</rotation>
    </prop>
    <prop id="PROP288" index="3">
      <file>politics2.beer_prop04.swf</file>
      <x>81.3</x>
      <y>293.4</y>
      <xscale>1.09</xscale>
      <yscale>1.09</yscale>
      <face>1</face>
      <rotation>0</rotation>
    </prop>
    <effectAsset id="EFFECT78" themecode="common" index="7">
      <effect x="0" y="0" w="550" h="310" rotate="0" id="cut" type="ZOOM" isCut="true" isPan="false"/>
      <x>47</x>
      <y>24</y>
      <width>550</width>
      <height>354</height>
      <speech>0</speech>
    </effectAsset>
  </scene>
  <scene id="SCENE47" adelay="12" lock="Y" index="19" color="16777215" guid="53D35C06-5CEC-E75D-652E-830060A37DEA">
    <bg id="cbg_bar04_BG24" index="0">
      <file>politics2.bar04_bg.swf</file>
    </bg>
    <char id="AVATOR439" index="4" raceCode="2">
      <action face="1" motionface="1">politics2.ron_paul02.stand_side.swf</action>
      <head id="PROP204" raceCode="2">
        <file>politics2.ron_paul02.head.head_cry_front.swf</file>
      </head>
      <x>263.8</x>
      <y>165.9</y>
      <xscale>1</xscale>
      <yscale>1</yscale>
      <rotation>0</rotation>
      <color r="ccSkinColor" oc="0x0">14403756</color>
    </char>
    <char id="AVATOR440" index="5" raceCode="2">
      <action face="1" motionface="1">politics2.newt_gingrich02.stand_side.swf</action>
      <head id="PROP211" raceCode="2">
        <file>politics2.newt_gingrich02.head.head_sad_front.swf</file>
      </head>
      <x>381.8</x>
      <y>171.8</y>
      <xscale>1</xscale>
      <yscale>1</yscale>
      <rotation>0</rotation>
      <color r="ccSkinColor" oc="0x0">15784385</color>
    </char>
    <char id="AVATOR441" index="6" raceCode="2">
      <action face="1" motionface="1">politics2.jon_huntsman02.stand_side.swf</action>
      <head id="PROP215" raceCode="2">
        <file>politics2.jon_huntsman02.head.head_sad_front.swf</file>
      </head>
      <x>155</x>
      <y>169</y>
      <xscale>1</xscale>
      <yscale>1</yscale>
      <rotation>0</rotation>
      <color r="ccSkinColor" oc="0x0">15390660</color>
    </char>
    <prop id="PROP286" index="1">
      <file>politics2.bar_prop02.swf</file>
      <x>227</x>
      <y>294</y>
      <xscale>1</xscale>
      <yscale>1</yscale>
      <face>1</face>
      <rotation>0</rotation>
    </prop>
    <prop id="PROP287" index="2">
      <file>politics2.bar_prop03.swf</file>
      <x>322</x>
      <y>27</y>
      <xscale>1</xscale>
      <yscale>1</yscale>
      <face>1</face>
      <rotation>0</rotation>
    </prop>
    <prop id="PROP288" index="3">
      <file>politics2.beer_prop04.swf</file>
      <x>81.3</x>
      <y>293.4</y>
      <xscale>1.09</xscale>
      <yscale>1.09</yscale>
      <face>1</face>
      <rotation>0</rotation>
    </prop>
    <effectAsset id="EFFECT80" themecode="common" index="7">
      <effect x="0" y="0" w="550" h="310" rotate="0" id="cut" type="ZOOM" isCut="true" isPan="false"/>
      <x>47</x>
      <y>24</y>
      <width>550</width>
      <height>354</height>
      <speech>0</speech>
    </effectAsset>
  </scene>
  <scene id="SCENE48" adelay="12" lock="Y" index="20" color="16777215" guid="A0AB7F2E-F792-120B-BB5E-2A0C1286D73F">
    <bg id="cbg_bar04_BG24" index="0">
      <file>politics2.bar04_bg.swf</file>
    </bg>
    <char id="AVATOR439" index="4" raceCode="2">
      <action face="1" motionface="1">politics2.ron_paul02.stand_side.swf</action>
      <head id="PROP219" raceCode="2">
        <file>politics2.ron_paul02.head.head_sad_front.swf</file>
      </head>
      <x>263.8</x>
      <y>165.9</y>
      <xscale>1</xscale>
      <yscale>1</yscale>
      <rotation>0</rotation>
      <color r="ccSkinColor" oc="0x0">14403756</color>
    </char>
    <char id="AVATOR440" index="5" raceCode="2">
      <action face="1" motionface="1">politics2.newt_gingrich02.stand_side.swf</action>
      <head id="PROP220" raceCode="2">
        <file>politics2.newt_gingrich02.head.head_cry_front.swf</file>
      </head>
      <x>381.8</x>
      <y>171.8</y>
      <xscale>1</xscale>
      <yscale>1</yscale>
      <rotation>0</rotation>
      <color r="ccSkinColor" oc="0x0">15784385</color>
    </char>
    <char id="AVATOR441" index="6" raceCode="2">
      <action face="1" motionface="1">politics2.jon_huntsman02.stand_side.swf</action>
      <head id="PROP221" raceCode="2">
        <file>politics2.jon_huntsman02.head.head_sad_front.swf</file>
      </head>
      <x>155</x>
      <y>169</y>
      <xscale>1</xscale>
      <yscale>1</yscale>
      <rotation>0</rotation>
      <color r="ccSkinColor" oc="0x0">15390660</color>
    </char>
    <prop id="PROP286" index="1">
      <file>politics2.bar_prop02.swf</file>
      <x>227</x>
      <y>294</y>
      <xscale>1</xscale>
      <yscale>1</yscale>
      <face>1</face>
      <rotation>0</rotation>
    </prop>
    <prop id="PROP287" index="2">
      <file>politics2.bar_prop03.swf</file>
      <x>322</x>
      <y>27</y>
      <xscale>1</xscale>
      <yscale>1</yscale>
      <face>1</face>
      <rotation>0</rotation>
    </prop>
    <prop id="PROP288" index="3">
      <file>politics2.beer_prop04.swf</file>
      <x>81.3</x>
      <y>293.4</y>
      <xscale>1.09</xscale>
      <yscale>1.09</yscale>
      <face>1</face>
      <rotation>0</rotation>
    </prop>
    <effectAsset id="EFFECT82" themecode="common" index="7">
      <effect x="0" y="0" w="550" h="310" rotate="0" id="cut" type="ZOOM" isCut="true" isPan="false"/>
      <x>47</x>
      <y>24</y>
      <width>550</width>
      <height>354</height>
      <speech>0</speech>
    </effectAsset>
  </scene>
  <scene id="SCENE49" adelay="12" lock="Y" index="21" color="16777215" guid="C94D6DC3-52B2-9720-3E29-22F0D6F12DD7">
    <bg id="cbg_bar04_BG24" index="0">
      <file>politics2.bar04_bg.swf</file>
    </bg>
    <char id="AVATOR439" index="4" raceCode="2">
      <action face="1" motionface="1">politics2.ron_paul02.stand_side.swf</action>
      <head id="PROP222" raceCode="2">
        <file>politics2.ron_paul02.head.head_sad_front.swf</file>
      </head>
      <x>263.8</x>
      <y>165.9</y>
      <xscale>1</xscale>
      <yscale>1</yscale>
      <rotation>0</rotation>
      <color r="ccSkinColor" oc="0x0">14403756</color>
    </char>
    <char id="AVATOR440" index="5" raceCode="2">
      <action face="1" motionface="1">politics2.newt_gingrich02.stand_side.swf</action>
      <head id="PROP223" raceCode="2">
        <file>politics2.newt_gingrich02.head.head_sad_front.swf</file>
      </head>
      <x>381.8</x>
      <y>171.8</y>
      <xscale>1</xscale>
      <yscale>1</yscale>
      <rotation>0</rotation>
      <color r="ccSkinColor" oc="0x0">15784385</color>
    </char>
    <char id="AVATOR441" index="6" raceCode="2">
      <action face="1" motionface="1">politics2.jon_huntsman02.stand_side.swf</action>
      <head id="PROP224" raceCode="2">
        <file>politics2.jon_huntsman02.head.head_cry_front.swf</file>
      </head>
      <x>155</x>
      <y>169</y>
      <xscale>1</xscale>
      <yscale>1</yscale>
      <rotation>0</rotation>
      <color r="ccSkinColor" oc="0x0">15390660</color>
    </char>
    <prop id="PROP286" index="1">
      <file>politics2.bar_prop02.swf</file>
      <x>227</x>
      <y>294</y>
      <xscale>1</xscale>
      <yscale>1</yscale>
      <face>1</face>
      <rotation>0</rotation>
    </prop>
    <prop id="PROP287" index="2">
      <file>politics2.bar_prop03.swf</file>
      <x>322</x>
      <y>27</y>
      <xscale>1</xscale>
      <yscale>1</yscale>
      <face>1</face>
      <rotation>0</rotation>
    </prop>
    <prop id="PROP288" index="3">
      <file>politics2.beer_prop04.swf</file>
      <x>81.3</x>
      <y>293.4</y>
      <xscale>1.09</xscale>
      <yscale>1.09</yscale>
      <face>1</face>
      <rotation>0</rotation>
    </prop>
    <effectAsset id="EFFECT84" themecode="common" index="7">
      <effect x="0" y="0" w="550" h="310" rotate="0" id="cut" type="ZOOM" isCut="true" isPan="false"/>
      <x>47</x>
      <y>24</y>
      <width>550</width>
      <height>354</height>
      <speech>0</speech>
    </effectAsset>
  </scene>
  <scene id="SCENE50" adelay="12" lock="Y" index="22" color="16777215" guid="4D9C45C8-03CC-A91B-EB22-ED5B1D55AE2A">
    <bg id="cbg_bar04_BG24" index="0">
      <file>politics2.bar04_bg.swf</file>
    </bg>
    <char id="AVATOR439" index="4" raceCode="2">
      <action face="1" motionface="1">politics2.ron_paul02.stand_side.swf</action>
      <head id="PROP227" raceCode="2">
        <file>politics2.ron_paul02.head.head_sad_front.swf</file>
      </head>
      <x>263.8</x>
      <y>165.9</y>
      <xscale>1</xscale>
      <yscale>1</yscale>
      <rotation>0</rotation>
      <color r="ccSkinColor" oc="0x0">14403756</color>
    </char>
    <char id="AVATOR440" index="5" raceCode="2">
      <action face="1" motionface="1">politics2.newt_gingrich02.stand_side.swf</action>
      <head id="PROP228" raceCode="2">
        <file>politics2.newt_gingrich02.head.head_cry_front.swf</file>
      </head>
      <x>381.8</x>
      <y>171.8</y>
      <xscale>1</xscale>
      <yscale>1</yscale>
      <rotation>0</rotation>
      <color r="ccSkinColor" oc="0x0">15784385</color>
    </char>
    <char id="AVATOR441" index="6" raceCode="2">
      <action face="1" motionface="1">politics2.jon_huntsman02.stand_side.swf</action>
      <head id="PROP230" raceCode="2">
        <file>politics2.jon_huntsman02.head.head_sad_front.swf</file>
      </head>
      <x>155</x>
      <y>169</y>
      <xscale>1</xscale>
      <yscale>1</yscale>
      <rotation>0</rotation>
      <color r="ccSkinColor" oc="0x0">15390660</color>
    </char>
    <prop id="PROP286" index="1">
      <file>politics2.bar_prop02.swf</file>
      <x>227</x>
      <y>294</y>
      <xscale>1</xscale>
      <yscale>1</yscale>
      <face>1</face>
      <rotation>0</rotation>
    </prop>
    <prop id="PROP287" index="2">
      <file>politics2.bar_prop03.swf</file>
      <x>322</x>
      <y>27</y>
      <xscale>1</xscale>
      <yscale>1</yscale>
      <face>1</face>
      <rotation>0</rotation>
    </prop>
    <prop id="PROP288" index="3">
      <file>politics2.beer_prop04.swf</file>
      <x>81.3</x>
      <y>293.4</y>
      <xscale>1.09</xscale>
      <yscale>1.09</yscale>
      <face>1</face>
      <rotation>0</rotation>
    </prop>
    <effectAsset id="EFFECT86" themecode="common" index="7">
      <effect x="0" y="0" w="550" h="310" rotate="0" id="cut" type="ZOOM" isCut="true" isPan="false"/>
      <x>47</x>
      <y>24</y>
      <width>550</width>
      <height>354</height>
      <speech>0</speech>
    </effectAsset>
  </scene>
  <scene id="SCENE51" adelay="12" lock="Y" index="23" color="16777215" guid="94B5A790-6D72-C2F6-2930-2BD1D53DC80E">
    <bg id="cbg_bar03_BG15" index="0">
      <file>politics2.bar03_bg.swf</file>
    </bg>
    <char id="AVATOR69" index="2" raceCode="2">
      <action face="1" motionface="1">politics2.bar_tender02.stand_move_side.swf</action>
      <head id="PROP231" raceCode="2">
        <file>politics2.bar_tender02.head.head_talk_side.swf</file>
      </head>
      <x>421.5</x>
      <y>173</y>
      <xscale>1.32</xscale>
      <yscale>1.32</yscale>
      <rotation>0</rotation>
      <color r="ccSkinColor" oc="0x0">15390660</color>
    </char>
    <char id="AVATOR160" index="3" raceCode="2">
      <action face="-1" motionface="1">politics2.joe_biden02.stand_move_side.swf</action>
      <head id="PROP232" raceCode="2">
        <file>politics2.joe_biden02.head.head_nod_side.swf</file>
      </head>
      <x>120</x>
      <y>179</y>
      <xscale>1.36</xscale>
      <yscale>1.36</yscale>
      <rotation>0</rotation>
      <color r="ccSkinColor" oc="0x0">15784388</color>
    </char>
    <prop id="PROP347" index="1">
      <file>politics2.beer_prop04.swf</file>
      <x>308.3</x>
      <y>271.4</y>
      <xscale>1</xscale>
      <yscale>1</yscale>
      <face>1</face>
      <rotation>0</rotation>
    </prop>
    <prop id="PROP350" index="4">
      <file>politics2.bar_prop02.swf</file>
      <x>448</x>
      <y>280</y>
      <xscale>1</xscale>
      <yscale>1</yscale>
      <face>1</face>
      <rotation>0</rotation>
    </prop>
    <prop id="PROP351" index="5">
      <file>politics2.beer_prop03.swf</file>
      <x>367.3</x>
      <y>287.4</y>
      <xscale>1</xscale>
      <yscale>1</yscale>
      <face>1</face>
      <rotation>0</rotation>
    </prop>
    <prop id="PROP352" index="6">
      <file>common.msp_sharkpuppet.msp_sharkpuppet_ncc_04shark_still.swf</file>
      <x>269</x>
      <y>273.9</y>
      <xscale>1</xscale>
      <yscale>1</yscale>
      <face>1</face>
      <rotation>0</rotation>
    </prop>
    <effectAsset id="EFFECT88" themecode="common" index="7">
      <effect x="0" y="0" w="550" h="310" rotate="0" id="cut" type="ZOOM" isCut="true" isPan="false"/>
      <x>47</x>
      <y>24</y>
      <width>550</width>
      <height>354</height>
      <speech>0</speech>
    </effectAsset>
  </scene>
  <scene id="SCENE52" adelay="9" lock="Y" index="24" color="16777215" guid="05044689-370A-0B25-7672-6B27D3D5A766">
    <bg id="cbg_bar03_BG15" index="0">
      <file>politics2.bar03_bg.swf</file>
    </bg>
    <char id="AVATOR69" index="2" raceCode="2">
      <action face="1" motionface="1">politics2.bar_tender02.happy_side.swf</action>
      <head id="PROP233" raceCode="2">
        <file>politics2.bar_tender02.head.head_nod_side.swf</file>
      </head>
      <x>421.5</x>
      <y>173</y>
      <xscale>1.32</xscale>
      <yscale>1.32</yscale>
      <rotation>0</rotation>
      <color r="ccSkinColor" oc="0x0">15390660</color>
    </char>
    <char id="AVATOR160" index="3" raceCode="2">
      <action face="-1" motionface="1">politics2.joe_biden02.happy_side.swf</action>
      <head id="PROP234" raceCode="2">
        <file>politics2.joe_biden02.head.head_nod_side.swf</file>
      </head>
      <x>120</x>
      <y>179</y>
      <xscale>1.36</xscale>
      <yscale>1.36</yscale>
      <rotation>0</rotation>
      <color r="ccSkinColor" oc="0x0">15784388</color>
    </char>
    <prop id="PROP347" index="1">
      <file>politics2.beer_prop04.swf</file>
      <x>308.3</x>
      <y>271.4</y>
      <xscale>1</xscale>
      <yscale>1</yscale>
      <face>1</face>
      <rotation>0</rotation>
    </prop>
    <prop id="PROP350" index="4">
      <file>politics2.bar_prop02.swf</file>
      <x>448</x>
      <y>280</y>
      <xscale>1</xscale>
      <yscale>1</yscale>
      <face>1</face>
      <rotation>0</rotation>
    </prop>
    <prop id="PROP351" index="5">
      <file>politics2.beer_prop03.swf</file>
      <x>367.3</x>
      <y>287.4</y>
      <xscale>1</xscale>
      <yscale>1</yscale>
      <face>1</face>
      <rotation>0</rotation>
    </prop>
    <prop id="PROP352" index="6">
      <file>common.msp_sharkpuppet.msp_sharkpuppet_ncc_04shark_thor.swf</file>
      <x>269</x>
      <y>270.1</y>
      <xscale>1</xscale>
      <yscale>1</yscale>
      <face>1</face>
      <rotation>0</rotation>
    </prop>
    <effectAsset id="EFFECT90" themecode="common" index="7">
      <effect x="0" y="0" w="550" h="310" rotate="0" id="cut" type="ZOOM" isCut="true" isPan="false"/>
      <x>47</x>
      <y>24</y>
      <width>550</width>
      <height>354</height>
      <speech>0</speech>
    </effectAsset>
  </scene>
  <scene id="SCENE53" adelay="39" lock="Y" index="25" color="16777215" guid="C0120CF3-295E-9261-BF2C-488E4AA06F92">
    <bg id="cbg_bar03_BG15" index="0">
      <file>politics2.bar03_bg.swf</file>
    </bg>
    <char id="AVATOR69" index="2" raceCode="2">
      <action face="1" motionface="1">politics2.bar_tender02.sad_side.swf</action>
      <x>421.5</x>
      <y>173</y>
      <xscale>1.32</xscale>
      <yscale>1.32</yscale>
      <rotation>0</rotation>
      <color r="ccSkinColor" oc="0x0">15390660</color>
    </char>
    <char id="AVATOR160" index="3" raceCode="2">
      <action face="-1" motionface="1">politics2.joe_biden02.sad_side.swf</action>
      <x>120</x>
      <y>180</y>
      <xscale>1.36</xscale>
      <yscale>1.36</yscale>
      <rotation>0</rotation>
      <color r="ccSkinColor" oc="0x0">15784388</color>
    </char>
    <prop id="PROP384" index="1">
      <file>politics2.beer_prop04.swf</file>
      <x>308.3</x>
      <y>271.4</y>
      <xscale>1</xscale>
      <yscale>1</yscale>
      <face>1</face>
      <rotation>0</rotation>
    </prop>
    <prop id="PROP387" index="4">
      <file>politics2.bar_prop02.swf</file>
      <x>448</x>
      <y>280</y>
      <xscale>1</xscale>
      <yscale>1</yscale>
      <face>1</face>
      <rotation>0</rotation>
    </prop>
    <prop id="PROP388" index="5">
      <file>politics2.beer_prop03.swf</file>
      <x>367.3</x>
      <y>287.4</y>
      <xscale>1</xscale>
      <yscale>1</yscale>
      <face>1</face>
      <rotation>0</rotation>
    </prop>
    <prop id="PROP389" index="6">
      <file>common.msp_sharkpuppet.msp_sharkpuppet_ncc_04shark_thor.swf</file>
      <x>269</x>
      <y>270.1</y>
      <xscale>1</xscale>
      <yscale>1</yscale>
      <face>1</face>
      <rotation>0</rotation>
    </prop>
    <effectAsset id="EFFECT92" themecode="common" index="7">
      <effect x="0" y="0" w="550" h="310" rotate="0" id="cut" type="ZOOM" isCut="true" isPan="false"/>
      <x>47</x>
      <y>24</y>
      <width>550</width>
      <height>354</height>
      <speech>0</speech>
    </effectAsset>
  </scene>
  <scene id="SCENE54" adelay="51" lock="Y" index="26" color="16777215" guid="7D83065E-9A51-F425-5AD7-7EBF6A9704CA" combgId="politics2.cbg_bar01">
    <bg id="cbg_bar01_BG13" index="0">
      <file>politics2.bar01_bg.swf</file>
    </bg>
    <char id="AVATOR146" index="1" raceCode="2">
      <action face="1" motionface="1">politics2.sarah_palin02.shock_side.swf</action>
      <prop id="PROP247" handstyle="flat">
        <file>politics2.03beer_prop02.swf</file>
      </prop>
      <head id="PROP239" raceCode="2">
        <file>politics2.sarah_palin02.head.head_drunk_side.swf</file>
      </head>
      <x>529.9</x>
      <y>232</y>
      <xscale>0.66</xscale>
      <yscale>0.66</yscale>
      <rotation>0</rotation>
      <dcsn>14100</dcsn>
      <color r="ccSkinColor" oc="0x0">15193538</color>
    </char>
    <char id="AVATOR548" index="2" raceCode="2">
      <action face="-1" motionface="1">politics2.barack_obama02.shock_side.swf</action>
      <prop id="PROP251" handstyle="stick">
        <file>common.msp_ncc_02cup.msp_ncc_02cup_ncc_02cup01.swf</file>
      </prop>
      <head id="PROP242" raceCode="2">
        <file>politics2.barack_obama02.head.head_drunk_side.swf</file>
      </head>
      <x>97</x>
      <y>234</y>
      <xscale>0.66</xscale>
      <yscale>0.66</yscale>
      <rotation>0</rotation>
      <dcsn>14334</dcsn>
      <color r="ccSkinColor" oc="0x0">6706500</color>
    </char>
    <effectAsset id="EFFECT4" themecode="common" index="3">
      <effect x="0" y="0" w="550" h="310" rotate="0" id="fadeOutEx" type="FADING" isIn="false" isOut="true"/>
      <x>47</x>
      <y>24</y>
      <width>550</width>
      <height>354</height>
      <speech>0</speech>
    </effectAsset>
    <effectAsset id="EFFECT94" themecode="common" index="4">
      <effect x="0" y="0" w="550" h="310" rotate="0" id="cut" type="ZOOM" isCut="true" isPan="false"/>
      <x>47</x>
      <y>24</y>
      <width>550</width>
      <height>354</height>
      <speech>0</speech>
    </effectAsset>
  </scene>
</film>
