<?xml version="1.0"?>
<film copyable="0" duration="61.1" published="0" pshare="0" isWide="1">
  <meta>
    <title>Baby Free</title>
    <tag/>
    <hiddenTag/>
    <desc></desc>
    <mver><![CDATA[4]]></mver>
    <studio>a76d829cef09f7bb9bef739f686c0449acbaded8</studio>
    <thumbnail index="0"/>
    <palette>
      <color value="333333"/>
      <color value="999999"/>
      <color value="fbfbfb"/>
      <color value="669999"/>
      <color value="55bbaa"/>
      <color value="7fbb11"/>
      <color value="15709b"/>
      <color value="9a5d1"/>
      <color value="6ab8d6"/>
      <color value="da2021"/>
      <color value="fecd31"/>
      <color value="28c6c1"/>
      <color value="37444f"/>
    </palette>
  </meta>
  <scene id="SCENE90" adelay="84" lock="Y" index="42" color="16777215" guid="4BE04EA8-9919-7E17-C857-6431FADCFF89">
    <bg id="BG577" index="0">
      <file>business.g4b_bg009.swf</file>
    </bg>
    <bubbleAsset id="BUBBLE578" index="6">
      <x>216.5</x>
      <y>89</y>
      <xscale>1</xscale>
      <yscale>1</yscale>
      <rotation>0</rotation>
      <fx>easeNone</fx>
      <fxdur>0</fxdur>
      <bubble x="20" y="-22" w="140" h="134" rotate="0" type="BLANK" hasTail="0" colorStyle="1" autoTextResize="true">
        <body rgb="16777215" shadow="1" bgAlpha="0" linergb="0" tailx="180" taily="110" paddingHorizontal="0" paddingVertical="0"/>
        <text rgb="3355443" alpha="100" font="Wood Stamp" size="127" align="center" bold="false" italic="false" embed="true">Fly</text>
        <url target="top"><![CDATA[]]></url>
      </bubble>
    </bubbleAsset>
    <bubbleAsset id="BUBBLE588" index="7">
      <x>221.5</x>
      <y>195</y>
      <xscale>1</xscale>
      <yscale>1</yscale>
      <rotation>0</rotation>
      <fx>easeNone</fx>
      <fxdur>0</fxdur>
      <bubble x="-93" y="-22" w="366" h="134" rotate="0" type="BLANK" hasTail="0" colorStyle="1" autoTextResize="true">
        <body rgb="16777215" shadow="1" bgAlpha="0" linergb="0" tailx="180" taily="110" paddingHorizontal="0" paddingVertical="0"/>
        <text rgb="3355443" alpha="100" font="Wood Stamp" size="127" align="center" bold="false" italic="false" embed="true">Baby-free</text>
        <url target="top"><![CDATA[]]></url>
      </bubble>
    </bubbleAsset>
    <bubbleAsset id="BUBBLE602" index="8">
      <x>213.5</x>
      <y>86</y>
      <xscale>1</xscale>
      <yscale>1</yscale>
      <rotation>0</rotation>
      <fx>easeNone</fx>
      <fxdur>0</fxdur>
      <bubble x="20" y="-22" w="140" h="134" rotate="0" type="BLANK" hasTail="0" colorStyle="1" autoTextResize="true">
        <body rgb="16777215" shadow="1" bgAlpha="0" linergb="0" tailx="180" taily="110" paddingHorizontal="0" paddingVertical="0"/>
        <text rgb="16750848" alpha="100" font="Wood Stamp" size="127" align="center" bold="false" italic="false" embed="true">Fly</text>
        <url target="top"><![CDATA[]]></url>
      </bubble>
    </bubbleAsset>
    <bubbleAsset id="BUBBLE603" index="9">
      <x>218.5</x>
      <y>193</y>
      <xscale>1</xscale>
      <yscale>1</yscale>
      <rotation>0</rotation>
      <fx>easeNone</fx>
      <fxdur>0</fxdur>
      <bubble x="-93" y="-22" w="366" h="134" rotate="0" type="BLANK" hasTail="0" colorStyle="1" autoTextResize="true">
        <body rgb="16777215" shadow="1" bgAlpha="0" linergb="0" tailx="180" taily="110" paddingHorizontal="0" paddingVertical="0"/>
        <text rgb="16750848" alpha="100" font="Wood Stamp" size="127" align="center" bold="false" italic="false" embed="true">Baby-free</text>
        <url target="top"><![CDATA[]]></url>
      </bubble>
    </bubbleAsset>
    <prop id="PROP157" index="1">
      <file>business.g4b_333.swf</file>
      <x>312.5</x>
      <y>201</y>
      <xscale>1.07</xscale>
      <yscale>1.07</yscale>
      <face>1</face>
      <rotation>0</rotation>
    </prop>
    <prop id="PROP158" index="2">
      <file>business.g4b_093.swf</file>
      <x>169.5</x>
      <y>188</y>
      <xscale>0.22</xscale>
      <yscale>0.22</yscale>
      <face>1</face>
      <rotation>0.9</rotation>
    </prop>
    <prop id="PROP172" index="3">
      <file>business.g4b_093.swf</file>
      <x>182.5</x>
      <y>204</y>
      <xscale>0.22</xscale>
      <yscale>0.22</yscale>
      <face>1</face>
      <rotation>0.9</rotation>
    </prop>
    <prop id="PROP180" index="4">
      <file>business.g4b_093.swf</file>
      <x>197.5</x>
      <y>181</y>
      <xscale>0.22</xscale>
      <yscale>0.22</yscale>
      <face>1</face>
      <rotation>0.9</rotation>
    </prop>
    <prop id="PROP189" index="5">
      <file>business.g4b_093.swf</file>
      <x>446.5</x>
      <y>132</y>
      <xscale>0.22</xscale>
      <yscale>0.22</yscale>
      <face>1</face>
      <rotation>0.9</rotation>
    </prop>
    <effectAsset id="EFFECT59" themecode="common" index="10">
      <effect x="0" y="0" w="550" h="310" rotate="0" id="cut" type="ZOOM" isCut="true" isPan="false"/>
      <x>47</x>
      <y>24</y>
      <width>550</width>
      <height>354</height>
      <speech>0</speech>
    </effectAsset>
    <aTranList>
      <aTran id="53" target="BUBBLE578" type="Slide" atype="" direction="0" section="4" timing="3" duration="12" delay="0">
        <aTranSetting dest="2"/>
      </aTran>
      <aTran id="54" target="BUBBLE602" type="Slide" atype="" direction="0" section="4" timing="3" duration="12" delay="0">
        <aTranSetting dest="2"/>
      </aTran>
      <aTran id="55" target="BUBBLE588" type="Slide" atype="" direction="0" section="4" timing="3" duration="12" delay="6">
        <aTranSetting dest="2"/>
      </aTran>
      <aTran id="56" target="BUBBLE603" type="Slide" atype="" direction="0" section="4" timing="3" duration="12" delay="6">
        <aTranSetting dest="2"/>
      </aTran>
    </aTranList>
  </scene>
</film>
