<?xml version="1.0"?>
<film copyable="0" duration="59.0" published="0" pshare="0" isWide="1">
  <meta>
    <title>Sky</title>
    <tag/>
    <hiddenTag/>
    <desc></desc>
    <mver><![CDATA[4]]></mver>
    <studio>a76d829cef09f7bb9bef739f686c0449acbaded8</studio>
    <thumbnail index="0"/>
    <palette>
      <color value="333333"/>
      <color value="999999"/>
      <color value="fbfbfb"/>
      <color value="669999"/>
      <color value="55bbaa"/>
      <color value="7fbb11"/>
      <color value="15709b"/>
      <color value="9a5d1"/>
      <color value="6ab8d6"/>
      <color value="da2021"/>
      <color value="fecd31"/>
      <color value="28c6c1"/>
      <color value="37444f"/>
    </palette>
  </meta>
  <scene id="SCENE48" adelay="96" lock="Y" index="23" color="16777215" guid="6E2AF975-AC2D-730B-3C25-9538213F918A">
    <prop id="PROP195" index="1">
      <file>ugc.17502233.swf</file>
      <x>324</x>
      <y>207.5</y>
      <xscale>1</xscale>
      <yscale>1</yscale>
      <face>1</face>
      <rotation>0</rotation>
    </prop>
    <effectAsset id="EFFECT0" themecode="common" index="2">
      <effect x="0" y="0" w="550" h="310" rotate="0" id="zoom" type="ZOOM" isCut="false" isPan="false"/>
      <x>47</x>
      <y>24</y>
      <width>550</width>
      <height>354</height>
      <speech>0</speech>
    </effectAsset>
  </scene>
</film>
