<?xml version="1.0"?>
<film copyable="0" duration="9.0" published="0" pshare="0" isWide="1">
  <meta>
    <title>Comedy World Door</title>
    <tag><![CDATA[]]></tag>
    <hiddenTag><![CDATA[]]></hiddenTag>
    <desc></desc>
    <mver><![CDATA[4]]></mver>
    <studio>a76d829cef09f7bb9bef739f686c0449acbaded8</studio>
    <thumbnail index="0"/>
    <palette>
      <color value="333333"/>
      <color value="999999"/>
      <color value="fbfbfb"/>
      <color value="669999"/>
      <color value="55bbaa"/>
      <color value="7fbb11"/>
      <color value="15709b"/>
      <color value="9a5d1"/>
      <color value="6ab8d6"/>
      <color value="da2021"/>
      <color value="fecd31"/>
      <color value="28c6c1"/>
      <color value="37444f"/>
      <color value="0"/>
      <color value="eeece0"/>
      <color value="afaea5"/>
    </palette>
  </meta>
  <scene id="SCENE10" adelay="60" lock="N" index="8" color="11513509" guid="891341CC-1E7C-9120-17FE-9A37269A4389">
    <durationSetting countMinimum="1" countTransition="1" countAction="1" countBubble="1" countSpeech="1"/>
    <prop id="PROP40" index="1">
      <file>common.msp_door01.msp_door01_door01_front_close.swf</file>
      <x>339.75</x>
      <y>304.6025054</y>
      <xscale>2.1856494</xscale>
      <yscale>2.1856494</yscale>
      <face>1</face>
      <rotation>0</rotation>
    </prop>
    <prop id="PROP41" index="2">
      <file>common.square01.swf</file>
      <x>208.998749</x>
      <y>346.15</y>
      <xscale>0.0500417</xscale>
      <yscale>8.7073579</yscale>
      <face>1</face>
      <rotation>0</rotation>
      <color r="ccColorA">0</color>
    </prop>
    <prop id="PROP43" index="3">
      <file>common.square01.swf</file>
      <x>340.6999977</x>
      <y>86.498749</y>
      <xscale>0.0500417</xscale>
      <yscale>4.325738</yscale>
      <face>1</face>
      <rotation>89.8949015</rotation>
      <color r="ccColorA">0</color>
    </prop>
    <prop id="PROP45" index="4">
      <file>common.square01.swf</file>
      <x>470.498749</x>
      <y>346.15</y>
      <xscale>0.0500417</xscale>
      <yscale>8.7073579</yscale>
      <face>1</face>
      <rotation>0</rotation>
      <color r="ccColorA">0</color>
    </prop>
    <prop id="PROP46" index="5">
      <file>common.square01.swf</file>
      <x>230.3320823</x>
      <y>205.8025054</y>
      <xscale>0.0500417</xscale>
      <yscale>2.5404531</yscale>
      <face>1</face>
      <rotation>0</rotation>
      <color r="ccColorA">0</color>
    </prop>
    <prop id="PROP48" index="6">
      <file>common.square01.swf</file>
      <x>230.298749</x>
      <y>183.3525054</y>
      <xscale>0.0500417</xscale>
      <yscale>2.5404531</yscale>
      <face>1</face>
      <rotation>0</rotation>
      <color r="ccColorA">0</color>
    </prop>
    <prop id="PROP49" index="7">
      <file>common.ncc_circle_outline.swf</file>
      <x>235.75</x>
      <y>304.6</y>
      <xscale>0.5321888</xscale>
      <yscale>0.5488069</yscale>
      <face>1</face>
      <rotation>0</rotation>
      <color r="ccColorA">0</color>
    </prop>
    <prop id="PROP50" index="9">
      <file>common.circle01.swf</file>
      <x>230.2419732</x>
      <y>299.9525054</y>
      <xscale>0.3422379</xscale>
      <yscale>0.3422379</yscale>
      <face>1</face>
      <rotation>0</rotation>
      <color r="ccColorA">16514043</color>
    </prop>
    <prop id="PROP51" index="8">
      <file>common.circle01.swf</file>
      <x>235.7316626</x>
      <y>304.5633252</y>
      <xscale>0.7334963</xscale>
      <yscale>0.7334963</yscale>
      <face>1</face>
      <rotation>0</rotation>
      <color r="ccColorA">10066329</color>
    </prop>
    <prop id="PROP53" index="10">
      <file>common.square01.swf</file>
      <x>354.6499977</x>
      <y>294.248749</y>
      <xscale>0.0500417</xscale>
      <yscale>3.2256194</yscale>
      <face>1</face>
      <rotation>89.8949015</rotation>
      <color r="ccColorA">0</color>
    </prop>
    <prop id="PROP56" index="11">
      <file>common.square01.swf</file>
      <x>339.6999977</x>
      <y>108.698749</y>
      <xscale>0.0500417</xscale>
      <yscale>3.6293364</yscale>
      <face>1</face>
      <rotation>89.8949015</rotation>
      <color r="ccColorA">0</color>
    </prop>
    <prop id="PROP58" index="12">
      <file>common.square01.swf</file>
      <x>449.848749</x>
      <y>183.35</y>
      <xscale>0.0500417</xscale>
      <yscale>2.5404531</yscale>
      <face>1</face>
      <rotation>0</rotation>
      <color r="ccColorA">0</color>
    </prop>
    <prop id="PROP61" index="13">
      <file>common.square01.swf</file>
      <x>449.798749</x>
      <y>219.55</y>
      <xscale>0.0500417</xscale>
      <yscale>2.5404531</yscale>
      <face>1</face>
      <rotation>0</rotation>
      <color r="ccColorA">0</color>
    </prop>
    <prop id="PROP63" index="14">
      <file>common.square01.swf</file>
      <x>230.198749</x>
      <y>403.4</y>
      <xscale>0.0500417</xscale>
      <yscale>2.5404531</yscale>
      <face>1</face>
      <rotation>0</rotation>
      <color r="ccColorA">0</color>
    </prop>
    <prop id="PROP65" index="15">
      <file>common.square01.swf</file>
      <x>347.0499977</x>
      <y>316.148749</y>
      <xscale>0.0500417</xscale>
      <yscale>3.0561079</yscale>
      <face>1</face>
      <rotation>89.8949015</rotation>
      <color r="ccColorA">0</color>
    </prop>
    <prop id="PROP68" index="16">
      <file>common.square01.swf</file>
      <x>356.9999977</x>
      <y>316.098749</y>
      <xscale>0.0500417</xscale>
      <yscale>3.0561079</yscale>
      <face>1</face>
      <rotation>89.8949015</rotation>
      <color r="ccColorA">0</color>
    </prop>
    <prop id="PROP70" index="17">
      <file>common.square01.swf</file>
      <x>449.748749</x>
      <y>390.7</y>
      <xscale>0.0500417</xscale>
      <yscale>2.5404531</yscale>
      <face>1</face>
      <rotation>0</rotation>
      <color r="ccColorA">0</color>
    </prop>
    <effectAsset id="EFFECT12" themecode="common" index="18">
      <effect x="0" y="0" w="550" h="310" rotate="0" id="cut" type="ZOOM" isCut="true" isPan="false"/>
      <x>47</x>
      <y>24</y>
      <width>550</width>
      <height>354</height>
      <speech>0</speech>
    </effectAsset>
  </scene>
</film>
