<?xml version="1.0"?>
<film copyable="0" duration="2.5" published="0" pshare="0" isWide="1">
  <meta>
    <title>Boss With Sunglasses</title>
    <tag/>
    <hiddenTag/>
    <desc></desc>
    <mver><![CDATA[4]]></mver>
    <thumbnail index="0"/>
  </meta>
  <scene id="SCENE1" adelay="60" lock="N" index="0">
    <char id="AVATOR135" index="1" raceCode="0">
      <action face="1" motionface="1">fullenergy.boss_char.stand.swf</action>
      <head id="PROP14">
        <file>fullenergy.boss_char.head.head_happy.swf</file>
      </head>
      <wear id="PROP8">
        <file>fullenergy.boss_sunglasses.swf</file>
      </wear>
      <x>288.1</x>
      <y>189.9</y>
      <xscale>1</xscale>
      <yscale>1</yscale>
      <rotation>0</rotation>
    </char>
    <effectAsset id="EFFECT1" themecode="common" index="2">
      <effect x="0" y="0" w="550" h="310" rotate="0" id="cut" type="ZOOM" isCut="true" isPan="false"/>
      <x>47</x>
      <y>24</y>
      <width>550</width>
      <height>354</height>
      <speech>0</speech>
    </effectAsset>
  </scene>
</film>
