<?xml version="1.0"?>
<film copyable="0" duration="113.9" published="0" pshare="0" isWide="1">
  <meta>
    <title>Saul with Frankie Mask</title>
    <tag/>
    <hiddenTag/>
    <desc></desc>
    <mver><![CDATA[4]]></mver>
    <studio>a76d829cef09f7bb9bef739f686c0449acbaded8</studio>
    <thumbnail index="0"/>
    <palette>
      <color value="333333"/>
      <color value="999999"/>
      <color value="fbfbfb"/>
      <color value="669999"/>
      <color value="55bbaa"/>
      <color value="7fbb11"/>
      <color value="15709b"/>
      <color value="9a5d1"/>
      <color value="6ab8d6"/>
      <color value="da2021"/>
      <color value="fecd31"/>
      <color value="28c6c1"/>
      <color value="37444f"/>
    </palette>
  </meta>
  <scene id="SCENE55" adelay="60" lock="N" index="27" color="16777215" guid="8783C5DD-3FE2-A7B9-2724-60A212327EEC">
    <durationSetting countMinimum="1" countTransition="1" countAction="1" countBubble="1" countSpeech="1"/>
    <char id="AVATOR1976" index="1" raceCode="0">
      <action face="1" motionface="1">retro.Saul.stand.swf</action>
      <head id="PROP388">
        <file>monstermsh.Frank.head.head_default.swf</file>
      </head>
      <wear id="PROP389">
        <file>common.hat.swf</file>
      </wear>
      <x>360.7691223</x>
      <y>218.7240908</y>
      <xscale>1.257553</xscale>
      <yscale>1.257553</yscale>
      <rotation>0</rotation>
      <color r="sfHandProp">39168</color>
      <color r="ccColorA">52224</color>
      <color r="ccColorB">16737792</color>
    </char>
    <effectAsset id="EFFECT56" themecode="common" index="2">
      <effect x="0" y="0" w="550" h="310" rotate="0" id="cut" type="ZOOM" isCut="true" isPan="false"/>
      <x>47</x>
      <y>24</y>
      <width>550</width>
      <height>354</height>
      <speech>0</speech>
    </effectAsset>
  </scene>
</film>
