<?xml version="1.0"?>
<film copyable="0" duration="58.0" published="0" pshare="0" isWide="1">
  <meta>
    <title>Captain Lost at Sea!</title>
    <tag/>
    <hiddenTag/>
    <desc></desc>
    <mver><![CDATA[4]]></mver>
    <studio>a76d829cef09f7bb9bef739f686c0449acbaded8</studio>
    <thumbnail index="0"/>
    <palette>
      <color value="333333"/>
      <color value="999999"/>
      <color value="fbfbfb"/>
      <color value="669999"/>
      <color value="55bbaa"/>
      <color value="7fbb11"/>
      <color value="15709b"/>
      <color value="9a5d1"/>
      <color value="6ab8d6"/>
      <color value="da2021"/>
      <color value="fecd31"/>
      <color value="28c6c1"/>
      <color value="37444f"/>
    </palette>
  </meta>
  <scene id="SCENE26" adelay="48" lock="Y" index="0" color="16777215" guid="AD6B8777-BABA-A03E-D7EA-C7B684B4E25E">
    <bg id="cbg_nccxmas_mangeroutdoor_BG7" index="0">
      <file>common.star_night.swf</file>
    </bg>
    <prop id="PROP26" index="1">
      <file>common.msp_clound02.msp_clound02_ncc_cloud02.swf</file>
      <x>161.8</x>
      <y>121.3</y>
      <xscale>1.22</xscale>
      <yscale>1.59</yscale>
      <face>-1</face>
      <rotation>0</rotation>
      <color r="ccColorA">10066329</color>
    </prop>
    <prop id="PROP27" index="2">
      <file>common.msp_clound02.msp_clound02_ncc_cloud03.swf</file>
      <x>510.1</x>
      <y>88.2</y>
      <xscale>1.22</xscale>
      <yscale>1.59</yscale>
      <face>-1</face>
      <rotation>0</rotation>
      <color r="ccColorA">10066329</color>
    </prop>
    <prop id="PROP28" index="3">
      <file>common.ncc_stone01.swf</file>
      <x>518.3</x>
      <y>237.9</y>
      <xscale>0.89</xscale>
      <yscale>2.14</yscale>
      <face>1</face>
      <rotation>0</rotation>
    </prop>
    <prop id="PROP29" index="4">
      <file>common.ncc_stone01.swf</file>
      <x>397.7</x>
      <y>234.9</y>
      <xscale>0.89</xscale>
      <yscale>1.17</yscale>
      <face>1</face>
      <rotation>0</rotation>
      <color r="ccColorA">10066329</color>
    </prop>
    <prop id="PROP30" index="5">
      <file>common.msp_pirateship.msp_pirateship_ncc_pirateship_move.swf</file>
      <x>204.2</x>
      <y>173</y>
      <xscale>0.66</xscale>
      <yscale>0.66</yscale>
      <face>1</face>
      <rotation>0</rotation>
    </prop>
    <prop id="PROP31" index="6">
      <file>common.nccha_grave_prop01.swf</file>
      <x>324</x>
      <y>314</y>
      <xscale>1</xscale>
      <yscale>1.35</yscale>
      <face>-1</face>
      <rotation>0</rotation>
      <color r="ccColorA">3381657</color>
    </prop>
    <prop id="PROP32" index="7">
      <file>common.ncc_stone01.swf</file>
      <x>460.1</x>
      <y>261.9</y>
      <xscale>0.89</xscale>
      <yscale>1.86</yscale>
      <face>1</face>
      <rotation>0</rotation>
    </prop>
    <prop id="PROP33" index="8">
      <file>common.ncc_stone01.swf</file>
      <x>552.5</x>
      <y>256.9</y>
      <xscale>0.89</xscale>
      <yscale>2.3</yscale>
      <face>-1</face>
      <rotation>4.2</rotation>
      <color r="ccColorA">10066329</color>
    </prop>
    <prop id="PROP34" index="9">
      <file>common.nccha_grave_prop01.swf</file>
      <x>323</x>
      <y>321</y>
      <xscale>1</xscale>
      <yscale>1</yscale>
      <face>1</face>
      <rotation>0</rotation>
      <color r="ccColorA">26214</color>
    </prop>
    <prop id="PROP35" index="10">
      <file>common.ncc_stone01.swf</file>
      <x>406.1</x>
      <y>296.9</y>
      <xscale>1.1</xscale>
      <yscale>2.3</yscale>
      <face>1</face>
      <rotation>0</rotation>
    </prop>
    <prop id="PROP36" index="11">
      <file>common.ncc_stone01.swf</file>
      <x>94.1</x>
      <y>299.9</y>
      <xscale>1.8</xscale>
      <yscale>3.77</yscale>
      <face>1</face>
      <rotation>0</rotation>
    </prop>
    <prop id="PROP37" index="12">
      <file>common.nccha_grave_prop01.swf</file>
      <x>326</x>
      <y>351</y>
      <xscale>1</xscale>
      <yscale>0.86</yscale>
      <face>-1</face>
      <rotation>0</rotation>
      <color r="ccColorA">3368550</color>
    </prop>
    <effectAsset id="EFFECT47" themecode="common" index="13">
      <effect x="0" y="0" w="550" h="310" rotate="0" id="cut" type="ZOOM" isCut="true" isPan="false"/>
      <x>47</x>
      <y>24</y>
      <width>550</width>
      <height>354</height>
      <speech>0</speech>
    </effectAsset>
  </scene>
  <scene id="SCENE27" adelay="60" lock="N" index="1" color="16777215" guid="EC028C26-EEC2-C4E1-698E-1233595215E4">
    <durationSetting countMinimum="1" countTransition="1" countAction="1" countBubble="1" countSpeech="1"/>
    <bubbleAsset id="BUBBLE253" index="1">
      <x>182.5</x>
      <y>156</y>
      <xscale>1</xscale>
      <yscale>1</yscale>
      <rotation>0</rotation>
      <fx>easeNone</fx>
      <fxdur>0</fxdur>
      <bubble x="0" y="0" w="180" h="90" rotate="0" type="BLANK" hasTail="0" colorStyle="1" autoTextResize="true">
        <body rgb="16777215" shadow="1" bgAlpha="0" linergb="0" tailx="180" taily="110" paddingHorizontal="0" paddingVertical="0"/>
        <text rgb="0" alpha="100" font="Accidental Presidency" size="60" align="center" bold="false" italic="false" embed="true">opening:1</text>
        <url target="top"><![CDATA[]]></url>
      </bubble>
    </bubbleAsset>
    <effectAsset id="EFFECT49" themecode="common" index="2">
      <effect x="0" y="0" w="550" h="310" rotate="0" id="cut" type="ZOOM" isCut="true" isPan="false"/>
      <x>47</x>
      <y>24</y>
      <width>550</width>
      <height>354</height>
      <speech>0</speech>
    </effectAsset>
  </scene>
  <scene id="SCENE28" adelay="48" lock="Y" index="2" color="16777215" guid="A794B0A2-30A8-C019-E120-1374EC34AD58">
    <bg id="cbg_nccxmas_mangeroutdoor_BG7" index="0">
      <file>common.star_night.swf</file>
    </bg>
    <prop id="PROP222" index="1">
      <file>common.msp_clound02.msp_clound02_ncc_cloud02.swf</file>
      <x>161.8</x>
      <y>121.3</y>
      <xscale>1.22</xscale>
      <yscale>1.59</yscale>
      <face>-1</face>
      <rotation>0</rotation>
      <color r="ccColorA">10066329</color>
    </prop>
    <prop id="PROP218" index="2">
      <file>common.msp_clound02.msp_clound02_ncc_cloud03.swf</file>
      <x>510.1</x>
      <y>88.2</y>
      <xscale>1.22</xscale>
      <yscale>1.59</yscale>
      <face>-1</face>
      <rotation>0</rotation>
      <color r="ccColorA">10066329</color>
    </prop>
    <prop id="PROP219" index="3">
      <file>common.ncc_stone01.swf</file>
      <x>518.3</x>
      <y>237.9</y>
      <xscale>0.89</xscale>
      <yscale>2.14</yscale>
      <face>1</face>
      <rotation>0</rotation>
    </prop>
    <prop id="PROP220" index="4">
      <file>common.ncc_stone01.swf</file>
      <x>397.7</x>
      <y>234.9</y>
      <xscale>0.89</xscale>
      <yscale>1.17</yscale>
      <face>1</face>
      <rotation>0</rotation>
      <color r="ccColorA">10066329</color>
    </prop>
    <prop id="PROP223" index="5">
      <file>common.msp_pirateship.msp_pirateship_ncc_pirateship_move.swf</file>
      <x>-38.8,694</x>
      <y>161,175</y>
      <xscale>0.66,0.76</xscale>
      <yscale>0.66,0.76</yscale>
      <face>1,1</face>
      <rotation>0,0</rotation>
      <assetMotion ver="1"/>
    </prop>
    <prop id="PROP221" index="6">
      <file>common.nccha_grave_prop01.swf</file>
      <x>324</x>
      <y>314</y>
      <xscale>1</xscale>
      <yscale>1.35</yscale>
      <face>-1</face>
      <rotation>0</rotation>
      <color r="ccColorA">3381657</color>
    </prop>
    <prop id="PROP224" index="7">
      <file>common.ncc_stone01.swf</file>
      <x>460.1</x>
      <y>261.9</y>
      <xscale>0.89</xscale>
      <yscale>1.86</yscale>
      <face>1</face>
      <rotation>0</rotation>
    </prop>
    <prop id="PROP225" index="8">
      <file>common.ncc_stone01.swf</file>
      <x>552.5</x>
      <y>256.9</y>
      <xscale>0.89</xscale>
      <yscale>2.3</yscale>
      <face>-1</face>
      <rotation>4.2</rotation>
      <color r="ccColorA">10066329</color>
    </prop>
    <prop id="PROP226" index="9">
      <file>common.nccha_grave_prop01.swf</file>
      <x>323</x>
      <y>321</y>
      <xscale>1</xscale>
      <yscale>1</yscale>
      <face>1</face>
      <rotation>0</rotation>
      <color r="ccColorA">26214</color>
    </prop>
    <prop id="PROP227" index="10">
      <file>common.ncc_stone01.swf</file>
      <x>406.1</x>
      <y>296.9</y>
      <xscale>1.1</xscale>
      <yscale>2.3</yscale>
      <face>1</face>
      <rotation>0</rotation>
    </prop>
    <prop id="PROP228" index="11">
      <file>common.ncc_stone01.swf</file>
      <x>94.1</x>
      <y>299.9</y>
      <xscale>1.8</xscale>
      <yscale>3.77</yscale>
      <face>1</face>
      <rotation>0</rotation>
    </prop>
    <prop id="PROP230" index="12">
      <file>common.nccha_grave_prop01.swf</file>
      <x>326</x>
      <y>351</y>
      <xscale>1</xscale>
      <yscale>0.86</yscale>
      <face>-1</face>
      <rotation>0</rotation>
      <color r="ccColorA">3368550</color>
    </prop>
    <effectAsset id="EFFECT1" themecode="common" index="13">
      <effect x="0" y="0" w="550" h="310" rotate="0" id="fadeInEx" type="FADING" isIn="true" isOut="false"/>
      <x>47</x>
      <y>24</y>
      <width>550</width>
      <height>354</height>
      <speech>0</speech>
    </effectAsset>
    <effectAsset id="EFFECT51" themecode="common" index="14">
      <effect x="0" y="0" w="550" h="310" rotate="0" id="cut" type="ZOOM" isCut="true" isPan="false"/>
      <x>47</x>
      <y>24</y>
      <width>550</width>
      <height>354</height>
      <speech>0</speech>
    </effectAsset>
  </scene>
  <scene id="SCENE29" adelay="33" lock="Y" index="3" color="16777215" guid="DCB562B9-19D2-EFA5-591B-D6387E22AB35">
    <bg id="cbg_nccxmas_mangeroutdoor_BG7" index="0">
      <file>common.star_night.swf</file>
    </bg>
    <prop id="PROP201" index="1">
      <file>common.msp_clound02.msp_clound02_ncc_cloud03.swf</file>
      <x>510.1</x>
      <y>88.2</y>
      <xscale>1.22</xscale>
      <yscale>1.59</yscale>
      <face>-1</face>
      <rotation>0</rotation>
      <color r="ccColorA">10066329</color>
    </prop>
    <prop id="PROP202" index="2">
      <file>common.ncc_stone01.swf</file>
      <x>518.3</x>
      <y>237.9</y>
      <xscale>0.89</xscale>
      <yscale>2.14</yscale>
      <face>1</face>
      <rotation>0</rotation>
    </prop>
    <prop id="PROP203" index="3">
      <file>common.ncc_stone01.swf</file>
      <x>397.7</x>
      <y>234.9</y>
      <xscale>0.89</xscale>
      <yscale>1.17</yscale>
      <face>1</face>
      <rotation>0</rotation>
      <color r="ccColorA">10066329</color>
    </prop>
    <prop id="PROP204" index="4">
      <file>common.nccha_grave_prop01.swf</file>
      <x>324</x>
      <y>314</y>
      <xscale>1</xscale>
      <yscale>1.35</yscale>
      <face>-1</face>
      <rotation>0</rotation>
      <color r="ccColorA">3381657</color>
    </prop>
    <prop id="PROP205" index="5">
      <file>common.msp_clound02.msp_clound02_ncc_cloud02.swf</file>
      <x>161.8</x>
      <y>121.3</y>
      <xscale>1.22</xscale>
      <yscale>1.59</yscale>
      <face>-1</face>
      <rotation>0</rotation>
      <color r="ccColorA">10066329</color>
    </prop>
    <prop id="PROP208" index="6">
      <file>common.ncc_stone01.swf</file>
      <x>460.1</x>
      <y>261.9</y>
      <xscale>0.89</xscale>
      <yscale>1.86</yscale>
      <face>1</face>
      <rotation>0</rotation>
    </prop>
    <prop id="PROP209" index="7">
      <file>common.ncc_stone01.swf</file>
      <x>552.5</x>
      <y>256.9</y>
      <xscale>0.89</xscale>
      <yscale>2.3</yscale>
      <face>-1</face>
      <rotation>4.2</rotation>
      <color r="ccColorA">10066329</color>
    </prop>
    <prop id="PROP211" index="8">
      <file>common.nccha_grave_prop01.swf</file>
      <x>323</x>
      <y>321</y>
      <xscale>1</xscale>
      <yscale>1</yscale>
      <face>1</face>
      <rotation>0</rotation>
      <color r="ccColorA">26214</color>
    </prop>
    <prop id="PROP213" index="9">
      <file>common.ncc_stone01.swf</file>
      <x>406.1</x>
      <y>296.9</y>
      <xscale>1.1</xscale>
      <yscale>2.3</yscale>
      <face>1</face>
      <rotation>0</rotation>
    </prop>
    <prop id="PROP214" index="10">
      <file>common.ncc_stone01.swf</file>
      <x>94.1</x>
      <y>299.9</y>
      <xscale>1.8</xscale>
      <yscale>3.77</yscale>
      <face>1</face>
      <rotation>0</rotation>
    </prop>
    <prop id="PROP630" index="11">
      <file>common.msp_pirateship.msp_pirateship_ncc_pirateship_move.swf</file>
      <x>983,-335</x>
      <y>117,140</y>
      <xscale>1.99,1.71</xscale>
      <yscale>1.99,1.71</yscale>
      <face>-1,-1</face>
      <rotation>0,0</rotation>
      <assetMotion ver="1"/>
    </prop>
    <prop id="PROP215" index="12">
      <file>common.nccha_grave_prop01.swf</file>
      <x>326</x>
      <y>351</y>
      <xscale>1</xscale>
      <yscale>0.86</yscale>
      <face>-1</face>
      <rotation>0</rotation>
      <color r="ccColorA">3368550</color>
    </prop>
    <effectAsset id="EFFECT53" themecode="common" index="13">
      <effect x="0" y="0" w="550" h="310" rotate="0" id="cut" type="ZOOM" isCut="true" isPan="false"/>
      <x>47</x>
      <y>24</y>
      <width>550</width>
      <height>354</height>
      <speech>0</speech>
    </effectAsset>
  </scene>
  <scene id="SCENE30" adelay="38" lock="Y" index="4" color="16777215" guid="A920212D-744D-2047-9CD6-221CD05E5BA4">
    <char id="AVATOR75" index="2" raceCode="1">
      <action face="-1" motionface="1">ugc.9370126.subtle_scratch.xml</action>
      <prop id="PROP135" handstyle="flat">
        <file>common.msp_piratecom.msp_piratecom_ncc_03pirate_compass1.swf</file>
      </prop>
      <head id="PROP136" raceCode="1">
        <file>ugc.9370126.head.head_sad.xml</file>
      </head>
      <x>75.5</x>
      <y>220</y>
      <xscale>0.55</xscale>
      <yscale>0.55</yscale>
      <rotation>0</rotation>
    </char>
    <prop id="PROP352" index="1">
      <file>ugc.30864404.swf</file>
      <x>108.6</x>
      <y>211.7</y>
      <xscale>0.23</xscale>
      <yscale>0.23</yscale>
      <face>1</face>
      <rotation>0</rotation>
    </prop>
    <prop id="PROP294" index="3">
      <file>common.ncc_pirateship01_steel.swf</file>
      <x>117</x>
      <y>241</y>
      <xscale>0.71</xscale>
      <yscale>0.71</yscale>
      <face>1</face>
      <rotation>0</rotation>
    </prop>
    <effectAsset id="EFFECT2" themecode="common" index="4">
      <effect x="0" y="0" w="111.8" h="63.0145455" rotate="0" id="cut" type="ZOOM" isCut="true" isPan="false"/>
      <x>52.2</x>
      <y>170.0207273</y>
      <width>111.8</width>
      <height>71.9585455</height>
      <speech>0</speech>
    </effectAsset>
  </scene>
  <scene id="SCENE31" adelay="54" lock="Y" index="5" color="16777215" guid="AE57D4C0-4E3C-209C-6896-1F7FCD3C6ED9">
    <char id="AVATOR91" index="3" raceCode="1">
      <action face="-1" motionface="1">ugc.9370126.point_at.xml</action>
      <prop id="PROP138" handstyle="flat">
        <file>common.msp_piratecom.msp_piratecom_ncc_03pirate_compass3.swf</file>
      </prop>
      <x>-146.5</x>
      <y>233</y>
      <xscale>5.24</xscale>
      <yscale>5.24</yscale>
      <rotation>0</rotation>
    </char>
    <prop id="PROP376" index="1">
      <file>common.ncc_pirateship01_prop02.swf</file>
      <x>372.5</x>
      <y>100</y>
      <xscale>5.01</xscale>
      <yscale>5.01</yscale>
      <face>1</face>
      <rotation>0</rotation>
    </prop>
    <prop id="PROP377" index="2">
      <file>common.ncc_pirateship01_prop02.swf</file>
      <x>355.5</x>
      <y>303</y>
      <xscale>5.01</xscale>
      <yscale>5.01</yscale>
      <face>1</face>
      <rotation>0</rotation>
    </prop>
    <effectAsset id="EFFECT5" index="4">
      <effect id="ncc_fx_07.swf" type="ANIME"/>
      <x>47</x>
      <y>24</y>
      <xscale>1</xscale>
      <yscale>1</yscale>
      <file>common.ncc_fx_07.swf</file>
    </effectAsset>
    <effectAsset id="EFFECT56" themecode="common" index="5">
      <effect x="0" y="0" w="550" h="310" rotate="0" id="cut" type="ZOOM" isCut="true" isPan="false"/>
      <x>47</x>
      <y>24</y>
      <width>550</width>
      <height>354</height>
      <speech>0</speech>
    </effectAsset>
  </scene>
  <scene id="SCENE32" adelay="72" lock="Y" index="6" color="16777215" guid="CEB41C0A-80E3-9F50-F7B2-3D113E0E127B">
    <bg id="BG767" index="0">
      <file>ugc.30570809.swf</file>
    </bg>
    <prop id="PROP207" index="1">
      <file>ugc.30570856.swf</file>
      <x>466,461,383,181,92,190,357,326,199,97,163,392,479</x>
      <y>312,240,241,68,183,345,297,120,53,140,354,321,252</y>
      <xscale>1,1</xscale>
      <yscale>1,1</yscale>
      <face>1,1</face>
      <rotation>0,0</rotation>
      <assetMotion ver="1"/>
    </prop>
    <effectAsset id="EFFECT58" themecode="common" index="2">
      <effect x="0" y="0" w="550" h="310" rotate="0" id="cut" type="ZOOM" isCut="true" isPan="false"/>
      <x>47</x>
      <y>24</y>
      <width>550</width>
      <height>354</height>
      <speech>0</speech>
    </effectAsset>
  </scene>
  <scene id="SCENE33" adelay="60" lock="N" index="7" color="16777215" guid="3C664C4D-1FD4-9EDF-36E4-1D203704BD03">
    <durationSetting countMinimum="1" countTransition="1" countAction="1" countBubble="1" countSpeech="1"/>
    <bubbleAsset id="BUBBLE784" index="1">
      <x>182.5</x>
      <y>156</y>
      <xscale>1</xscale>
      <yscale>1</yscale>
      <rotation>0</rotation>
      <fx>easeNone</fx>
      <fxdur>0</fxdur>
      <bubble x="0" y="0" w="180" h="90" rotate="0" type="BLANK" hasTail="0" colorStyle="1" autoTextResize="true">
        <body rgb="16777215" shadow="1" bgAlpha="0" linergb="0" tailx="180" taily="110" paddingHorizontal="0" paddingVertical="0"/>
        <text rgb="0" alpha="100" font="Accidental Presidency" size="48" align="center" bold="false" italic="false" embed="true">character:1</text>
        <url target="top"><![CDATA[]]></url>
      </bubble>
    </bubbleAsset>
    <effectAsset id="EFFECT60" themecode="common" index="2">
      <effect x="0" y="0" w="550" h="310" rotate="0" id="cut" type="ZOOM" isCut="true" isPan="false"/>
      <x>47</x>
      <y>24</y>
      <width>550</width>
      <height>354</height>
      <speech>0</speech>
    </effectAsset>
  </scene>
  <scene id="SCENE34" adelay="60" lock="N" index="8" color="16777215" guid="CC800AA5-4459-7765-196E-0EFD89460DB4">
    <durationSetting countMinimum="1" countTransition="1" countAction="1" countBubble="1" countSpeech="1"/>
    <char id="AVATOR240" index="1" raceCode="1">
      <action face="1" motionface="1">ugc.9370126.stand.xml</action>
      <x>324.5</x>
      <y>197</y>
      <xscale>1</xscale>
      <yscale>1</yscale>
      <rotation>0</rotation>
    </char>
    <effectAsset id="EFFECT62" themecode="common" index="2">
      <effect x="0" y="0" w="550" h="310" rotate="0" id="cut" type="ZOOM" isCut="true" isPan="false"/>
      <x>47</x>
      <y>24</y>
      <width>550</width>
      <height>354</height>
      <speech>0</speech>
    </effectAsset>
  </scene>
  <scene id="SCENE35" adelay="60" lock="N" index="9" color="16777215" guid="686AAE0E-E480-8250-676C-22E98BACBB18">
    <durationSetting countMinimum="1" countTransition="1" countAction="1" countBubble="1" countSpeech="1"/>
    <bubbleAsset id="BUBBLE787" index="1">
      <x>182.5</x>
      <y>156</y>
      <xscale>1</xscale>
      <yscale>1</yscale>
      <rotation>0</rotation>
      <fx>easeNone</fx>
      <fxdur>0</fxdur>
      <bubble x="0" y="0" w="180" h="90" rotate="0" type="BLANK" hasTail="0" colorStyle="1" autoTextResize="true">
        <body rgb="16777215" shadow="1" bgAlpha="0" linergb="0" tailx="180" taily="110" paddingHorizontal="0" paddingVertical="0"/>
        <text rgb="0" alpha="100" font="Accidental Presidency" size="47" align="center" bold="false" italic="false" embed="true">character:2</text>
        <url target="top"><![CDATA[]]></url>
      </bubble>
    </bubbleAsset>
    <effectAsset id="EFFECT64" themecode="common" index="2">
      <effect x="0" y="0" w="550" h="310" rotate="0" id="cut" type="ZOOM" isCut="true" isPan="false"/>
      <x>47</x>
      <y>24</y>
      <width>550</width>
      <height>354</height>
      <speech>0</speech>
    </effectAsset>
  </scene>
  <scene id="SCENE36" adelay="60" lock="N" index="10" color="16777215" guid="2799202D-EECD-13C6-C44A-F7F4F199B249">
    <durationSetting countMinimum="1" countTransition="1" countAction="1" countBubble="1" countSpeech="1"/>
    <char id="AVATOR241" index="1" raceCode="1">
      <action face="1" motionface="1">ugc.10085953.stand.xml</action>
      <x>272.5</x>
      <y>201</y>
      <xscale>1</xscale>
      <yscale>1</yscale>
      <rotation>0</rotation>
    </char>
    <effectAsset id="EFFECT66" themecode="common" index="2">
      <effect x="0" y="0" w="550" h="310" rotate="0" id="cut" type="ZOOM" isCut="true" isPan="false"/>
      <x>47</x>
      <y>24</y>
      <width>550</width>
      <height>354</height>
      <speech>0</speech>
    </effectAsset>
  </scene>
  <scene id="SCENE37" adelay="60" lock="N" index="11" color="16777215" guid="3EACDFA7-7565-CE5B-C436-A839B1781EEC">
    <durationSetting countMinimum="1" countTransition="1" countAction="1" countBubble="1" countSpeech="1"/>
    <bubbleAsset id="BUBBLE789" index="1">
      <x>182.5</x>
      <y>156</y>
      <xscale>1</xscale>
      <yscale>1</yscale>
      <rotation>0</rotation>
      <fx>easeNone</fx>
      <fxdur>0</fxdur>
      <bubble x="0" y="0" w="180" h="90" rotate="0" type="BLANK" hasTail="0" colorStyle="1" autoTextResize="true">
        <body rgb="16777215" shadow="1" bgAlpha="0" linergb="0" tailx="180" taily="110" paddingHorizontal="0" paddingVertical="0"/>
        <text rgb="0" alpha="100" font="Accidental Presidency" size="74" align="center" bold="false" italic="false" embed="true">1:talk:1</text>
        <url target="top"><![CDATA[]]></url>
      </bubble>
    </bubbleAsset>
    <effectAsset id="EFFECT68" themecode="common" index="2">
      <effect x="0" y="0" w="550" h="310" rotate="0" id="cut" type="ZOOM" isCut="true" isPan="false"/>
      <x>47</x>
      <y>24</y>
      <width>550</width>
      <height>354</height>
      <speech>0</speech>
    </effectAsset>
  </scene>
  <scene id="SCENE38" adelay="38" lock="Y" index="12" color="16777215" guid="1CA7782D-CEE6-F46E-D876-85C7DA35C9EE">
    <char id="AVATOR240" index="4" raceCode="1">
      <action face="-1" motionface="1">ugc.9370126.stand.xml</action>
      <prop id="PROP142" handstyle="flat">
        <file>common.msp_piratecom.msp_piratecom_ncc_03pirate_compass1.swf</file>
      </prop>
      <head id="PROP143" raceCode="1">
        <file>ugc.9370126.head.head_talkneutral.xml</file>
      </head>
      <x>163.5</x>
      <y>257</y>
      <xscale>0.56</xscale>
      <yscale>0.56</yscale>
      <rotation>0</rotation>
    </char>
    <char id="AVATOR241" index="6" raceCode="1">
      <action face="1" motionface="1">ugc.10085953.stand.xml</action>
      <x>309.5</x>
      <y>266</y>
      <xscale>0.53</xscale>
      <yscale>0.53</yscale>
      <rotation>0</rotation>
    </char>
    <prop id="PROP621" index="1">
      <file>ugc.30866638.swf</file>
      <x>240.7</x>
      <y>198.9</y>
      <xscale>0.51</xscale>
      <yscale>0.4</yscale>
      <face>1</face>
      <rotation>0</rotation>
    </prop>
    <prop id="PROP303" index="2">
      <file>common.ncc_pirate_deck.swf</file>
      <x>593</x>
      <y>277</y>
      <xscale>1</xscale>
      <yscale>1</yscale>
      <face>-1</face>
      <rotation>0</rotation>
    </prop>
    <prop id="PROP304" index="3">
      <file>common.ncc_pirate_deck.swf</file>
      <x>30</x>
      <y>277</y>
      <xscale>1</xscale>
      <yscale>1</yscale>
      <face>1</face>
      <rotation>0</rotation>
    </prop>
    <prop id="PROP309" index="5">
      <file>common.ncc_pirateship01_steel.swf</file>
      <x>206</x>
      <y>288</y>
      <xscale>0.71</xscale>
      <yscale>0.71</yscale>
      <face>1</face>
      <rotation>0</rotation>
    </prop>
    <effectAsset id="EFFECT6" themecode="common" index="7">
      <effect x="0" y="0" w="256.4" h="144.5163636" rotate="0" id="cut" type="ZOOM" isCut="true" isPan="false"/>
      <x>111.4</x>
      <y>170.4858182</y>
      <width>256.4</width>
      <height>165.0283636</height>
      <speech>0</speech>
    </effectAsset>
  </scene>
  <scene id="SCENE39" adelay="60" lock="N" index="13" color="16777215" guid="F6CBCF43-DCC6-1DE9-EBB6-78770954CC3E">
    <durationSetting countMinimum="1" countTransition="1" countAction="1" countBubble="1" countSpeech="1"/>
    <bubbleAsset id="BUBBLE809" index="1">
      <x>182.5</x>
      <y>156</y>
      <xscale>1</xscale>
      <yscale>1</yscale>
      <rotation>0</rotation>
      <fx>easeNone</fx>
      <fxdur>0</fxdur>
      <bubble x="0" y="0" w="180" h="90" rotate="0" type="BLANK" hasTail="0" colorStyle="1" autoTextResize="true">
        <body rgb="16777215" shadow="1" bgAlpha="0" linergb="0" tailx="180" taily="110" paddingHorizontal="0" paddingVertical="0"/>
        <text rgb="0" alpha="100" font="Accidental Presidency" size="74" align="center" bold="false" italic="false" embed="true">2:talk:1</text>
        <url target="top"><![CDATA[]]></url>
      </bubble>
    </bubbleAsset>
    <effectAsset id="EFFECT71" themecode="common" index="2">
      <effect x="0" y="0" w="550" h="310" rotate="0" id="cut" type="ZOOM" isCut="true" isPan="false"/>
      <x>47</x>
      <y>24</y>
      <width>550</width>
      <height>354</height>
      <speech>0</speech>
    </effectAsset>
  </scene>
  <scene id="SCENE40" adelay="60" lock="N" index="14" color="16777215" guid="AA143AAF-3E86-1DC6-6FB2-5C4A04492E4B">
    <durationSetting countMinimum="1" countTransition="1" countAction="1" countBubble="1" countSpeech="1"/>
    <char id="AVATOR820" index="4" raceCode="1">
      <action face="-1" motionface="1">ugc.9370126.stand.xml</action>
      <prop id="PROP145" handstyle="flat">
        <file>common.msp_piratecom.msp_piratecom_ncc_03pirate_compass1.swf</file>
      </prop>
      <head id="PROP146" raceCode="1">
        <file>ugc.9370126.head.head_neutral.xml</file>
      </head>
      <x>163.5</x>
      <y>257</y>
      <xscale>0.56</xscale>
      <yscale>0.56</yscale>
      <rotation>0</rotation>
    </char>
    <char id="AVATOR241" index="6" raceCode="1">
      <action face="1" motionface="1">ugc.10085953.stand.xml</action>
      <head id="PROP147" raceCode="1">
        <file>ugc.10085953.head.head_talkneutral.xml</file>
      </head>
      <x>309.5</x>
      <y>266</y>
      <xscale>0.53</xscale>
      <yscale>0.53</yscale>
      <rotation>0</rotation>
    </char>
    <prop id="PROP107" index="1">
      <file>ugc.30866638.swf</file>
      <x>240.7</x>
      <y>198.9</y>
      <xscale>0.51</xscale>
      <yscale>0.4</yscale>
      <face>1</face>
      <rotation>0</rotation>
    </prop>
    <prop id="PROP120" index="2">
      <file>common.ncc_pirate_deck.swf</file>
      <x>593</x>
      <y>277</y>
      <xscale>1</xscale>
      <yscale>1</yscale>
      <face>-1</face>
      <rotation>0</rotation>
    </prop>
    <prop id="PROP121" index="3">
      <file>common.ncc_pirate_deck.swf</file>
      <x>30</x>
      <y>277</y>
      <xscale>1</xscale>
      <yscale>1</yscale>
      <face>1</face>
      <rotation>0</rotation>
    </prop>
    <prop id="PROP126" index="5">
      <file>common.ncc_pirateship01_steel.swf</file>
      <x>206</x>
      <y>288</y>
      <xscale>0.71</xscale>
      <yscale>0.71</yscale>
      <face>1</face>
      <rotation>0</rotation>
    </prop>
    <effectAsset id="EFFECT6" themecode="common" index="7">
      <effect x="0" y="0" w="256.4" h="144.5163636" rotate="0" id="cut" type="ZOOM" isCut="true" isPan="false"/>
      <x>111.4</x>
      <y>170.4858182</y>
      <width>256.4</width>
      <height>165.0283636</height>
      <speech>0</speech>
    </effectAsset>
  </scene>
  <scene id="SCENE41" adelay="60" lock="N" index="15" color="16777215" guid="2B7C2379-8917-FC2C-ED30-EEDC25BBB96F">
    <durationSetting countMinimum="1" countTransition="1" countAction="1" countBubble="1" countSpeech="1"/>
    <bubbleAsset id="BUBBLE811" index="1">
      <x>182.5</x>
      <y>156</y>
      <xscale>1</xscale>
      <yscale>1</yscale>
      <rotation>0</rotation>
      <fx>easeNone</fx>
      <fxdur>0</fxdur>
      <bubble x="0" y="0" w="180" h="90" rotate="0" type="BLANK" hasTail="0" colorStyle="1" autoTextResize="true">
        <body rgb="16777215" shadow="1" bgAlpha="0" linergb="0" tailx="180" taily="110" paddingHorizontal="0" paddingVertical="0"/>
        <text rgb="0" alpha="100" font="Accidental Presidency" size="74" align="center" bold="false" italic="false" embed="true">1:talk:2</text>
        <url target="top"><![CDATA[]]></url>
      </bubble>
    </bubbleAsset>
    <effectAsset id="EFFECT74" themecode="common" index="2">
      <effect x="0" y="0" w="550" h="310" rotate="0" id="cut" type="ZOOM" isCut="true" isPan="false"/>
      <x>47</x>
      <y>24</y>
      <width>550</width>
      <height>354</height>
      <speech>0</speech>
    </effectAsset>
  </scene>
  <scene id="SCENE42" adelay="60" lock="N" index="16" color="16777215" guid="A430BF28-D665-0AF9-E492-2E7554F4C444">
    <durationSetting countMinimum="1" countTransition="1" countAction="1" countBubble="1" countSpeech="1"/>
    <char id="AVATOR240" index="3" raceCode="1">
      <action face="-1" motionface="1">ugc.9370126.stand.xml</action>
      <head id="PROP148" raceCode="1">
        <file>ugc.9370126.head.head_talkneutral.xml</file>
      </head>
      <x>96.5</x>
      <y>215</y>
      <xscale>0.61</xscale>
      <yscale>0.61</yscale>
      <rotation>0</rotation>
    </char>
    <prop id="PROP584" index="1">
      <file>common.msp_clound02.msp_clound02_ncc_cloud03.swf</file>
      <x>123.9</x>
      <y>163.4</y>
      <xscale>0.75</xscale>
      <yscale>0.75</yscale>
      <face>1</face>
      <rotation>0</rotation>
      <color r="ccColorA">10066329</color>
    </prop>
    <prop id="PROP359" index="2">
      <file>ugc.30864297.swf</file>
      <x>120.5</x>
      <y>194</y>
      <xscale>0.17</xscale>
      <yscale>0.17</yscale>
      <face>1</face>
      <rotation>0</rotation>
    </prop>
    <prop id="PROP591" index="4">
      <file>common.ncc_pirateship01_steel.swf</file>
      <x>145</x>
      <y>240</y>
      <xscale>0.71</xscale>
      <yscale>0.71</yscale>
      <face>1</face>
      <rotation>0</rotation>
    </prop>
    <effectAsset id="EFFECT6" themecode="common" index="5">
      <effect x="0" y="0" w="105.6" h="59.52" rotate="0" id="cut" type="ZOOM" isCut="true" isPan="false"/>
      <x>68.7</x>
      <y>158.016</y>
      <width>105.6</width>
      <height>67.968</height>
      <speech>0</speech>
    </effectAsset>
  </scene>
  <scene id="SCENE43" adelay="60" lock="N" index="17" color="16777215" guid="10644B0C-099C-402A-63F4-6982C3E50733">
    <durationSetting countMinimum="1" countTransition="1" countAction="1" countBubble="1" countSpeech="1"/>
    <bubbleAsset id="BUBBLE819" index="1">
      <x>182.5</x>
      <y>156</y>
      <xscale>1</xscale>
      <yscale>1</yscale>
      <rotation>0</rotation>
      <fx>easeNone</fx>
      <fxdur>0</fxdur>
      <bubble x="0" y="0" w="180" h="90" rotate="0" type="BLANK" hasTail="0" colorStyle="1" autoTextResize="true">
        <body rgb="16777215" shadow="1" bgAlpha="0" linergb="0" tailx="180" taily="110" paddingHorizontal="0" paddingVertical="0"/>
        <text rgb="0" alpha="100" font="Accidental Presidency" size="74" align="center" bold="false" italic="false" embed="true">2:talk:2</text>
        <url target="top"><![CDATA[]]></url>
      </bubble>
    </bubbleAsset>
    <effectAsset id="EFFECT77" themecode="common" index="2">
      <effect x="0" y="0" w="550" h="310" rotate="0" id="cut" type="ZOOM" isCut="true" isPan="false"/>
      <x>47</x>
      <y>24</y>
      <width>550</width>
      <height>354</height>
      <speech>0</speech>
    </effectAsset>
  </scene>
  <scene id="SCENE44" adelay="60" lock="N" index="18" color="16777215" guid="70EDC2FE-EE59-CA29-1458-83C0A4C643E2">
    <durationSetting countMinimum="1" countTransition="1" countAction="1" countBubble="1" countSpeech="1"/>
    <char id="AVATOR240" index="3" raceCode="1">
      <action face="-1" motionface="1">ugc.9370126.stand.xml</action>
      <x>96.5</x>
      <y>215</y>
      <xscale>0.61</xscale>
      <yscale>0.61</yscale>
      <rotation>0</rotation>
    </char>
    <char id="AVATOR241" index="5" raceCode="1">
      <action face="1" motionface="1">ugc.10085953.stand.xml</action>
      <head id="PROP149" raceCode="1">
        <file>ugc.10085953.head.head_talkneutral.xml</file>
      </head>
      <x>232.5</x>
      <y>277</y>
      <xscale>0.53</xscale>
      <yscale>0.53</yscale>
      <rotation>0</rotation>
    </char>
    <prop id="PROP312" index="1">
      <file>common.msp_clound02.msp_clound02_ncc_cloud02.swf</file>
      <x>248</x>
      <y>183</y>
      <xscale>0.23</xscale>
      <yscale>0.55</yscale>
      <face>1</face>
      <rotation>0</rotation>
      <color r="ccColorA">10066329</color>
    </prop>
    <prop id="PROP314" index="2">
      <file>common.square01.swf</file>
      <x>331.5</x>
      <y>301</y>
      <xscale>10.13</xscale>
      <yscale>3.43</yscale>
      <face>1</face>
      <rotation>0</rotation>
      <color r="ccColorA">3100266</color>
    </prop>
    <prop id="PROP139" index="4">
      <file>ugc.30864297.swf</file>
      <x>215.7</x>
      <y>255.4</y>
      <xscale>0.17</xscale>
      <yscale>0.17</yscale>
      <face>1</face>
      <rotation>0</rotation>
    </prop>
    <effectAsset id="EFFECT6" themecode="common" index="6">
      <effect x="0" y="0" w="105.6" h="59.52" rotate="0" id="cut" type="ZOOM" isCut="true" isPan="false"/>
      <x>161.7</x>
      <y>220.016</y>
      <width>105.6</width>
      <height>67.968</height>
      <speech>0</speech>
    </effectAsset>
  </scene>
  <scene id="SCENE45" adelay="60" lock="N" index="19" color="16777215" guid="EF24B0EF-3DFD-4671-BAAD-E21E03C36401">
    <durationSetting countMinimum="1" countTransition="1" countAction="1" countBubble="1" countSpeech="1"/>
    <bubbleAsset id="BUBBLE829" index="1">
      <x>182.5</x>
      <y>156</y>
      <xscale>1</xscale>
      <yscale>1</yscale>
      <rotation>0</rotation>
      <fx>easeNone</fx>
      <fxdur>0</fxdur>
      <bubble x="0" y="0" w="180" h="90" rotate="0" type="BLANK" hasTail="0" colorStyle="1" autoTextResize="true">
        <body rgb="16777215" shadow="1" bgAlpha="0" linergb="0" tailx="180" taily="110" paddingHorizontal="0" paddingVertical="0"/>
        <text rgb="0" alpha="100" font="Accidental Presidency" size="74" align="center" bold="false" italic="false" embed="true">1:talk:3</text>
        <url target="top"><![CDATA[]]></url>
      </bubble>
    </bubbleAsset>
    <effectAsset id="EFFECT80" themecode="common" index="2">
      <effect x="0" y="0" w="550" h="310" rotate="0" id="cut" type="ZOOM" isCut="true" isPan="false"/>
      <x>47</x>
      <y>24</y>
      <width>550</width>
      <height>354</height>
      <speech>0</speech>
    </effectAsset>
  </scene>
  <scene id="SCENE46" adelay="60" lock="N" index="20" color="16777215" guid="171A46F9-CC80-C72A-4860-C1776D277DCD">
    <durationSetting countMinimum="1" countTransition="1" countAction="1" countBubble="1" countSpeech="1"/>
    <char id="AVATOR240" index="3" raceCode="1">
      <action face="-1" motionface="1">ugc.9370126.stand.xml</action>
      <prop id="PROP151" handstyle="flat">
        <file>common.msp_piratecom.msp_piratecom_ncc_03pirate_compass1.swf</file>
      </prop>
      <head id="PROP152" raceCode="1">
        <file>ugc.9370126.head.head_talkneutral.xml</file>
      </head>
      <x>242.5</x>
      <y>232.6</y>
      <xscale>1.78</xscale>
      <yscale>1.78</yscale>
      <rotation>0</rotation>
    </char>
    <prop id="PROP619" index="1">
      <file>ugc.30866638.swf</file>
      <x>354.8</x>
      <y>68.7</y>
      <xscale>1.27</xscale>
      <yscale>1.14</yscale>
      <face>1</face>
      <rotation>0</rotation>
    </prop>
    <prop id="PROP402" index="2">
      <file>common.ncc_pirate_deck.swf</file>
      <x>76</x>
      <y>303.7</y>
      <xscale>2.85</xscale>
      <yscale>2.85</yscale>
      <face>1</face>
      <rotation>0</rotation>
    </prop>
    <prop id="PROP410" index="4">
      <file>common.ncc_pirateship01_steel.swf</file>
      <x>411</x>
      <y>302.2</y>
      <xscale>2.91</xscale>
      <yscale>2.91</yscale>
      <face>1</face>
      <rotation>0</rotation>
    </prop>
    <effectAsset id="EFFECT82" themecode="common" index="5">
      <effect x="0" y="0" w="550" h="310" rotate="0" id="cut" type="ZOOM" isCut="true" isPan="false"/>
      <x>47</x>
      <y>24</y>
      <width>550</width>
      <height>354</height>
      <speech>0</speech>
    </effectAsset>
  </scene>
  <scene id="SCENE47" adelay="60" lock="N" index="21" color="16777215" guid="F908BAAB-D17A-8708-52FB-A02DCA6383DF">
    <durationSetting countMinimum="1" countTransition="1" countAction="1" countBubble="1" countSpeech="1"/>
    <bubbleAsset id="BUBBLE841" index="1">
      <x>182.5</x>
      <y>156</y>
      <xscale>1</xscale>
      <yscale>1</yscale>
      <rotation>0</rotation>
      <fx>easeNone</fx>
      <fxdur>0</fxdur>
      <bubble x="0" y="0" w="180" h="90" rotate="0" type="BLANK" hasTail="0" colorStyle="1" autoTextResize="true">
        <body rgb="16777215" shadow="1" bgAlpha="0" linergb="0" tailx="180" taily="110" paddingHorizontal="0" paddingVertical="0"/>
        <text rgb="0" alpha="100" font="Accidental Presidency" size="74" align="center" bold="false" italic="false" embed="true">2:talk:3</text>
        <url target="top"><![CDATA[]]></url>
      </bubble>
    </bubbleAsset>
    <effectAsset id="EFFECT84" themecode="common" index="2">
      <effect x="0" y="0" w="550" h="310" rotate="0" id="cut" type="ZOOM" isCut="true" isPan="false"/>
      <x>47</x>
      <y>24</y>
      <width>550</width>
      <height>354</height>
      <speech>0</speech>
    </effectAsset>
  </scene>
  <scene id="SCENE48" adelay="60" lock="N" index="22" color="16777215" guid="3A49F3B4-06ED-200D-B0EA-CF752B6F993E">
    <durationSetting countMinimum="1" countTransition="1" countAction="1" countBubble="1" countSpeech="1"/>
    <char id="AVATOR241" index="5" raceCode="1">
      <action face="1" motionface="1">ugc.10085953.stand.xml</action>
      <head id="PROP153" raceCode="1">
        <file>ugc.10085953.head.head_talkneutral.xml</file>
      </head>
      <x>449.5</x>
      <y>281</y>
      <xscale>1.31</xscale>
      <yscale>1.31</yscale>
      <rotation>0</rotation>
    </char>
    <char id="AVATOR240" index="7" raceCode="1">
      <action face="1" motionface="1">ugc.9370126.sword_pose_2.xml</action>
      <prop id="PROP163" handstyle="flat">
        <file>common.msp_piratecom.msp_piratecom_ncc_03pirate_compass3.swf</file>
      </prop>
      <x>184.5</x>
      <y>668</y>
      <xscale>4.69</xscale>
      <yscale>4.69</yscale>
      <rotation>121.7</rotation>
    </char>
    <prop id="PROP602" index="1">
      <file>common.square01.swf</file>
      <x>329.5</x>
      <y>354</y>
      <xscale>10.13</xscale>
      <yscale>3.43</yscale>
      <face>1</face>
      <rotation>0</rotation>
      <color r="ccColorA">3100266</color>
    </prop>
    <prop id="PROP167" index="2">
      <file>ugc.30866638.swf</file>
      <x>324.1</x>
      <y>197.6</y>
      <xscale>1.07</xscale>
      <yscale>1</yscale>
      <face>1</face>
      <rotation>0</rotation>
    </prop>
    <prop id="PROP603" index="3">
      <file>common.ncc_pirate_deck.swf</file>
      <x>614.9</x>
      <y>334</y>
      <xscale>1.29</xscale>
      <yscale>1.29</yscale>
      <face>-1</face>
      <rotation>0</rotation>
    </prop>
    <prop id="PROP607" index="4">
      <file>common.ncc_pirate_deck.swf</file>
      <x>-111.9</x>
      <y>334</y>
      <xscale>1.29</xscale>
      <yscale>1.29</yscale>
      <face>1</face>
      <rotation>0</rotation>
    </prop>
    <prop id="PROP614" index="6">
      <file>common.ncc_pirateship01_steel.swf</file>
      <x>633</x>
      <y>501</y>
      <xscale>6.64</xscale>
      <yscale>4.41</yscale>
      <face>1</face>
      <rotation>0</rotation>
    </prop>
    <effectAsset id="EFFECT86" themecode="common" index="8">
      <effect x="0" y="0" w="550" h="310" rotate="0" id="cut" type="ZOOM" isCut="true" isPan="false"/>
      <x>47</x>
      <y>24</y>
      <width>550</width>
      <height>354</height>
      <speech>0</speech>
    </effectAsset>
  </scene>
  <scene id="SCENE49" adelay="60" lock="N" index="23" color="16777215" guid="8759D994-1242-15FE-CF40-3B6F0905FDDC">
    <durationSetting countMinimum="1" countTransition="1" countAction="1" countBubble="1" countSpeech="1"/>
    <bubbleAsset id="BUBBLE855" index="1">
      <x>182.5</x>
      <y>156</y>
      <xscale>1</xscale>
      <yscale>1</yscale>
      <rotation>0</rotation>
      <fx>easeNone</fx>
      <fxdur>0</fxdur>
      <bubble x="0" y="0" w="180" h="90" rotate="0" type="BLANK" hasTail="0" colorStyle="1" autoTextResize="true">
        <body rgb="16777215" shadow="1" bgAlpha="0" linergb="0" tailx="180" taily="110" paddingHorizontal="0" paddingVertical="0"/>
        <text rgb="0" alpha="100" font="Accidental Presidency" size="65" align="center" bold="false" italic="false" embed="true">closing:1</text>
        <url target="top"><![CDATA[]]></url>
      </bubble>
    </bubbleAsset>
    <effectAsset id="EFFECT88" themecode="common" index="2">
      <effect x="0" y="0" w="550" h="310" rotate="0" id="cut" type="ZOOM" isCut="true" isPan="false"/>
      <x>47</x>
      <y>24</y>
      <width>550</width>
      <height>354</height>
      <speech>0</speech>
    </effectAsset>
  </scene>
  <scene id="SCENE50" adelay="42" lock="Y" index="24" color="16777215" guid="509C9F27-FC8C-659A-0CD3-AF9CBA97C084">
    <bg id="cbg_nccxmas_mangeroutdoor_BG7" index="0">
      <file>common.star_night.swf</file>
    </bg>
    <char id="AVATOR240" index="6" raceCode="1">
      <action face="1,-1" motionface="1">ugc.9370126.stand.xml</action>
      <x>215.5,186,182.5</x>
      <y>200,194,330</y>
      <xscale>0.09,0.09</xscale>
      <yscale>0.09,0.09</yscale>
      <rotation>1.2,-122.5</rotation>
      <assetMotion ver="1"/>
    </char>
    <prop id="PROP484" index="1">
      <file>common.msp_clound02.msp_clound02_ncc_cloud03.swf</file>
      <x>510.1</x>
      <y>88.2</y>
      <xscale>1.22</xscale>
      <yscale>1.59</yscale>
      <face>-1</face>
      <rotation>0</rotation>
      <color r="ccColorA">10066329</color>
    </prop>
    <prop id="PROP485" index="2">
      <file>common.ncc_stone01.swf</file>
      <x>518.3</x>
      <y>237.9</y>
      <xscale>0.89</xscale>
      <yscale>2.14</yscale>
      <face>1</face>
      <rotation>0</rotation>
    </prop>
    <prop id="PROP486" index="3">
      <file>common.ncc_stone01.swf</file>
      <x>397.7</x>
      <y>234.9</y>
      <xscale>0.89</xscale>
      <yscale>1.17</yscale>
      <face>1</face>
      <rotation>0</rotation>
      <color r="ccColorA">10066329</color>
    </prop>
    <prop id="PROP487" index="4">
      <file>common.nccha_grave_prop01.swf</file>
      <x>324</x>
      <y>314</y>
      <xscale>1</xscale>
      <yscale>1.35</yscale>
      <face>-1</face>
      <rotation>0</rotation>
      <color r="ccColorA">3381657</color>
    </prop>
    <prop id="PROP488" index="5">
      <file>common.msp_clound02.msp_clound02_ncc_cloud02.swf</file>
      <x>161.8</x>
      <y>121.3</y>
      <xscale>1.22</xscale>
      <yscale>1.59</yscale>
      <face>-1</face>
      <rotation>0</rotation>
      <color r="ccColorA">10066329</color>
    </prop>
    <prop id="PROP489" index="7">
      <file>common.msp_pirateship.msp_pirateship_ncc_pirateship_move.swf</file>
      <x>332</x>
      <y>175</y>
      <xscale>0.95</xscale>
      <yscale>0.95</yscale>
      <face>1</face>
      <rotation>0</rotation>
    </prop>
    <prop id="PROP490" index="8">
      <file>common.ncc_stone01.swf</file>
      <x>460.1</x>
      <y>261.9</y>
      <xscale>0.89</xscale>
      <yscale>1.86</yscale>
      <face>1</face>
      <rotation>0</rotation>
    </prop>
    <prop id="PROP491" index="9">
      <file>common.ncc_stone01.swf</file>
      <x>552.5</x>
      <y>256.9</y>
      <xscale>0.89</xscale>
      <yscale>2.3</yscale>
      <face>-1</face>
      <rotation>4.2</rotation>
      <color r="ccColorA">10066329</color>
    </prop>
    <prop id="PROP492" index="10">
      <file>common.nccha_grave_prop01.swf</file>
      <x>323</x>
      <y>321</y>
      <xscale>1</xscale>
      <yscale>1</yscale>
      <face>1</face>
      <rotation>0</rotation>
      <color r="ccColorA">26214</color>
    </prop>
    <prop id="PROP493" index="11">
      <file>common.ncc_stone01.swf</file>
      <x>406.1</x>
      <y>296.9</y>
      <xscale>1.1</xscale>
      <yscale>2.3</yscale>
      <face>1</face>
      <rotation>0</rotation>
    </prop>
    <prop id="PROP494" index="12">
      <file>common.ncc_stone01.swf</file>
      <x>94.1</x>
      <y>299.9</y>
      <xscale>1.8</xscale>
      <yscale>3.77</yscale>
      <face>1</face>
      <rotation>0</rotation>
    </prop>
    <prop id="PROP495" index="13">
      <file>common.nccha_grave_prop01.swf</file>
      <x>326</x>
      <y>351</y>
      <xscale>1</xscale>
      <yscale>0.86</yscale>
      <face>-1</face>
      <rotation>0</rotation>
      <color r="ccColorA">3368550</color>
    </prop>
    <effectAsset id="EFFECT8" themecode="common" index="14">
      <effect x="0" y="0" w="550" h="310" rotate="0" id="fadeOutEx" type="FADING" isIn="false" isOut="true"/>
      <x>47</x>
      <y>24</y>
      <width>550</width>
      <height>354</height>
      <speech>0</speech>
    </effectAsset>
    <effectAsset id="EFFECT90" themecode="common" index="15">
      <effect x="0" y="0" w="550" h="310" rotate="0" id="cut" type="ZOOM" isCut="true" isPan="false"/>
      <x>47</x>
      <y>24</y>
      <width>550</width>
      <height>354</height>
      <speech>0</speech>
    </effectAsset>
  </scene>
</film>
