<?xml version="1.0" encoding="utf-8"?>
<cc_char xscale="1" yscale="1" hxscale="1" hyscale="1" headdx="-3" headdy="0" version="2.0"><color r="ccSkinColor">0xEAD2B0</color><color r="ccEyeLib">0xBD8764</color><color r="ccEyeIris">0x229188</color><color r="ccGlassesFrame">0xBE10B0</color><color r="ccGlassesLens">0x737373</color><color r="ccMouthLip">0xB7796A</color><color r="ccEyebrow">0x321F1B</color><color r="ccBackMajor">0x000000</color><color r="ccBackMinor">0x000000</color><color r="ccHairMajor">0x321F1B</color><component type="bodyshape" component_id="default" theme_id="cc2" x="0" y="0" xscale="1" yscale="1" offset="0" rotation="0" gobucks="0" gopoints="0"/><component type="freeaction" component_id="default" theme_id="cc2" x="0" y="0" xscale="1" yscale="1" offset="0" rotation="0" gobucks="0" gopoints="0"/><component type="faceshape" component_id="039" theme_id="cc2" x="0" y="-4" xscale="0.92" yscale="0.93" offset="0" rotation="0" gobucks="10" gopoints="0"/><component type="hair" component_id="092" theme_id="cc2" x="1" y="-27" xscale="0.81" yscale="0.57" offset="0" rotation="12" gobucks="40" gopoints="0"/><component type="eye" component_id="2003" theme_id="cc2" x="0" y="-3" xscale="0.98" yscale="0.76" offset="-1" rotation="-8" gobucks="10" gopoints="0"/><component type="eyebrow" component_id="2001" theme_id="cc2" x="0" y="-3" xscale="0.92" yscale="1" offset="0" rotation="9" gobucks="0" gopoints="0"/><component type="nose" component_id="027" theme_id="cc2" x="2" y="-7" xscale="1" yscale="1.13" offset="0" rotation="0" gobucks="20" gopoints="0"/><component type="mouth" component_id="017" theme_id="cc2" x="-3" y="-5" xscale="1" yscale="1" offset="0" rotation="-5" gobucks="20" gopoints="0"/><component id="ID6947" type="facedecoration" component_id="080" theme_id="cc2" x="-3" y="-31" xscale="1" yscale="1" offset="0" rotation="111" gobucks="10" gopoints="0"/><component id="ID348" type="facedecoration" component_id="080" theme_id="cc2" x="-33" y="-4" xscale="0.7" yscale="0.65" offset="0" rotation="0" gobucks="10" gopoints="0"/><component id="ID9636" type="facedecoration" component_id="080" theme_id="cc2" x="6" y="-32" xscale="0.47" yscale="0.44" offset="0" rotation="53" gobucks="10" gopoints="0"/><component id="ID3574" type="facedecoration" component_id="080" theme_id="cc2" x="6" y="-32" xscale="0.51" yscale="0.33" offset="0" rotation="68" gobucks="10" gopoints="0"/><component id="ID2689" type="facedecoration" component_id="080" theme_id="cc2" x="6" y="-33" xscale="0.51" yscale="0.4" offset="0" rotation="32" gobucks="10" gopoints="0"/><component id="ID3714" type="facedecoration" component_id="080" theme_id="cc2" x="-20" y="-42" xscale="0.5" yscale="0.36" offset="0" rotation="0" gobucks="10" gopoints="0"/><component id="ID1014" type="facedecoration" component_id="080" theme_id="cc2" x="-21" y="-60" xscale="0.65" yscale="0.3" offset="0" rotation="98" gobucks="10" gopoints="0"/><component type="ear" component_id="008" theme_id="cc2" x="-1" y="-5" xscale="0.9" yscale="1" offset="0" rotation="0" gobucks="5" gopoints="0"/><library type="GoUpper" component_id="241" theme_id="cc2" gobucks="40" gopoints="0"/><library type="GoLower" component_id="013" theme_id="cc2" gobucks="10" gopoints="0"/><library type="GoHands" component_id="2001" theme_id="cc2" gobucks="0" gopoints="0"/></cc_char>