<?xml version="1.0"?>
<film copyable="0" duration="49.2" published="0" pshare="0" isWide="1">
  <meta>
    <title>Done Your homework?</title>
    <tag/>
    <hiddenTag/>
    <desc></desc>
    <mver><![CDATA[4]]></mver>
    <studio>a76d829cef09f7bb9bef739f686c0449acbaded8</studio>
    <thumbnail index="0"/>
    <palette>
      <color value="333333"/>
      <color value="999999"/>
      <color value="fbfbfb"/>
      <color value="669999"/>
      <color value="55bbaa"/>
      <color value="7fbb11"/>
      <color value="15709b"/>
      <color value="9a5d1"/>
      <color value="6ab8d6"/>
      <color value="da2021"/>
      <color value="fecd31"/>
      <color value="28c6c1"/>
      <color value="37444f"/>
    </palette>
  </meta>
  <scene id="SCENE24" adelay="39" lock="Y" index="0" color="16777215" guid="32426E33-DB00-9772-92EF-6627E536AB72">
    <bg id="BG2" index="0">
      <file>custom.classroom_bg.swf</file>
      <color r="ccColorA" oc="0x0">8754265</color>
    </bg>
    <prop id="PROP121" index="1">
      <file>custom.classrm_tech_table.swf</file>
      <x>237</x>
      <y>294</y>
      <xscale>1</xscale>
      <yscale>1</yscale>
      <face>1</face>
      <rotation>0</rotation>
    </prop>
    <prop id="PROP122" index="2">
      <file>custom.classrm_stu_table.swf</file>
      <x>599.5</x>
      <y>286</y>
      <xscale>0.65</xscale>
      <yscale>0.65</yscale>
      <face>1</face>
      <rotation>0</rotation>
    </prop>
    <prop id="PROP123" index="3">
      <file>custom.classrm_tech_chair.swf</file>
      <x>513.5</x>
      <y>273</y>
      <xscale>0.79</xscale>
      <yscale>0.79</yscale>
      <face>1</face>
      <rotation>0</rotation>
    </prop>
    <prop id="PROP125" index="4">
      <file>custom.classrm_stu_table.swf</file>
      <x>464.3</x>
      <y>283.6</y>
      <xscale>0.74</xscale>
      <yscale>0.74</yscale>
      <face>1</face>
      <rotation>0</rotation>
    </prop>
    <prop id="PROP127" index="5">
      <file>custom.classrm_stu_table.swf</file>
      <x>635.5</x>
      <y>313</y>
      <xscale>0.8</xscale>
      <yscale>0.8</yscale>
      <face>1</face>
      <rotation>0</rotation>
    </prop>
    <prop id="PROP128" index="6">
      <file>custom.classrm_tech_chair.swf</file>
      <x>548.5</x>
      <y>293</y>
      <xscale>0.92</xscale>
      <yscale>0.92</yscale>
      <face>1</face>
      <rotation>0</rotation>
    </prop>
    <prop id="PROP130" index="7">
      <file>custom.classrm_stu_table.swf</file>
      <x>505.4</x>
      <y>313.3</y>
      <xscale>0.91</xscale>
      <yscale>0.91</yscale>
      <face>1</face>
      <rotation>0</rotation>
    </prop>
    <effectAsset id="EFFECT40" themecode="common" index="8">
      <effect x="0" y="0" w="550" h="310" rotate="0" id="cut" type="ZOOM" isCut="true" isPan="false"/>
      <x>47</x>
      <y>24</y>
      <width>550</width>
      <height>354</height>
      <speech>0</speech>
    </effectAsset>
  </scene>
  <scene id="SCENE25" adelay="60" lock="N" index="1" color="16777215" guid="1B0D2AD4-4963-0608-2099-26D76A13B035">
    <durationSetting countMinimum="1" countTransition="1" countAction="1" countBubble="1" countSpeech="1"/>
    <bubbleAsset id="BUBBLE490" index="1">
      <x>183</x>
      <y>156</y>
      <xscale>1</xscale>
      <yscale>1</yscale>
      <rotation>0</rotation>
      <fx>easeNone</fx>
      <fxdur>0</fxdur>
      <bubble x="0" y="0" w="180" h="90" rotate="0" type="BLANK" hasTail="0" colorStyle="1" autoTextResize="true">
        <body rgb="16777215" shadow="1" bgAlpha="0" linergb="0" tailx="180" taily="110" paddingHorizontal="0" paddingVertical="0"/>
        <text rgb="0" alpha="100" font="Accidental Presidency" size="60" align="center" bold="false" italic="false" embed="true">opening:1</text>
        <url target="top"><![CDATA[]]></url>
      </bubble>
    </bubbleAsset>
    <effectAsset id="EFFECT42" themecode="common" index="2">
      <effect x="0" y="0" w="550" h="310" rotate="0" id="cut" type="ZOOM" isCut="true" isPan="false"/>
      <x>47</x>
      <y>24</y>
      <width>550</width>
      <height>354</height>
      <speech>0</speech>
    </effectAsset>
  </scene>
  <scene id="SCENE26" adelay="60" lock="N" index="2" color="16777215" guid="ACD112A4-7A58-2F50-A154-9B18C5BCAB1D">
    <durationSetting countMinimum="1" countTransition="1" countAction="1" countBubble="1" countSpeech="1"/>
    <bg id="cbg_school_ext_BG2" index="0">
      <file>custom.school_ext_bg.swf</file>
    </bg>
    <prop id="cbg_school_ext_PROP3" index="1">
      <file>custom.school_ext_gate.swf</file>
      <x>287</x>
      <y>248</y>
      <xscale>1</xscale>
      <yscale>1</yscale>
      <face>1</face>
      <rotation>0</rotation>
    </prop>
    <prop id="cbg_school_ext_PROP0" index="2">
      <file>custom.school_ext_tree01.swf</file>
      <x>79</x>
      <y>215</y>
      <xscale>1</xscale>
      <yscale>1</yscale>
      <face>1</face>
      <rotation>0</rotation>
    </prop>
    <prop id="cbg_school_ext_PROP1" index="3">
      <file>custom.school_ext_tree02.swf</file>
      <x>520</x>
      <y>228</y>
      <xscale>1</xscale>
      <yscale>1</yscale>
      <face>1</face>
      <rotation>0</rotation>
    </prop>
    <prop id="cbg_school_ext_PROP2" index="4">
      <file>custom.school_ext_flag.swf</file>
      <x>466</x>
      <y>203</y>
      <xscale>1</xscale>
      <yscale>1</yscale>
      <face>1</face>
      <rotation>0</rotation>
    </prop>
    <effectAsset id="EFFECT4" themecode="common" index="5">
      <effect x="0" y="0" w="550" h="310" rotate="0" id="fadeInEx" type="FADING" isIn="true" isOut="false"/>
      <x>47</x>
      <y>24</y>
      <width>550</width>
      <height>354</height>
      <speech>0</speech>
    </effectAsset>
    <effectAsset id="EFFECT44" themecode="common" index="6">
      <effect x="0" y="0" w="550" h="310" rotate="0" id="cut" type="ZOOM" isCut="true" isPan="false"/>
      <x>47</x>
      <y>24</y>
      <width>550</width>
      <height>354</height>
      <speech>0</speech>
    </effectAsset>
  </scene>
  <scene id="SCENE27" adelay="38" lock="Y" index="3" color="16777215" guid="99D037CD-9663-F9ED-9EF4-A3EFB29CFAC6">
    <bg id="BG2" index="0">
      <file>custom.classroom_bg.swf</file>
      <color r="ccColorA" oc="0x0">8754265</color>
    </bg>
    <char id="AVATOR376" index="1" raceCode="1">
      <action face="-1" motionface="1">ugc.15688438.stand.xml</action>
      <x>178</x>
      <y>230</y>
      <xscale>0.83</xscale>
      <yscale>0.83</yscale>
      <rotation>0</rotation>
    </char>
    <char id="AVATOR377" index="5" raceCode="1">
      <action face="1" motionface="1">ugc.15696177.sit.xml</action>
      <x>510</x>
      <y>251</y>
      <xscale>0.73</xscale>
      <yscale>0.73</yscale>
      <rotation>0</rotation>
    </char>
    <char id="AVATOR375" index="9" raceCode="1">
      <action face="1" motionface="1">ugc.15689601.sit.xml</action>
      <x>559</x>
      <y>257</y>
      <xscale>0.78</xscale>
      <yscale>0.78</yscale>
      <rotation>0</rotation>
    </char>
    <prop id="PROP36" index="2">
      <file>custom.classrm_tech_table.swf</file>
      <x>237</x>
      <y>294</y>
      <xscale>1</xscale>
      <yscale>1</yscale>
      <face>1</face>
      <rotation>0</rotation>
    </prop>
    <prop id="PROP43" index="3">
      <file>custom.classrm_stu_table.swf</file>
      <x>599.5</x>
      <y>286</y>
      <xscale>0.65</xscale>
      <yscale>0.65</yscale>
      <face>1</face>
      <rotation>0</rotation>
    </prop>
    <prop id="PROP37" index="4">
      <file>custom.classrm_tech_chair.swf</file>
      <x>513.5</x>
      <y>273</y>
      <xscale>0.79</xscale>
      <yscale>0.79</yscale>
      <face>1</face>
      <rotation>0</rotation>
    </prop>
    <prop id="PROP39" index="6">
      <file>custom.classrm_stu_table.swf</file>
      <x>464.3</x>
      <y>283.6</y>
      <xscale>0.74</xscale>
      <yscale>0.74</yscale>
      <face>1</face>
      <rotation>0</rotation>
    </prop>
    <prop id="PROP44" index="7">
      <file>custom.classrm_stu_table.swf</file>
      <x>635.5</x>
      <y>313</y>
      <xscale>0.8</xscale>
      <yscale>0.8</yscale>
      <face>1</face>
      <rotation>0</rotation>
    </prop>
    <prop id="PROP40" index="8">
      <file>custom.classrm_tech_chair.swf</file>
      <x>548.5</x>
      <y>293</y>
      <xscale>0.92</xscale>
      <yscale>0.92</yscale>
      <face>1</face>
      <rotation>0</rotation>
    </prop>
    <prop id="PROP42" index="10">
      <file>custom.classrm_stu_table.swf</file>
      <x>505.4</x>
      <y>313.3</y>
      <xscale>0.91</xscale>
      <yscale>0.91</yscale>
      <face>1</face>
      <rotation>0</rotation>
    </prop>
    <effectAsset id="EFFECT5" themecode="common" index="11">
      <effect x="0" y="0" w="487.9" h="274.9981818" rotate="0" id="pan" type="ZOOM" isCut="false" isPan="true"/>
      <x>47,105.9</x>
      <y>41.0849091,40.6987273</y>
      <width>487.9,489.1</width>
      <height>314.0301818,314.8025455</height>
      <speech>0</speech>
    </effectAsset>
  </scene>
  <scene id="SCENE28" adelay="22" lock="Y" index="4" color="16777215" guid="A10D2760-86AF-061C-0630-DB3E1748BBEB">
    <bg id="BG2" index="0">
      <file>custom.classroom_bg.swf</file>
      <color r="ccColorA" oc="0x0">8754265</color>
    </bg>
    <char id="AVATOR376" index="1" raceCode="1">
      <action face="-1" motionface="1">ugc.15688438.stand.xml</action>
      <x>178</x>
      <y>230</y>
      <xscale>0.83</xscale>
      <yscale>0.83</yscale>
      <rotation>0</rotation>
    </char>
    <char id="AVATOR377" index="5" raceCode="1">
      <action face="1" motionface="1">ugc.15696177.sit.xml</action>
      <x>510</x>
      <y>251</y>
      <xscale>0.73</xscale>
      <yscale>0.73</yscale>
      <rotation>0</rotation>
    </char>
    <char id="AVATOR375" index="9" raceCode="1">
      <action face="1" motionface="1">ugc.15689601.sit.xml</action>
      <x>559</x>
      <y>257</y>
      <xscale>0.78</xscale>
      <yscale>0.78</yscale>
      <rotation>0</rotation>
    </char>
    <prop id="PROP26" index="2">
      <file>custom.classrm_tech_table.swf</file>
      <x>237</x>
      <y>294</y>
      <xscale>1</xscale>
      <yscale>1</yscale>
      <face>1</face>
      <rotation>0</rotation>
    </prop>
    <prop id="PROP47" index="3">
      <file>custom.classrm_stu_table.swf</file>
      <x>599.5</x>
      <y>286</y>
      <xscale>0.65</xscale>
      <yscale>0.65</yscale>
      <face>1</face>
      <rotation>0</rotation>
    </prop>
    <prop id="PROP28" index="4">
      <file>custom.classrm_tech_chair.swf</file>
      <x>513.5</x>
      <y>273</y>
      <xscale>0.79</xscale>
      <yscale>0.79</yscale>
      <face>1</face>
      <rotation>0</rotation>
    </prop>
    <prop id="PROP50" index="6">
      <file>custom.classrm_stu_table.swf</file>
      <x>464.3</x>
      <y>283.6</y>
      <xscale>0.74</xscale>
      <yscale>0.74</yscale>
      <face>1</face>
      <rotation>0</rotation>
    </prop>
    <prop id="PROP31" index="7">
      <file>custom.classrm_stu_table.swf</file>
      <x>635.5</x>
      <y>313</y>
      <xscale>0.8</xscale>
      <yscale>0.8</yscale>
      <face>1</face>
      <rotation>0</rotation>
    </prop>
    <prop id="PROP52" index="8">
      <file>custom.classrm_tech_chair.swf</file>
      <x>548.5</x>
      <y>293</y>
      <xscale>0.92</xscale>
      <yscale>0.92</yscale>
      <face>1</face>
      <rotation>0</rotation>
    </prop>
    <prop id="PROP54" index="10">
      <file>custom.classrm_stu_table.swf</file>
      <x>505.4</x>
      <y>313.3</y>
      <xscale>0.91</xscale>
      <yscale>0.91</yscale>
      <face>1</face>
      <rotation>0</rotation>
    </prop>
    <effectAsset id="EFFECT5" themecode="common" index="11">
      <effect x="0" y="0" w="489.1" h="275.6745455" rotate="0" id="cut" type="ZOOM" isCut="true" isPan="false"/>
      <x>105.9</x>
      <y>40.6987273</y>
      <width>489.1</width>
      <height>314.8025455</height>
      <speech>0</speech>
    </effectAsset>
  </scene>
  <scene id="SCENE29" adelay="60" lock="N" index="5" color="16777215" guid="F6363E30-B28E-493C-E5FD-68BF79F42F1F">
    <durationSetting countMinimum="1" countTransition="1" countAction="1" countBubble="1" countSpeech="1"/>
    <bubbleAsset id="BUBBLE491" index="1">
      <x>183</x>
      <y>156</y>
      <xscale>1</xscale>
      <yscale>1</yscale>
      <rotation>0</rotation>
      <fx>easeNone</fx>
      <fxdur>0</fxdur>
      <bubble x="0" y="0" w="180" h="90" rotate="0" type="BLANK" hasTail="0" colorStyle="1" autoTextResize="true">
        <body rgb="16777215" shadow="1" bgAlpha="0" linergb="0" tailx="180" taily="110" paddingHorizontal="0" paddingVertical="0"/>
        <text rgb="0" alpha="100" font="Accidental Presidency" size="48" align="center" bold="false" italic="false" embed="true">character:1</text>
        <url target="top"><![CDATA[]]></url>
      </bubble>
    </bubbleAsset>
    <effectAsset id="EFFECT49" themecode="common" index="2">
      <effect x="0" y="0" w="550" h="310" rotate="0" id="cut" type="ZOOM" isCut="true" isPan="false"/>
      <x>47</x>
      <y>24</y>
      <width>550</width>
      <height>354</height>
      <speech>0</speech>
    </effectAsset>
  </scene>
  <scene id="SCENE30" adelay="60" lock="N" index="6" color="16777215" guid="BB29C554-2C8C-C4AE-B337-D3718CC09D1A">
    <durationSetting countMinimum="1" countTransition="1" countAction="1" countBubble="1" countSpeech="1"/>
    <char id="AVATOR492" index="1" raceCode="1">
      <action face="-1" motionface="1">ugc.15688438.stand.xml</action>
      <x>178</x>
      <y>230</y>
      <xscale>0.83</xscale>
      <yscale>0.83</yscale>
      <rotation>0</rotation>
    </char>
    <effectAsset id="EFFECT51" themecode="common" index="2">
      <effect x="0" y="0" w="550" h="310" rotate="0" id="cut" type="ZOOM" isCut="true" isPan="false"/>
      <x>47</x>
      <y>24</y>
      <width>550</width>
      <height>354</height>
      <speech>0</speech>
    </effectAsset>
  </scene>
  <scene id="SCENE31" adelay="60" lock="N" index="7" color="16777215" guid="3167A4F9-B802-3BA1-A5E7-4663D576D991">
    <durationSetting countMinimum="1" countTransition="1" countAction="1" countBubble="1" countSpeech="1"/>
    <bubbleAsset id="BUBBLE494" index="1">
      <x>183</x>
      <y>156</y>
      <xscale>1</xscale>
      <yscale>1</yscale>
      <rotation>0</rotation>
      <fx>easeNone</fx>
      <fxdur>0</fxdur>
      <bubble x="0" y="0" w="180" h="90" rotate="0" type="BLANK" hasTail="0" colorStyle="1" autoTextResize="true">
        <body rgb="16777215" shadow="1" bgAlpha="0" linergb="0" tailx="180" taily="110" paddingHorizontal="0" paddingVertical="0"/>
        <text rgb="0" alpha="100" font="Accidental Presidency" size="47" align="center" bold="false" italic="false" embed="true">character:2</text>
        <url target="top"><![CDATA[]]></url>
      </bubble>
    </bubbleAsset>
    <effectAsset id="EFFECT53" themecode="common" index="2">
      <effect x="0" y="0" w="550" h="310" rotate="0" id="cut" type="ZOOM" isCut="true" isPan="false"/>
      <x>47</x>
      <y>24</y>
      <width>550</width>
      <height>354</height>
      <speech>0</speech>
    </effectAsset>
  </scene>
  <scene id="SCENE32" adelay="60" lock="N" index="8" color="16777215" guid="5D5D65D1-F0CD-D16F-CC3A-AD4A1A9D7E23">
    <durationSetting countMinimum="1" countTransition="1" countAction="1" countBubble="1" countSpeech="1"/>
    <char id="AVATOR496" index="1" raceCode="1">
      <action face="1" motionface="1">ugc.15689601.sit.xml</action>
      <x>336</x>
      <y>187</y>
      <xscale>1.18</xscale>
      <yscale>1.18</yscale>
      <rotation>0</rotation>
    </char>
    <effectAsset id="EFFECT55" themecode="common" index="2">
      <effect x="0" y="0" w="550" h="310" rotate="0" id="cut" type="ZOOM" isCut="true" isPan="false"/>
      <x>47</x>
      <y>24</y>
      <width>550</width>
      <height>354</height>
      <speech>0</speech>
    </effectAsset>
  </scene>
  <scene id="SCENE33" adelay="60" lock="N" index="9" color="16777215" guid="544B131B-2ADC-B405-D30F-923E78A3EFB2">
    <durationSetting countMinimum="1" countTransition="1" countAction="1" countBubble="1" countSpeech="1"/>
    <bubbleAsset id="BUBBLE498" index="1">
      <x>183</x>
      <y>156</y>
      <xscale>1</xscale>
      <yscale>1</yscale>
      <rotation>0</rotation>
      <fx>easeNone</fx>
      <fxdur>0</fxdur>
      <bubble x="0" y="0" w="180" h="90" rotate="0" type="BLANK" hasTail="0" colorStyle="1" autoTextResize="true">
        <body rgb="16777215" shadow="1" bgAlpha="0" linergb="0" tailx="180" taily="110" paddingHorizontal="0" paddingVertical="0"/>
        <text rgb="0" alpha="100" font="Accidental Presidency" size="74" align="center" bold="false" italic="false" embed="true">1:talk:1</text>
        <url target="top"><![CDATA[]]></url>
      </bubble>
    </bubbleAsset>
    <effectAsset id="EFFECT57" themecode="common" index="2">
      <effect x="0" y="0" w="550" h="310" rotate="0" id="cut" type="ZOOM" isCut="true" isPan="false"/>
      <x>47</x>
      <y>24</y>
      <width>550</width>
      <height>354</height>
      <speech>0</speech>
    </effectAsset>
  </scene>
  <scene id="SCENE34" adelay="48" lock="Y" index="10" color="16777215" guid="94DE3333-44AA-9DF4-361C-9097594F1E48">
    <char id="AVATOR376" index="2" raceCode="1">
      <action face="-1" motionface="1">ugc.15688438.talk.xml</action>
      <head id="PROP76" raceCode="1">
        <file>ugc.15688438.head.head_neutral.xml</file>
      </head>
      <x>178</x>
      <y>230</y>
      <xscale>0.83</xscale>
      <yscale>0.83</yscale>
      <rotation>0</rotation>
    </char>
    <prop id="PROP138" index="1">
      <file>ugc.17818309.jpg</file>
      <x>193.2</x>
      <y>189.3</y>
      <xscale>0.24</xscale>
      <yscale>0.24</yscale>
      <face>1</face>
      <rotation>0</rotation>
    </prop>
    <prop id="PROP59" index="3">
      <file>custom.classrm_tech_table.swf</file>
      <x>237</x>
      <y>294</y>
      <xscale>1</xscale>
      <yscale>1</yscale>
      <face>1</face>
      <rotation>0</rotation>
    </prop>
    <effectAsset id="EFFECT5" themecode="common" index="4">
      <effect x="0" y="0" w="243.1" h="137.02" rotate="0" id="cut" type="ZOOM" isCut="true" isPan="false"/>
      <x>71.6</x>
      <y>109.016</y>
      <width>243.1</width>
      <height>156.468</height>
      <speech>0</speech>
    </effectAsset>
  </scene>
  <scene id="SCENE35" adelay="60" lock="N" index="11" color="16777215" guid="B33AC527-EA01-A564-B5E3-96E4E5276018">
    <durationSetting countMinimum="1" countTransition="1" countAction="1" countBubble="1" countSpeech="1"/>
    <bubbleAsset id="BUBBLE499" index="1">
      <x>183</x>
      <y>156</y>
      <xscale>1</xscale>
      <yscale>1</yscale>
      <rotation>0</rotation>
      <fx>easeNone</fx>
      <fxdur>0</fxdur>
      <bubble x="0" y="0" w="180" h="90" rotate="0" type="BLANK" hasTail="0" colorStyle="1" autoTextResize="true">
        <body rgb="16777215" shadow="1" bgAlpha="0" linergb="0" tailx="180" taily="110" paddingHorizontal="0" paddingVertical="0"/>
        <text rgb="0" alpha="100" font="Accidental Presidency" size="74" align="center" bold="false" italic="false" embed="true">2:talk:1</text>
        <url target="top"><![CDATA[]]></url>
      </bubble>
    </bubbleAsset>
    <effectAsset id="EFFECT60" themecode="common" index="2">
      <effect x="0" y="0" w="550" h="310" rotate="0" id="cut" type="ZOOM" isCut="true" isPan="false"/>
      <x>47</x>
      <y>24</y>
      <width>550</width>
      <height>354</height>
      <speech>0</speech>
    </effectAsset>
  </scene>
  <scene id="SCENE36" adelay="48" lock="Y" index="12" color="16777215" guid="D34589D4-46E4-CF33-C4D2-72C68832017C">
    <bg id="BG2" index="0">
      <file>custom.classroom_bg.swf</file>
      <color r="ccColorA" oc="0x0">8754265</color>
    </bg>
    <char id="AVATOR376" index="2" raceCode="1">
      <action face="-1" motionface="1">ugc.15688438.stand.xml</action>
      <x>178</x>
      <y>230</y>
      <xscale>0.83</xscale>
      <yscale>0.83</yscale>
      <rotation>0</rotation>
    </char>
    <char id="AVATOR377" index="6" raceCode="1">
      <action face="1" motionface="1">ugc.15696177.sit.xml</action>
      <x>470</x>
      <y>251</y>
      <xscale>0.73</xscale>
      <yscale>0.73</yscale>
      <rotation>0</rotation>
    </char>
    <char id="AVATOR375" index="10" raceCode="1">
      <action face="1" motionface="1">ugc.15689601.sit.xml</action>
      <head id="PROP77" raceCode="1">
        <file>ugc.15689601.head.head_neutral.xml</file>
      </head>
      <x>519</x>
      <y>257</y>
      <xscale>0.78</xscale>
      <yscale>0.78</yscale>
      <rotation>0</rotation>
    </char>
    <prop id="PROP118" index="1">
      <file>ugc.17841584.jpg</file>
      <x>472</x>
      <y>222</y>
      <xscale>0.26</xscale>
      <yscale>0.26</yscale>
      <face>1</face>
      <rotation>0</rotation>
    </prop>
    <prop id="PROP62" index="3">
      <file>custom.classrm_tech_table.swf</file>
      <x>237</x>
      <y>294</y>
      <xscale>1</xscale>
      <yscale>1</yscale>
      <face>1</face>
      <rotation>0</rotation>
    </prop>
    <prop id="PROP63" index="4">
      <file>custom.classrm_stu_table.swf</file>
      <x>559.5</x>
      <y>286</y>
      <xscale>0.65</xscale>
      <yscale>0.65</yscale>
      <face>1</face>
      <rotation>0</rotation>
    </prop>
    <prop id="PROP64" index="5">
      <file>custom.classrm_tech_chair.swf</file>
      <x>473.5</x>
      <y>273</y>
      <xscale>0.79</xscale>
      <yscale>0.79</yscale>
      <face>1</face>
      <rotation>0</rotation>
    </prop>
    <prop id="PROP66" index="7">
      <file>custom.classrm_stu_table.swf</file>
      <x>424.3</x>
      <y>283.6</y>
      <xscale>0.74</xscale>
      <yscale>0.74</yscale>
      <face>1</face>
      <rotation>0</rotation>
    </prop>
    <prop id="PROP67" index="8">
      <file>custom.classrm_stu_table.swf</file>
      <x>595.5</x>
      <y>313</y>
      <xscale>0.8</xscale>
      <yscale>0.8</yscale>
      <face>1</face>
      <rotation>0</rotation>
    </prop>
    <prop id="PROP68" index="9">
      <file>custom.classrm_tech_chair.swf</file>
      <x>508.5</x>
      <y>293</y>
      <xscale>0.92</xscale>
      <yscale>0.92</yscale>
      <face>1</face>
      <rotation>0</rotation>
    </prop>
    <prop id="PROP71" index="11">
      <file>custom.classrm_stu_table.swf</file>
      <x>465.4</x>
      <y>313.3</y>
      <xscale>0.91</xscale>
      <yscale>0.91</yscale>
      <face>1</face>
      <rotation>0</rotation>
    </prop>
    <effectAsset id="EFFECT5" themecode="common" index="12">
      <effect x="0" y="0" w="243.1" h="137.02" rotate="0" id="cut" type="ZOOM" isCut="true" isPan="false"/>
      <x>344.9</x>
      <y>148.716</y>
      <width>243.1</width>
      <height>156.468</height>
      <speech>0</speech>
    </effectAsset>
  </scene>
  <scene id="SCENE37" adelay="60" lock="N" index="13" color="16777215" guid="3D6E96B6-D189-D6CC-D69C-B8BA4D19E903">
    <durationSetting countMinimum="1" countTransition="1" countAction="1" countBubble="1" countSpeech="1"/>
    <bubbleAsset id="BUBBLE500" index="1">
      <x>183</x>
      <y>156</y>
      <xscale>1</xscale>
      <yscale>1</yscale>
      <rotation>0</rotation>
      <fx>easeNone</fx>
      <fxdur>0</fxdur>
      <bubble x="0" y="0" w="180" h="90" rotate="0" type="BLANK" hasTail="0" colorStyle="1" autoTextResize="true">
        <body rgb="16777215" shadow="1" bgAlpha="0" linergb="0" tailx="180" taily="110" paddingHorizontal="0" paddingVertical="0"/>
        <text rgb="0" alpha="100" font="Accidental Presidency" size="74" align="center" bold="false" italic="false" embed="true">2:talk:2</text>
        <url target="top"><![CDATA[]]></url>
      </bubble>
    </bubbleAsset>
    <effectAsset id="EFFECT63" themecode="common" index="2">
      <effect x="0" y="0" w="550" h="310" rotate="0" id="cut" type="ZOOM" isCut="true" isPan="false"/>
      <x>47</x>
      <y>24</y>
      <width>550</width>
      <height>354</height>
      <speech>0</speech>
    </effectAsset>
  </scene>
  <scene id="SCENE38" adelay="48" lock="Y" index="14" color="16777215" guid="6F84C812-7A13-3C4B-42E1-3FEC7D3E9D40">
    <char id="AVATOR377" index="2" raceCode="1">
      <action face="1" motionface="1">ugc.15696177.sit.xml</action>
      <x>240</x>
      <y>160</y>
      <xscale>1.14</xscale>
      <yscale>1.14</yscale>
      <rotation>0</rotation>
    </char>
    <char id="AVATOR375" index="3" raceCode="1">
      <action face="1" motionface="1">ugc.15689601.talk.xml</action>
      <head id="PROP78" raceCode="1">
        <file>ugc.15689601.head.head_neutral.xml</file>
      </head>
      <x>372</x>
      <y>196</y>
      <xscale>1.16</xscale>
      <yscale>1.16</yscale>
      <rotation>0</rotation>
    </char>
    <prop id="PROP259" index="1">
      <file>ugc.17820032.jpg</file>
      <x>325</x>
      <y>124</y>
      <xscale>0.29</xscale>
      <yscale>0.29</yscale>
      <face>1</face>
      <rotation>0</rotation>
    </prop>
    <prop id="PROP119" index="4">
      <file>ugc.17518754.swf</file>
      <x>202.1</x>
      <y>242.5</y>
      <xscale>0.96</xscale>
      <yscale>1.28</yscale>
      <face>-1</face>
      <rotation>0</rotation>
    </prop>
    <prop id="PROP126" index="5">
      <file>ugc.17518754.swf</file>
      <x>370.1</x>
      <y>242.5</y>
      <xscale>0.96</xscale>
      <yscale>1.28</yscale>
      <face>-1</face>
      <rotation>0</rotation>
    </prop>
    <effectAsset id="EFFECT5" themecode="common" index="6">
      <effect x="0" y="0" w="289.4" h="163.1163636" rotate="0" id="cut" type="ZOOM" isCut="true" isPan="false"/>
      <x>171.7</x>
      <y>34.424</y>
      <width>289.4</width>
      <height>186.2683636</height>
      <speech>0</speech>
    </effectAsset>
  </scene>
  <scene id="SCENE39" adelay="60" lock="N" index="15" color="16777215" guid="CCCDEDB6-5E28-EBD4-6F97-22699A5E1DA6">
    <durationSetting countMinimum="1" countTransition="1" countAction="1" countBubble="1" countSpeech="1"/>
    <bubbleAsset id="BUBBLE501" index="1">
      <x>183</x>
      <y>156</y>
      <xscale>1</xscale>
      <yscale>1</yscale>
      <rotation>0</rotation>
      <fx>easeNone</fx>
      <fxdur>0</fxdur>
      <bubble x="0" y="0" w="180" h="90" rotate="0" type="BLANK" hasTail="0" colorStyle="1" autoTextResize="true">
        <body rgb="16777215" shadow="1" bgAlpha="0" linergb="0" tailx="180" taily="110" paddingHorizontal="0" paddingVertical="0"/>
        <text rgb="0" alpha="100" font="Accidental Presidency" size="74" align="center" bold="false" italic="false" embed="true">1:talk:2</text>
        <url target="top"><![CDATA[]]></url>
      </bubble>
    </bubbleAsset>
    <effectAsset id="EFFECT66" themecode="common" index="2">
      <effect x="0" y="0" w="550" h="310" rotate="0" id="cut" type="ZOOM" isCut="true" isPan="false"/>
      <x>47</x>
      <y>24</y>
      <width>550</width>
      <height>354</height>
      <speech>0</speech>
    </effectAsset>
  </scene>
  <scene id="SCENE40" adelay="48" lock="Y" index="16" color="16777215" guid="B620A8C7-52A0-4426-1A9C-629ECEC552E4">
    <char id="AVATOR376" index="2" raceCode="1" faceCamera="true">
      <action face="1" motionface="1">ugc.15688438.talk.xml</action>
      <head id="PROP79" raceCode="1">
        <file>ugc.15688438.head.head_neutral.xml</file>
      </head>
      <x>319</x>
      <y>257</y>
      <xscale>1.18</xscale>
      <yscale>1.18</yscale>
      <rotation>0</rotation>
    </char>
    <prop id="PROP268" index="1">
      <file>ugc.17823211.jpg</file>
      <x>317</x>
      <y>205</y>
      <xscale>0.35</xscale>
      <yscale>0.35</yscale>
      <face>1</face>
      <rotation>0</rotation>
    </prop>
    <prop id="PROP83" index="3">
      <file>ugc.17518754.swf</file>
      <x>311.5</x>
      <y>345</y>
      <xscale>1.37</xscale>
      <yscale>1.8</yscale>
      <face>-1</face>
      <rotation>0</rotation>
      <color r="ccColorA">8745041</color>
    </prop>
    <effectAsset id="EFFECT5" themecode="common" index="4">
      <effect x="0" y="0" w="353.2" h="199.0763636" rotate="0" id="cut" type="ZOOM" isCut="true" isPan="false"/>
      <x>135</x>
      <y>91.3838182</y>
      <width>353.2</width>
      <height>227.3323636</height>
      <speech>0</speech>
    </effectAsset>
  </scene>
  <scene id="SCENE41" adelay="60" lock="N" index="17" color="16777215" guid="14F45444-E7B5-CD65-D6EA-76854CBC2E8E">
    <durationSetting countMinimum="1" countTransition="1" countAction="1" countBubble="1" countSpeech="1"/>
    <bubbleAsset id="BUBBLE502" index="1">
      <x>183</x>
      <y>156</y>
      <xscale>1</xscale>
      <yscale>1</yscale>
      <rotation>0</rotation>
      <fx>easeNone</fx>
      <fxdur>0</fxdur>
      <bubble x="0" y="0" w="180" h="90" rotate="0" type="BLANK" hasTail="0" colorStyle="1" autoTextResize="true">
        <body rgb="16777215" shadow="1" bgAlpha="0" linergb="0" tailx="180" taily="110" paddingHorizontal="0" paddingVertical="0"/>
        <text rgb="0" alpha="100" font="Accidental Presidency" size="74" align="center" bold="false" italic="false" embed="true">1:talk:3</text>
        <url target="top"><![CDATA[]]></url>
      </bubble>
    </bubbleAsset>
    <effectAsset id="EFFECT69" themecode="common" index="2">
      <effect x="0" y="0" w="550" h="310" rotate="0" id="cut" type="ZOOM" isCut="true" isPan="false"/>
      <x>47</x>
      <y>24</y>
      <width>550</width>
      <height>354</height>
      <speech>0</speech>
    </effectAsset>
  </scene>
  <scene id="SCENE42" adelay="38" lock="Y" index="18" color="16777215" guid="C3AAC695-8F8B-B5E3-AB63-1193BC308543">
    <bg id="BG2" index="0">
      <file>custom.classroom_bg.swf</file>
      <color r="ccColorA" oc="0x0">8754265</color>
    </bg>
    <char id="AVATOR376" index="1" raceCode="1">
      <action face="-1" motionface="1">ugc.15688438.xarms.xml</action>
      <head id="PROP80" raceCode="1">
        <file>ugc.15688438.head.head_neutral.xml</file>
      </head>
      <x>178</x>
      <y>230</y>
      <xscale>0.83</xscale>
      <yscale>0.83</yscale>
      <rotation>0</rotation>
    </char>
    <char id="AVATOR377" index="5" raceCode="1">
      <action face="1" motionface="1">ugc.15696177.sit.xml</action>
      <x>510</x>
      <y>251</y>
      <xscale>0.73</xscale>
      <yscale>0.73</yscale>
      <rotation>0</rotation>
    </char>
    <char id="AVATOR375" index="9" raceCode="1">
      <action face="1" motionface="1">ugc.15689601.sit.xml</action>
      <x>559</x>
      <y>257</y>
      <xscale>0.78</xscale>
      <yscale>0.78</yscale>
      <rotation>0</rotation>
    </char>
    <prop id="PROP131" index="2">
      <file>custom.classrm_tech_table.swf</file>
      <x>237</x>
      <y>294</y>
      <xscale>1</xscale>
      <yscale>1</yscale>
      <face>1</face>
      <rotation>0</rotation>
    </prop>
    <prop id="PROP132" index="3">
      <file>custom.classrm_stu_table.swf</file>
      <x>599.5</x>
      <y>286</y>
      <xscale>0.65</xscale>
      <yscale>0.65</yscale>
      <face>1</face>
      <rotation>0</rotation>
    </prop>
    <prop id="PROP133" index="4">
      <file>custom.classrm_tech_chair.swf</file>
      <x>513.5</x>
      <y>273</y>
      <xscale>0.79</xscale>
      <yscale>0.79</yscale>
      <face>1</face>
      <rotation>0</rotation>
    </prop>
    <prop id="PROP135" index="6">
      <file>custom.classrm_stu_table.swf</file>
      <x>464.3</x>
      <y>283.6</y>
      <xscale>0.74</xscale>
      <yscale>0.74</yscale>
      <face>1</face>
      <rotation>0</rotation>
    </prop>
    <prop id="PROP136" index="7">
      <file>custom.classrm_stu_table.swf</file>
      <x>635.5</x>
      <y>313</y>
      <xscale>0.8</xscale>
      <yscale>0.8</yscale>
      <face>1</face>
      <rotation>0</rotation>
    </prop>
    <prop id="PROP137" index="8">
      <file>custom.classrm_tech_chair.swf</file>
      <x>548.5</x>
      <y>293</y>
      <xscale>0.92</xscale>
      <yscale>0.92</yscale>
      <face>1</face>
      <rotation>0</rotation>
    </prop>
    <prop id="PROP139" index="10">
      <file>custom.classrm_stu_table.swf</file>
      <x>505.4</x>
      <y>313.3</y>
      <xscale>0.91</xscale>
      <yscale>0.91</yscale>
      <face>1</face>
      <rotation>0</rotation>
    </prop>
    <effectAsset id="EFFECT5" themecode="common" index="11">
      <effect x="0" y="0" w="489.1" h="275.6745455" rotate="0" id="cut" type="ZOOM" isCut="true" isPan="false"/>
      <x>105.9</x>
      <y>40.6987273</y>
      <width>489.1</width>
      <height>314.8025455</height>
      <speech>0</speech>
    </effectAsset>
  </scene>
  <scene id="SCENE43" adelay="60" lock="N" index="19" color="16777215" guid="FE3113B7-A243-F209-DF49-2B58AAC98BDF">
    <durationSetting countMinimum="1" countTransition="1" countAction="1" countBubble="1" countSpeech="1"/>
    <bubbleAsset id="BUBBLE503" index="1">
      <x>183</x>
      <y>156</y>
      <xscale>1</xscale>
      <yscale>1</yscale>
      <rotation>0</rotation>
      <fx>easeNone</fx>
      <fxdur>0</fxdur>
      <bubble x="0" y="0" w="180" h="90" rotate="0" type="BLANK" hasTail="0" colorStyle="1" autoTextResize="true">
        <body rgb="16777215" shadow="1" bgAlpha="0" linergb="0" tailx="180" taily="110" paddingHorizontal="0" paddingVertical="0"/>
        <text rgb="0" alpha="100" font="Accidental Presidency" size="74" align="center" bold="false" italic="false" embed="true">2:talk:3</text>
        <url target="top"><![CDATA[]]></url>
      </bubble>
    </bubbleAsset>
    <effectAsset id="EFFECT72" themecode="common" index="2">
      <effect x="0" y="0" w="550" h="310" rotate="0" id="cut" type="ZOOM" isCut="true" isPan="false"/>
      <x>47</x>
      <y>24</y>
      <width>550</width>
      <height>354</height>
      <speech>0</speech>
    </effectAsset>
  </scene>
  <scene id="SCENE44" adelay="48" lock="Y" index="20" color="16777215" guid="083103B0-208E-F909-6693-2E0B2474FFA7">
    <bg id="BG2" index="0">
      <file>custom.classroom_bg.swf</file>
      <color r="ccColorA" oc="0x0">8754265</color>
    </bg>
    <char id="AVATOR376" index="1" raceCode="1">
      <action face="-1" motionface="1">ugc.15688438.xarms.xml</action>
      <x>178</x>
      <y>230</y>
      <xscale>0.83</xscale>
      <yscale>0.83</yscale>
      <rotation>0</rotation>
    </char>
    <char id="AVATOR377" index="5" raceCode="1">
      <action face="1" motionface="1">ugc.15696177.sit.xml</action>
      <x>510</x>
      <y>251</y>
      <xscale>0.73</xscale>
      <yscale>0.73</yscale>
      <rotation>0</rotation>
    </char>
    <char id="AVATOR375" index="9" raceCode="1">
      <action face="1" motionface="1">ugc.15689601.sit.xml</action>
      <head id="PROP81" raceCode="1">
        <file>ugc.15689601.head.head_neutral.xml</file>
      </head>
      <x>559</x>
      <y>257</y>
      <xscale>0.78</xscale>
      <yscale>0.78</yscale>
      <rotation>0</rotation>
    </char>
    <prop id="PROP92" index="2">
      <file>custom.classrm_tech_table.swf</file>
      <x>237</x>
      <y>294</y>
      <xscale>1</xscale>
      <yscale>1</yscale>
      <face>1</face>
      <rotation>0</rotation>
    </prop>
    <prop id="PROP106" index="3">
      <file>custom.classrm_stu_table.swf</file>
      <x>599.5</x>
      <y>286</y>
      <xscale>0.65</xscale>
      <yscale>0.65</yscale>
      <face>1</face>
      <rotation>0</rotation>
    </prop>
    <prop id="PROP107" index="4">
      <file>custom.classrm_tech_chair.swf</file>
      <x>513.5</x>
      <y>273</y>
      <xscale>0.79</xscale>
      <yscale>0.79</yscale>
      <face>1</face>
      <rotation>0</rotation>
    </prop>
    <prop id="PROP109" index="6">
      <file>custom.classrm_stu_table.swf</file>
      <x>464.3</x>
      <y>283.6</y>
      <xscale>0.74</xscale>
      <yscale>0.74</yscale>
      <face>1</face>
      <rotation>0</rotation>
    </prop>
    <prop id="PROP97" index="7">
      <file>custom.classrm_stu_table.swf</file>
      <x>635.5</x>
      <y>313</y>
      <xscale>0.8</xscale>
      <yscale>0.8</yscale>
      <face>1</face>
      <rotation>0</rotation>
    </prop>
    <prop id="PROP112" index="8">
      <file>custom.classrm_tech_chair.swf</file>
      <x>548.5</x>
      <y>293</y>
      <xscale>0.92</xscale>
      <yscale>0.92</yscale>
      <face>1</face>
      <rotation>0</rotation>
    </prop>
    <prop id="PROP102" index="10">
      <file>custom.classrm_stu_table.swf</file>
      <x>505.4</x>
      <y>313.3</y>
      <xscale>0.91</xscale>
      <yscale>0.91</yscale>
      <face>1</face>
      <rotation>0</rotation>
    </prop>
    <effectAsset id="EFFECT5" themecode="common" index="11">
      <effect x="0" y="0" w="489.1" h="275.6745455" rotate="0" id="cut" type="ZOOM" isCut="true" isPan="false"/>
      <x>105.9</x>
      <y>40.6987273</y>
      <width>489.1</width>
      <height>314.8025455</height>
      <speech>0</speech>
    </effectAsset>
  </scene>
  <scene id="SCENE45" adelay="60" lock="N" index="21" color="16777215" guid="584B0100-F211-9036-FA99-E144C4DC60BC">
    <durationSetting countMinimum="1" countTransition="1" countAction="1" countBubble="1" countSpeech="1"/>
    <bubbleAsset id="BUBBLE504" index="1">
      <x>183</x>
      <y>156</y>
      <xscale>1</xscale>
      <yscale>1</yscale>
      <rotation>0</rotation>
      <fx>easeNone</fx>
      <fxdur>0</fxdur>
      <bubble x="0" y="0" w="180" h="90" rotate="0" type="BLANK" hasTail="0" colorStyle="1" autoTextResize="true">
        <body rgb="16777215" shadow="1" bgAlpha="0" linergb="0" tailx="180" taily="110" paddingHorizontal="0" paddingVertical="0"/>
        <text rgb="0" alpha="100" font="Accidental Presidency" size="65" align="center" bold="false" italic="false" embed="true">closing:1</text>
        <url target="top"><![CDATA[]]></url>
      </bubble>
    </bubbleAsset>
    <effectAsset id="EFFECT75" themecode="common" index="2">
      <effect x="0" y="0" w="550" h="310" rotate="0" id="cut" type="ZOOM" isCut="true" isPan="false"/>
      <x>47</x>
      <y>24</y>
      <width>550</width>
      <height>354</height>
      <speech>0</speech>
    </effectAsset>
  </scene>
  <scene id="SCENE46" adelay="24" lock="Y" index="22" color="16777215" guid="872BC2E5-A25A-A553-0C1E-D821F3A6264D">
    <bg id="BG2" index="0">
      <file>custom.classroom_bg.swf</file>
      <color r="ccColorA" oc="0x0">8754265</color>
    </bg>
    <char id="AVATOR376" index="1" raceCode="1">
      <action face="-1" motionface="1">ugc.15688438.xarms.xml</action>
      <x>178</x>
      <y>230</y>
      <xscale>0.83</xscale>
      <yscale>0.83</yscale>
      <rotation>0</rotation>
    </char>
    <char id="AVATOR377" index="5" raceCode="1">
      <action face="1" motionface="1">ugc.15696177.sit.xml</action>
      <x>510</x>
      <y>251</y>
      <xscale>0.73</xscale>
      <yscale>0.73</yscale>
      <rotation>0</rotation>
    </char>
    <char id="AVATOR375" index="9" raceCode="1">
      <action face="1" motionface="1">ugc.15689601.sit.xml</action>
      <x>559</x>
      <y>257</y>
      <xscale>0.78</xscale>
      <yscale>0.78</yscale>
      <rotation>0</rotation>
    </char>
    <prop id="PROP124" index="2">
      <file>custom.classrm_tech_table.swf</file>
      <x>237</x>
      <y>294</y>
      <xscale>1</xscale>
      <yscale>1</yscale>
      <face>1</face>
      <rotation>0</rotation>
    </prop>
    <prop id="PROP129" index="3">
      <file>custom.classrm_stu_table.swf</file>
      <x>599.5</x>
      <y>286</y>
      <xscale>0.65</xscale>
      <yscale>0.65</yscale>
      <face>1</face>
      <rotation>0</rotation>
    </prop>
    <prop id="PROP134" index="4">
      <file>custom.classrm_tech_chair.swf</file>
      <x>513.5</x>
      <y>273</y>
      <xscale>0.79</xscale>
      <yscale>0.79</yscale>
      <face>1</face>
      <rotation>0</rotation>
    </prop>
    <prop id="PROP142" index="6">
      <file>custom.classrm_stu_table.swf</file>
      <x>464.3</x>
      <y>283.6</y>
      <xscale>0.74</xscale>
      <yscale>0.74</yscale>
      <face>1</face>
      <rotation>0</rotation>
    </prop>
    <prop id="PROP143" index="7">
      <file>custom.classrm_stu_table.swf</file>
      <x>635.5</x>
      <y>313</y>
      <xscale>0.8</xscale>
      <yscale>0.8</yscale>
      <face>1</face>
      <rotation>0</rotation>
    </prop>
    <prop id="PROP144" index="8">
      <file>custom.classrm_tech_chair.swf</file>
      <x>548.5</x>
      <y>293</y>
      <xscale>0.92</xscale>
      <yscale>0.92</yscale>
      <face>1</face>
      <rotation>0</rotation>
    </prop>
    <prop id="PROP146" index="10">
      <file>custom.classrm_stu_table.swf</file>
      <x>505.4</x>
      <y>313.3</y>
      <xscale>0.91</xscale>
      <yscale>0.91</yscale>
      <face>1</face>
      <rotation>0</rotation>
    </prop>
    <effectAsset id="EFFECT5" themecode="common" index="12">
      <effect x="0" y="0" w="489.1" h="275.6745455" rotate="0" id="zoom" type="ZOOM" isCut="false" isPan="false"/>
      <x>105.9</x>
      <y>40.6987273</y>
      <width>489.1</width>
      <height>314.8025455</height>
      <speech>0</speech>
    </effectAsset>
    <effectAsset id="EFFECT21" index="11">
      <effect id="ncc_transition04b.swf" type="ANIME"/>
      <x>47</x>
      <y>24</y>
      <xscale>1</xscale>
      <yscale>1</yscale>
      <file>common.ncc_transition04b.swf</file>
    </effectAsset>
  </scene>
</film>
