<?xml version="1.0" encoding="utf-8"?>
<theme id="ugc" name="ugc">
    <char id="15688438" name="Untitled" published="0" facing="left" thumb="stand.xml" default="stand.xml" motion="walk.xml" isCC="Y" is_premium="N" money="0" sharing="0" cc_theme_id="family"><tags/><action id="stand.xml" name="Stand" loop="Y" totalframe="1" enable="Y"/><motion id="walk.xml" name="Walk" loop="Y" totalframe="24" enable="Y"/><motion id="run.xml" name="Run" loop="Y" totalframe="20" enable="Y"/><action id="sit.xml" name="Sit" loop="Y" totalframe="1" enable="Y"/><action id="lie.xml" name="Lie down" loop="Y" totalframe="1" enable="Y"/><action id="kneel.xml" name="Kneel down" loop="Y" totalframe="1" enable="Y"/><action id="xarms.xml" name="Crossed arms" loop="Y" totalframe="1" enable="Y"/><category name="emotion"><action id="excited.xml" name="Excited / Cheers" loop="Y" totalframe="80" enable="Y"/><action id="taunt.xml" name="Taunt" loop="Y" totalframe="60" enable="Y"/><action id="chuckle.xml" name="Chuckle" loop="Y" totalframe="6" enable="Y"/><action id="laugh.xml" name="Laugh" loop="Y" totalframe="6" enable="Y"/><action id="sad.xml" name="Sad" loop="Y" totalframe="60" enable="Y"/><action id="fearful.xml" name="Fearful" loop="Y" totalframe="60" enable="Y"/></category><action id="pt_at.xml" name="Point at" loop="Y" totalframe="30" enable="Y"/><action id="talk_phone.xml" name="Talk on phone" loop="Y" totalframe="115" enable="Y"/><action id="dance.xml" name="Dance" loop="Y" totalframe="23" enable="Y"/><action id="talk.xml" name="Talk" loop="Y" totalframe="100" enable="Y"/><facial id="head_talk_a.xml" name="Talk neutral A" enable="Y"/><facial id="head_talk_b.xml" name="Talk neutral B" enable="Y"/><facial id="head_talk_angry.xml" name="Talk angry" enable="Y"/><facial id="head_talk_happy.xml" name="Talk happy" enable="Y"/><facial id="head_talk_sad.xml" name="Talk sad" enable="Y"/><facial id="head_happy.xml" name="Happy" enable="Y"/><facial id="head_sad.xml" name="Sad" enable="Y"/><facial id="head_angry.xml" name="Angry" enable="Y"/><facial id="head_neutral.xml" name="Neutral" enable="Y"/><facial id="head_laugh.xml" name="Laugh" enable="Y"/><facial id="head_cry.xml" name="Cry" enable="Y"/><facial id="head_shocked.xml" name="Shocked" enable="Y"/><facial id="head_surprised.xml" name="Surprised" enable="Y"/><facial id="head_thinking.xml" name="Thinking" enable="Y"/><facial id="head_sick.xml" name="Sick" enable="Y"/><facial id="head_asleep.xml" name="Asleep" enable="Y"/><facial id="head_yawn.xml" name="Yawn" enable="Y"/><facial id="head_chewing.xml" name="Chewing" enable="Y"/><facial id="head_disgusted.xml" name="Disgusted" enable="Y"/><facial id="head_schemeing.xml" name="Schemeing" enable="Y"/><facial id="head_talk_cry.xml" name="Talk while crying" enable="Y"/><facial id="head_taunt.xml" name="Taunt" enable="Y"/><colorset enable="Y"><color r="ccSkinColor" oc="0xFFE1C4">0xFFCE95</color><color r="ccEyeLib">0xFFCE95</color><color r="ccEyeIris">0x000000</color><color r="ccGlassesFrame">0xBE10B0</color><color r="ccGlassesLens">0x737373</color><color r="ccMouthLip">0x891258</color><color r="ccMustache">0x000000</color><color r="ccBeard">0xFFFFFF</color><color r="ccEyebrow">0x996633</color><color r="ccHairMajor">0x996633</color><color r="ccHairMinor">0x640F0F</color><color r="ccUpperMain" oc="0x336699">0x333333</color><color r="ccUpperMinor" oc="0xE5E5E5">0xFFFFFF</color><color r="ccLowerMain" oc="0xCCBC9A">0x336699</color><color r="ccLowerMinor" oc="0xEEEEEE">0xFFFFFF</color></colorset><c_parts><c_area oc="0xFFE1C4">ccSkinColor</c_area><c_area>ccEyeLib</c_area><c_area>ccEyeIris</c_area><c_area>ccGlassesFrame</c_area><c_area>ccGlassesLens</c_area><c_area>ccMouthLip</c_area><c_area>ccMustache</c_area><c_area>ccBeard</c_area><c_area>ccEyebrow</c_area><c_area>ccHairMajor</c_area><c_area>ccHairMinor</c_area><c_area oc="0x336699">ccUpperMain</c_area><c_area oc="0xE5E5E5">ccUpperMinor</c_area><c_area oc="0xCCBC9A">ccLowerMain</c_area><c_area oc="0xEEEEEE">ccLowerMinor</c_area></c_parts></char>
    <char id="15689601" name="Untitled" published="0" facing="left" thumb="stand.xml" default="stand.xml" motion="walk.xml" isCC="Y" is_premium="N" money="0" sharing="0" cc_theme_id="family"><tags/><action id="stand.xml" name="Stand" loop="Y" totalframe="1" enable="Y"/><motion id="walk.xml" name="Walk" loop="Y" totalframe="21" enable="Y"/><motion id="run.xml" name="Run" loop="Y" totalframe="20" enable="Y"/><action id="sit.xml" name="Sit" loop="Y" totalframe="1" enable="Y"/><action id="lie.xml" name="Lie down" loop="Y" totalframe="60" enable="Y"/><action id="kneel.xml" name="Kneel down" loop="Y" totalframe="100" enable="Y"/><action id="xarms.xml" name="Crossed arms" loop="Y" totalframe="1" enable="Y"/><category name="emotion"><action id="excited.xml" name="Excited / Cheers" loop="Y" totalframe="50" enable="Y"/><action id="taunt.xml" name="Taunt" loop="Y" totalframe="106" enable="Y"/><action id="chuckle.xml" name="Chuckle" loop="Y" totalframe="79" enable="Y"/><action id="laugh.xml" name="Laugh" loop="Y" totalframe="70" enable="Y"/><action id="sad.xml" name="Sad" loop="Y" totalframe="100" enable="Y"/><action id="fearful.xml" name="Fearful" loop="Y" totalframe="50" enable="Y"/></category><action id="pt_at.xml" name="Point at" loop="Y" totalframe="60" enable="Y"/><action id="talk_phone.xml" name="Talk on phone" loop="Y" totalframe="110" enable="Y"/><action id="dance.xml" name="Dance" loop="Y" totalframe="66" enable="Y"/><action id="talk.xml" name="Talk" loop="Y" totalframe="125" enable="Y"/><facial id="head_talk_a.xml" name="Talk neutral A" enable="Y"/><facial id="head_talk_b.xml" name="Talk neutral B" enable="Y"/><facial id="head_talk_angry.xml" name="Talk angry" enable="Y"/><facial id="head_talk_happy.xml" name="Talk happy" enable="Y"/><facial id="head_talk_sad.xml" name="Talk sad" enable="Y"/><facial id="head_happy.xml" name="Happy" enable="Y"/><facial id="head_sad.xml" name="Sad" enable="Y"/><facial id="head_angry.xml" name="Angry" enable="Y"/><facial id="head_neutral.xml" name="Neutral" enable="Y"/><facial id="head_laugh.xml" name="Laugh" enable="Y"/><facial id="head_cry.xml" name="Cry" enable="Y"/><facial id="head_shocked.xml" name="Shocked" enable="Y"/><facial id="head_surprised.xml" name="Surprised" enable="Y"/><facial id="head_thinking.xml" name="Thinking" enable="Y"/><facial id="head_sick.xml" name="Sick" enable="Y"/><facial id="head_asleep.xml" name="Asleep" enable="Y"/><facial id="head_yawn.xml" name="Yawn" enable="Y"/><facial id="head_chewing.xml" name="Chewing" enable="Y"/><facial id="head_disgusted.xml" name="Disgusted" enable="Y"/><facial id="head_schemeing.xml" name="Schemeing" enable="Y"/><facial id="head_talk_cry.xml" name="Talk while crying" enable="Y"/><facial id="head_taunt.xml" name="Taunt" enable="Y"/><colorset enable="Y"><color r="ccSkinColor" oc="0xFFE1C4">0xFFCE95</color><color r="ccEyeLib">0xFD8E6D</color><color r="ccEyeIris">0x000000</color><color r="ccGlassesFrame">0xFF0000</color><color r="ccGlassesLens">0xFF0000</color><color r="ccMouthLip">0xFF6666</color><color r="ccMustache">0x8B6F18</color><color r="ccBeard">0xC29B22</color><color r="ccEyebrow">0x000000</color><color r="ccHairMajor">0x431D09</color><color r="ccHairMinor">0x8B6F18</color><color r="ccUpperMain" oc="0x336699">0xFFFFFF</color><color r="ccUpperMinor" oc="0xE5E5E5">0x333333</color><color r="ccLowerMain" oc="0xCCBC9A">0x333333</color><color r="ccLowerMinor" oc="0xEEEEEE">0x666666</color></colorset><c_parts><c_area oc="0xFFE1C4">ccSkinColor</c_area><c_area>ccEyeLib</c_area><c_area>ccEyeIris</c_area><c_area>ccGlassesFrame</c_area><c_area>ccGlassesLens</c_area><c_area>ccMouthLip</c_area><c_area>ccMustache</c_area><c_area>ccBeard</c_area><c_area>ccEyebrow</c_area><c_area>ccHairMajor</c_area><c_area>ccHairMinor</c_area><c_area oc="0x336699">ccUpperMain</c_area><c_area oc="0xE5E5E5">ccUpperMinor</c_area><c_area oc="0xCCBC9A">ccLowerMain</c_area><c_area oc="0xEEEEEE">ccLowerMinor</c_area></c_parts></char>
    <char id="15696177" name="Untitled" published="0" facing="left" thumb="stand.xml" default="stand.xml" motion="walk.xml" isCC="Y" is_premium="N" money="0" sharing="0" cc_theme_id="family"><tags/><action id="stand.xml" name="Stand" loop="Y" totalframe="1" enable="Y"/><motion id="walk.xml" name="Walk" loop="Y" totalframe="21" enable="Y"/><motion id="run.xml" name="Run" loop="Y" totalframe="20" enable="Y"/><action id="sit.xml" name="Sit" loop="Y" totalframe="1" enable="Y"/><action id="lie.xml" name="Lie down" loop="Y" totalframe="60" enable="Y"/><action id="kneel.xml" name="Kneel down" loop="Y" totalframe="100" enable="Y"/><action id="xarms.xml" name="Crossed arms" loop="Y" totalframe="1" enable="Y"/><category name="emotion"><action id="excited.xml" name="Excited / Cheers" loop="Y" totalframe="50" enable="Y"/><action id="taunt.xml" name="Taunt" loop="Y" totalframe="106" enable="Y"/><action id="chuckle.xml" name="Chuckle" loop="Y" totalframe="79" enable="Y"/><action id="laugh.xml" name="Laugh" loop="Y" totalframe="70" enable="Y"/><action id="sad.xml" name="Sad" loop="Y" totalframe="100" enable="Y"/><action id="fearful.xml" name="Fearful" loop="Y" totalframe="50" enable="Y"/></category><action id="pt_at.xml" name="Point at" loop="Y" totalframe="60" enable="Y"/><action id="talk_phone.xml" name="Talk on phone" loop="Y" totalframe="110" enable="Y"/><action id="dance.xml" name="Dance" loop="Y" totalframe="66" enable="Y"/><action id="talk.xml" name="Talk" loop="Y" totalframe="125" enable="Y"/><facial id="head_talk_a.xml" name="Talk neutral A" enable="Y"/><facial id="head_talk_b.xml" name="Talk neutral B" enable="Y"/><facial id="head_talk_angry.xml" name="Talk angry" enable="Y"/><facial id="head_talk_happy.xml" name="Talk happy" enable="Y"/><facial id="head_talk_sad.xml" name="Talk sad" enable="Y"/><facial id="head_happy.xml" name="Happy" enable="Y"/><facial id="head_sad.xml" name="Sad" enable="Y"/><facial id="head_angry.xml" name="Angry" enable="Y"/><facial id="head_neutral.xml" name="Neutral" enable="Y"/><facial id="head_laugh.xml" name="Laugh" enable="Y"/><facial id="head_cry.xml" name="Cry" enable="Y"/><facial id="head_shocked.xml" name="Shocked" enable="Y"/><facial id="head_surprised.xml" name="Surprised" enable="Y"/><facial id="head_thinking.xml" name="Thinking" enable="Y"/><facial id="head_sick.xml" name="Sick" enable="Y"/><facial id="head_asleep.xml" name="Asleep" enable="Y"/><facial id="head_yawn.xml" name="Yawn" enable="Y"/><facial id="head_chewing.xml" name="Chewing" enable="Y"/><facial id="head_disgusted.xml" name="Disgusted" enable="Y"/><facial id="head_schemeing.xml" name="Schemeing" enable="Y"/><facial id="head_talk_cry.xml" name="Talk while crying" enable="Y"/><facial id="head_taunt.xml" name="Taunt" enable="Y"/><colorset enable="Y"><color r="ccSkinColor" oc="0xFFE1C4">0xFFCE95</color><color r="ccEyeLib">0xFFA266</color><color r="ccEyeIris">0x000000</color><color r="ccGlassesFrame">0xFF0000</color><color r="ccGlassesLens">0xFF0000</color><color r="ccMouthLip">0xFF6666</color><color r="ccMustache">0x8B6F18</color><color r="ccBeard">0xC29B22</color><color r="ccEyebrow">0x000000</color><color r="ccHairMajor">0x431D09</color><color r="ccHairMinor">0x8B6F18</color><color r="ccUpperMain" oc="0x336699">0xFB9DC4</color><color r="ccUpperMinor" oc="0xE5E5E5">0xF51B73</color><color r="ccLowerMain" oc="0xCCBC9A">0x624576</color><color r="ccLowerMinor" oc="0xEEEEEE">0x990000</color></colorset><c_parts><c_area oc="0xFFE1C4">ccSkinColor</c_area><c_area>ccEyeLib</c_area><c_area>ccEyeIris</c_area><c_area>ccGlassesFrame</c_area><c_area>ccGlassesLens</c_area><c_area>ccMouthLip</c_area><c_area>ccMustache</c_area><c_area>ccBeard</c_area><c_area>ccEyebrow</c_area><c_area>ccHairMajor</c_area><c_area>ccHairMinor</c_area><c_area oc="0x336699">ccUpperMain</c_area><c_area oc="0xE5E5E5">ccUpperMinor</c_area><c_area oc="0xCCBC9A">ccLowerMain</c_area><c_area oc="0xEEEEEE">ccLowerMinor</c_area></c_parts></char>
    <prop subtype="0" id="17518754.swf" name="cc_table3" enable="Y" holdable="0" headable="0" placeable="1" facing="left" width="0" height="0" duration="0" enc_asset_id="08dmG17ycsDk" signature="+Za26S2inUBVgli8DEZ5XgkuqhgV_4p4YA8sGhVRhNSVhT4phr+GHMIP9eG3EGLtbq_iCmuxSvm9rOEUEEfwavd_PYoXgsTUyYu5Uag61IUj0+n7XGUMQH+jefCkdlm1Zfg5lp1G32hvwEWnl7MmCMVdZGAzju+rt1HaVTxUBOBLHJAPHBo56LMGWo9WM="/>
    <prop subtype="0" id="17818309.jpg" name="classrm01" enable="Y" holdable="0" headable="0" placeable="1" facing="left" width="0" height="0" duration="0" enc_asset_id="0_EMiWVNlgBI" signature="vr0I0wRCj25n_J3crXyYNg0ysFCfnpJRmsnBm9QW60h+mPmYmpZVFo+TvMoKTGfOmxFParORmdxHu6kw2i0z6TeuaxgUGDPfRZWfs+YuJPoIFWC9qJfpKwX6YQOZMSWYT5MMYn5nUyoqdff33FhBcLPIgqAQKAfD5K6S9Kmu20MHsPaZvRKO0Ptu+gAHQ="/>
    <prop subtype="0" id="17820032.jpg" name="classrm02" enable="Y" holdable="0" headable="0" placeable="1" facing="left" width="0" height="0" duration="0" enc_asset_id="0lbjkKperAHQ" signature="Llx18Y16yT_+IdSeyZUGSgGqFxsu3dzZpc7IH5YOja9IAp8Y1loNp9E2nwFPM+tu32R9vCvQnOMCiAerJ74t0RM7DM0rIWEsjeZgvtDIJ9XHi4yIkGYTqN0SylkMu4LOHhJVxDEMmwvwDnntDc1KTnBb2B70uN6wYTz_WLZsqvCDLW2ufjJpZ+XBpoxo4="/>
    <prop subtype="0" id="17823211.jpg" name="classrm03" enable="Y" holdable="0" headable="0" placeable="1" facing="left" width="0" height="0" duration="0" enc_asset_id="0ANRH-CoAONo" signature="dm98HSVuYwJ9wgPVVcdk4QlPbYpls2Yex6zyUPDO0RJMpYYwCAIia6eDSZTlb21pZbCFhV2abpgiWTLSZGotOc67XvtHaUd7liNTVeOOWMbQJmbK+M_2Hk_0r97wID0B4cEKHYYyzDCGz5qsB8Efnj+jK5SO1N0aMTczYRL_KL6gm0FcWKXyfQl+2i2KE="/>
    <prop subtype="0" id="17841584.jpg" name="c_bg" enable="Y" holdable="0" headable="0" placeable="1" facing="left" width="0" height="0" duration="0" enc_asset_id="05OnAKz2JaoY" signature="DLL3SC0XSX7ytlyy3C1MLwgBdeLmcH+cRsyX7CV5TEWdMI1edhyqtEdVEVfPr8G2OoyMODokDOym_X9BROwcWYo0kyyodruWQ2mrhULLIAR44vkQlPvS7BF_2DL+Hz6Z26DhUI4Mmra93x+3MrOzPvDLLJ8KXnRlxps3gP5yl0g+3T5bBGvNOXSJQnLM0="/>
</theme>