<?xml version="1.0"?>
<film copyable="0" duration="4.1" published="0" pshare="0" isWide="1">
  <meta>
    <title>DISCO</title>
    <tag/>
    <hiddenTag/>
    <desc></desc>
    <mver><![CDATA[4]]></mver>
    <studio>a76d829cef09f7bb9bef739f686c0449acbaded8</studio>
    <thumbnail index="0"/>
    <palette>
      <color value="333333"/>
      <color value="999999"/>
      <color value="fbfbfb"/>
      <color value="669999"/>
      <color value="55bbaa"/>
      <color value="7fbb11"/>
      <color value="15709b"/>
      <color value="9a5d1"/>
      <color value="6ab8d6"/>
      <color value="da2021"/>
      <color value="fecd31"/>
      <color value="28c6c1"/>
      <color value="37444f"/>
      <color value="0"/>
    </palette>
  </meta>
  <scene id="SCENE1" adelay="99" lock="N" index="0" color="0" guid="B53EB9E4-640F-3D57-D27D-68713403081F">
    <durationSetting countMinimum="1" countTransition="1" countAction="1" countBubble="1" countSpeech="1"/>
    <char id="AVATOR135" index="5" raceCode="0">
      <action face="1" motionface="-1">retro.Rockstar.walk.swf</action>
      <x>302.75</x>
      <y>106.7583333</y>
      <xscale>1</xscale>
      <yscale>1</yscale>
      <rotation>0</rotation>
    </char>
    <char id="AVATOR146" index="1" raceCode="0">
      <action face="1,1" motionface="1">retro.matt.05_sing.swf</action>
      <x>752.775,319.9,-54.9294118</x>
      <y>261.35,239.9,260.4338235</y>
      <xscale>1,1</xscale>
      <yscale>1,1</yscale>
      <rotation>0,0</rotation>
      <assetMotion ver="2"/>
    </char>
    <prop id="PROP7" index="4">
      <file>common.msp_disco_ball.msp_disco_ball_ncc_disco_ball_move.swf</file>
      <x>318.55</x>
      <y>137.1373161</y>
      <xscale>1</xscale>
      <yscale>1</yscale>
      <face>1</face>
      <rotation>0</rotation>
    </prop>
    <prop id="PROP13" index="3">
      <file>business.g4b_151.swf</file>
      <x>382.9411765</x>
      <y>237.0588235</y>
      <xscale>1</xscale>
      <yscale>1</yscale>
      <face>1</face>
      <rotation>0</rotation>
    </prop>
    <prop id="PROP14" index="2">
      <file>business.g4b_311.swf</file>
      <x>347.6558824</x>
      <y>227.6588235</y>
      <xscale>3.7316076</xscale>
      <yscale>3.7316076</yscale>
      <face>1</face>
      <rotation>0</rotation>
    </prop>
    <prop id="PROP15" index="6">
      <file>ugc.329757795.png</file>
      <x>276.55</x>
      <y>-5.1833333</y>
      <xscale>3.0462371</xscale>
      <yscale>3.0462371</yscale>
      <face>1</face>
      <rotation>0</rotation>
    </prop>
    <effectAsset id="EFFECT1" themecode="common" index="7">
      <effect x="0" y="0" w="550" h="310" rotate="0" id="cut" type="ZOOM" isCut="true" isPan="false"/>
      <x>47</x>
      <y>24</y>
      <width>550</width>
      <height>354</height>
      <speech>0</speech>
    </effectAsset>
    <aTranList>
      <aTran id="5" target="AVATOR146" type="MotionPath" atype="Character" direction="2" section="6" timing="3" duration="24" delay="0">null</aTran>
    </aTranList>
  </scene>
</film>
