<?xml version="1.0"?>
<film copyable="0" duration="57.5" published="0" pshare="0" isWide="1">
  <meta>
    <title>Honey. We have to talk...</title>
    <tag/>
    <hiddenTag/>
    <desc></desc>
    <mver><![CDATA[4]]></mver>
    <studio>a76d829cef09f7bb9bef739f686c0449acbaded8</studio>
    <thumbnail index="0"/>
    <palette>
      <color value="333333"/>
      <color value="999999"/>
      <color value="fbfbfb"/>
      <color value="669999"/>
      <color value="55bbaa"/>
      <color value="7fbb11"/>
      <color value="15709b"/>
      <color value="9a5d1"/>
      <color value="6ab8d6"/>
      <color value="da2021"/>
      <color value="fecd31"/>
      <color value="28c6c1"/>
      <color value="37444f"/>
    </palette>
  </meta>
  <scene id="SCENE24" adelay="42" lock="Y" index="0" color="16777215" guid="E753D337-6A27-43EA-1A8E-9DC886EB9146">
    <bg id="cbg_bedroom_BG65" index="0">
      <file>custom.bedroom_bg.swf</file>
    </bg>
    <prop id="PROP68" index="1">
      <file>custom.bedroom_drawer02.swf</file>
      <x>422.6</x>
      <y>280.7</y>
      <xscale>1</xscale>
      <yscale>1</yscale>
      <face>1</face>
      <rotation>0</rotation>
    </prop>
    <prop id="PROP69" index="2">
      <file>custom.bedroom_lamp.swf</file>
      <x>422</x>
      <y>207</y>
      <xscale>1</xscale>
      <yscale>1</yscale>
      <face>1</face>
      <rotation>0</rotation>
    </prop>
    <prop id="PROP70" index="3">
      <file>custom.bedroom_blanket_bed.swf</file>
      <x>423</x>
      <y>254</y>
      <xscale>1</xscale>
      <yscale>1</yscale>
      <face>1</face>
      <rotation>0</rotation>
    </prop>
    <effectAsset id="EFFECT40" themecode="common" index="4">
      <effect x="0" y="0" w="550" h="310" rotate="0" id="cut" type="ZOOM" isCut="true" isPan="false"/>
      <x>47</x>
      <y>24</y>
      <width>550</width>
      <height>354</height>
      <speech>0</speech>
    </effectAsset>
  </scene>
  <scene id="SCENE25" adelay="60" lock="N" index="1" color="16777215" guid="E41A15EB-3344-739F-19CD-2A3D56FE35C1">
    <durationSetting countMinimum="1" countTransition="1" countAction="1" countBubble="1" countSpeech="1"/>
    <bubbleAsset id="BUBBLE237" index="1">
      <x>262</x>
      <y>154</y>
      <xscale>1</xscale>
      <yscale>1</yscale>
      <rotation>0</rotation>
      <fx>easeNone</fx>
      <fxdur>0</fxdur>
      <bubble x="0" y="0" w="180" h="90" rotate="0" type="BLANK" hasTail="0" colorStyle="1" autoTextResize="true">
        <body rgb="16777215" shadow="1" bgAlpha="0" linergb="0" tailx="180" taily="110" paddingHorizontal="0" paddingVertical="0"/>
        <text rgb="0" alpha="100" font="Accidental Presidency" size="60" align="center" bold="false" italic="false" embed="true">opening:1</text>
        <url target="top"><![CDATA[]]></url>
      </bubble>
    </bubbleAsset>
    <effectAsset id="EFFECT42" themecode="common" index="2">
      <effect x="0" y="0" w="550" h="310" rotate="0" id="cut" type="ZOOM" isCut="true" isPan="false"/>
      <x>47</x>
      <y>24</y>
      <width>550</width>
      <height>354</height>
      <speech>0</speech>
    </effectAsset>
  </scene>
  <scene id="SCENE26" adelay="60" lock="N" index="2" color="16777215" guid="FA1C6BE8-0BE7-2E25-D8A8-066C4773750C">
    <durationSetting countMinimum="1" countTransition="1" countAction="1" countBubble="1" countSpeech="1"/>
    <bg id="cbg_house_ext_BG2" index="0">
      <file>custom.house_ext_bg.swf</file>
    </bg>
    <effectAsset id="EFFECT5" themecode="common" index="2">
      <effect x="0" y="0" w="438.7" h="247.2672727" rotate="0" id="zoom" type="ZOOM" isCut="false" isPan="false"/>
      <x>68</x>
      <y>53.4183636</y>
      <width>438.7</width>
      <height>282.3632727</height>
      <speech>0</speech>
    </effectAsset>
    <effectAsset id="EFFECT6" themecode="common" index="1">
      <effect x="0" y="0" w="550" h="310" rotate="0" id="fadeInEx" type="FADING" isIn="true" isOut="false"/>
      <x>47</x>
      <y>24</y>
      <width>550</width>
      <height>354</height>
      <speech>0</speech>
    </effectAsset>
  </scene>
  <scene id="SCENE27" adelay="43" lock="Y" index="3" color="16777215" guid="985BDCD9-EC06-45EE-329C-3F12CC428C86">
    <bg id="cbg_bedroom_BG65" index="0">
      <file>custom.bedroom_bg.swf</file>
    </bg>
    <char id="AVATOR136" index="4" raceCode="1">
      <action face="-1" motionface="1">ugc.15688438.stand.xml</action>
      <x>154.6</x>
      <y>212.6</y>
      <xscale>0.9</xscale>
      <yscale>0.9</yscale>
      <rotation>0</rotation>
    </char>
    <char id="AVATOR137" index="5" raceCode="1">
      <action face="1" motionface="1">ugc.15689601.sit.xml</action>
      <x>380.1</x>
      <y>219.4</y>
      <xscale>0.94</xscale>
      <yscale>0.94</yscale>
      <rotation>0</rotation>
    </char>
    <prop id="PROP127" index="1">
      <file>custom.bedroom_drawer02.swf</file>
      <x>422.6</x>
      <y>280.7</y>
      <xscale>1</xscale>
      <yscale>1</yscale>
      <face>1</face>
      <rotation>0</rotation>
    </prop>
    <prop id="PROP126" index="2">
      <file>custom.bedroom_lamp.swf</file>
      <x>422</x>
      <y>207</y>
      <xscale>1</xscale>
      <yscale>1</yscale>
      <face>1</face>
      <rotation>0</rotation>
    </prop>
    <prop id="PROP124" index="3">
      <file>custom.bedroom_blanket_bed.swf</file>
      <x>423</x>
      <y>254</y>
      <xscale>1</xscale>
      <yscale>1</yscale>
      <face>1</face>
      <rotation>0</rotation>
    </prop>
    <effectAsset id="EFFECT5" themecode="common" index="6">
      <effect x="0" y="0" w="438.7" h="247.2672727" rotate="0" id="pan" type="ZOOM" isCut="false" isPan="true"/>
      <x>48.1,67.8</x>
      <y>54.9183636,55.0183636</y>
      <width>438.7,438.7</width>
      <height>282.3632727,282.3632727</height>
      <speech>0</speech>
    </effectAsset>
  </scene>
  <scene id="SCENE28" adelay="60" lock="N" index="4" color="16777215" guid="8008D422-C3F8-9681-392E-0C76B2A5249F">
    <durationSetting countMinimum="1" countTransition="1" countAction="1" countBubble="1" countSpeech="1"/>
    <bg id="cbg_bedroom_BG65" index="0">
      <file>custom.bedroom_bg.swf</file>
    </bg>
    <char id="AVATOR136" index="4" raceCode="1">
      <action face="-1" motionface="1">ugc.15688438.stand.xml</action>
      <x>154.6</x>
      <y>212.6</y>
      <xscale>0.9</xscale>
      <yscale>0.9</yscale>
      <rotation>0</rotation>
    </char>
    <char id="AVATOR137" index="5" raceCode="1">
      <action face="1" motionface="1">ugc.15689601.sit.xml</action>
      <x>380.1</x>
      <y>219.4</y>
      <xscale>0.94</xscale>
      <yscale>0.94</yscale>
      <rotation>0</rotation>
    </char>
    <prop id="PROP63" index="1">
      <file>custom.bedroom_drawer02.swf</file>
      <x>422.6</x>
      <y>280.7</y>
      <xscale>1</xscale>
      <yscale>1</yscale>
      <face>1</face>
      <rotation>0</rotation>
    </prop>
    <prop id="PROP66" index="2">
      <file>custom.bedroom_lamp.swf</file>
      <x>422</x>
      <y>207</y>
      <xscale>1</xscale>
      <yscale>1</yscale>
      <face>1</face>
      <rotation>0</rotation>
    </prop>
    <prop id="PROP67" index="3">
      <file>custom.bedroom_blanket_bed.swf</file>
      <x>423</x>
      <y>254</y>
      <xscale>1</xscale>
      <yscale>1</yscale>
      <face>1</face>
      <rotation>0</rotation>
    </prop>
    <effectAsset id="EFFECT5" themecode="common" index="6">
      <effect x="0" y="0" w="438.7" h="247.2672727" rotate="0" id="cut" type="ZOOM" isCut="true" isPan="false"/>
      <x>67.8</x>
      <y>54.7183636</y>
      <width>438.7</width>
      <height>282.3632727</height>
      <speech>0</speech>
    </effectAsset>
  </scene>
  <scene id="SCENE29" adelay="60" lock="N" index="5" color="16777215" guid="665AA6E2-4020-CC38-BA4A-9A51D7DF3607">
    <durationSetting countMinimum="1" countTransition="1" countAction="1" countBubble="1" countSpeech="1"/>
    <bubbleAsset id="BUBBLE239" index="1">
      <x>229</x>
      <y>156</y>
      <xscale>1</xscale>
      <yscale>1</yscale>
      <rotation>0</rotation>
      <fx>easeNone</fx>
      <fxdur>0</fxdur>
      <bubble x="0" y="0" w="180" h="90" rotate="0" type="BLANK" hasTail="0" colorStyle="1" autoTextResize="true">
        <body rgb="16777215" shadow="1" bgAlpha="0" linergb="0" tailx="180" taily="110" paddingHorizontal="0" paddingVertical="0"/>
        <text rgb="0" alpha="100" font="Accidental Presidency" size="48" align="center" bold="false" italic="false" embed="true">character:1</text>
        <url target="top"><![CDATA[]]></url>
      </bubble>
    </bubbleAsset>
    <effectAsset id="EFFECT48" themecode="common" index="2">
      <effect x="0" y="0" w="550" h="310" rotate="0" id="cut" type="ZOOM" isCut="true" isPan="false"/>
      <x>47</x>
      <y>24</y>
      <width>550</width>
      <height>354</height>
      <speech>0</speech>
    </effectAsset>
  </scene>
  <scene id="SCENE30" adelay="60" lock="N" index="6" color="16777215" guid="AC7D10AF-67AB-0935-C861-0ACB01D85570">
    <durationSetting countMinimum="1" countTransition="1" countAction="1" countBubble="1" countSpeech="1"/>
    <char id="AVATOR240" index="1" raceCode="1">
      <action face="-1" motionface="1">ugc.15688438.stand.xml</action>
      <x>331.6</x>
      <y>220.6</y>
      <xscale>0.9</xscale>
      <yscale>0.9</yscale>
      <rotation>0</rotation>
    </char>
    <effectAsset id="EFFECT50" themecode="common" index="2">
      <effect x="0" y="0" w="550" h="310" rotate="0" id="cut" type="ZOOM" isCut="true" isPan="false"/>
      <x>47</x>
      <y>24</y>
      <width>550</width>
      <height>354</height>
      <speech>0</speech>
    </effectAsset>
  </scene>
  <scene id="SCENE31" adelay="60" lock="N" index="7" color="16777215" guid="72D89711-8093-A54A-37C7-4B39F8C1F6B7">
    <durationSetting countMinimum="1" countTransition="1" countAction="1" countBubble="1" countSpeech="1"/>
    <bubbleAsset id="BUBBLE242" index="1">
      <x>240</x>
      <y>153</y>
      <xscale>1</xscale>
      <yscale>1</yscale>
      <rotation>0</rotation>
      <fx>easeNone</fx>
      <fxdur>0</fxdur>
      <bubble x="0" y="0" w="180" h="90" rotate="0" type="BLANK" hasTail="0" colorStyle="1" autoTextResize="true">
        <body rgb="16777215" shadow="1" bgAlpha="0" linergb="0" tailx="180" taily="110" paddingHorizontal="0" paddingVertical="0"/>
        <text rgb="0" alpha="100" font="Accidental Presidency" size="47" align="center" bold="false" italic="false" embed="true">character:2</text>
        <url target="top"><![CDATA[]]></url>
      </bubble>
    </bubbleAsset>
    <effectAsset id="EFFECT52" themecode="common" index="2">
      <effect x="0" y="0" w="550" h="310" rotate="0" id="cut" type="ZOOM" isCut="true" isPan="false"/>
      <x>47</x>
      <y>24</y>
      <width>550</width>
      <height>354</height>
      <speech>0</speech>
    </effectAsset>
  </scene>
  <scene id="SCENE32" adelay="60" lock="N" index="8" color="16777215" guid="A76308D7-818D-22DD-016F-50675F69D127">
    <durationSetting countMinimum="1" countTransition="1" countAction="1" countBubble="1" countSpeech="1"/>
    <char id="AVATOR255" index="1" raceCode="1">
      <action face="1" motionface="1">ugc.15689601.sit.xml</action>
      <x>380.1</x>
      <y>208.4</y>
      <xscale>0.94</xscale>
      <yscale>0.94</yscale>
      <rotation>0</rotation>
    </char>
    <effectAsset id="EFFECT54" themecode="common" index="2">
      <effect x="0" y="0" w="550" h="310" rotate="0" id="cut" type="ZOOM" isCut="true" isPan="false"/>
      <x>47</x>
      <y>24</y>
      <width>550</width>
      <height>354</height>
      <speech>0</speech>
    </effectAsset>
  </scene>
  <scene id="SCENE33" adelay="60" lock="N" index="9" color="16777215" guid="CAA34ADE-0D92-0F59-E5B4-4C8AE949E505">
    <durationSetting countMinimum="1" countTransition="1" countAction="1" countBubble="1" countSpeech="1"/>
    <bubbleAsset id="BUBBLE290" index="1">
      <x>183</x>
      <y>156</y>
      <xscale>1</xscale>
      <yscale>1</yscale>
      <rotation>0</rotation>
      <fx>easeNone</fx>
      <fxdur>0</fxdur>
      <bubble x="0" y="0" w="180" h="90" rotate="0" type="BLANK" hasTail="0" colorStyle="1" autoTextResize="true">
        <body rgb="16777215" shadow="1" bgAlpha="0" linergb="0" tailx="180" taily="110" paddingHorizontal="0" paddingVertical="0"/>
        <text rgb="0" alpha="100" font="Accidental Presidency" size="74" align="center" bold="false" italic="false" embed="true">1:talk:1</text>
        <url target="top"><![CDATA[]]></url>
      </bubble>
    </bubbleAsset>
    <effectAsset id="EFFECT56" themecode="common" index="2">
      <effect x="0" y="0" w="550" h="310" rotate="0" id="cut" type="ZOOM" isCut="true" isPan="false"/>
      <x>47</x>
      <y>24</y>
      <width>550</width>
      <height>354</height>
      <speech>0</speech>
    </effectAsset>
  </scene>
  <scene id="SCENE34" adelay="60" lock="N" index="10" color="16777215" guid="B1AC8395-E144-5353-429A-AE02978A1A56">
    <durationSetting countMinimum="1" countTransition="1" countAction="1" countBubble="1" countSpeech="1"/>
    <bg id="cbg_bedroom_BG65" index="0">
      <file>custom.bedroom_bg.swf</file>
    </bg>
    <char id="AVATOR163" index="4" raceCode="1">
      <action face="-1" motionface="1">ugc.15688438.stand.xml</action>
      <head id="PROP52" raceCode="1">
        <file>ugc.15688438.head.head_neutral.xml</file>
      </head>
      <x>154.6</x>
      <y>212.6</y>
      <xscale>0.9</xscale>
      <yscale>0.9</yscale>
      <rotation>0</rotation>
    </char>
    <char id="AVATOR165" index="5" raceCode="1">
      <action face="1" motionface="1">ugc.15689601.sit.xml</action>
      <x>380.1</x>
      <y>219.4</y>
      <xscale>0.94</xscale>
      <yscale>0.94</yscale>
      <rotation>0</rotation>
    </char>
    <prop id="PROP24" index="1">
      <file>custom.bedroom_drawer02.swf</file>
      <x>422.6</x>
      <y>280.7</y>
      <xscale>1</xscale>
      <yscale>1</yscale>
      <face>1</face>
      <rotation>0</rotation>
    </prop>
    <prop id="PROP19" index="2">
      <file>custom.bedroom_lamp.swf</file>
      <x>422</x>
      <y>207</y>
      <xscale>1</xscale>
      <yscale>1</yscale>
      <face>1</face>
      <rotation>0</rotation>
    </prop>
    <prop id="PROP27" index="3">
      <file>custom.bedroom_blanket_bed.swf</file>
      <x>423</x>
      <y>254</y>
      <xscale>1</xscale>
      <yscale>1</yscale>
      <face>1</face>
      <rotation>0</rotation>
    </prop>
    <effectAsset id="EFFECT5" themecode="common" index="6">
      <effect x="0" y="0" w="438.7" h="247.2672727" rotate="0" id="cut" type="ZOOM" isCut="true" isPan="false"/>
      <x>67.8</x>
      <y>54.7183636</y>
      <width>438.7</width>
      <height>282.3632727</height>
      <speech>0</speech>
    </effectAsset>
  </scene>
  <scene id="SCENE35" adelay="60" lock="N" index="11" color="16777215" guid="D436BE4D-A583-C06C-0671-11E186C23F10">
    <durationSetting countMinimum="1" countTransition="1" countAction="1" countBubble="1" countSpeech="1"/>
    <bubbleAsset id="BUBBLE267" index="1">
      <x>203</x>
      <y>159</y>
      <xscale>1</xscale>
      <yscale>1</yscale>
      <rotation>0</rotation>
      <fx>easeNone</fx>
      <fxdur>0</fxdur>
      <bubble x="0" y="0" w="180" h="90" rotate="0" type="BLANK" hasTail="0" colorStyle="1" autoTextResize="true">
        <body rgb="16777215" shadow="1" bgAlpha="0" linergb="0" tailx="180" taily="110" paddingHorizontal="0" paddingVertical="0"/>
        <text rgb="0" alpha="100" font="Accidental Presidency" size="74" align="center" bold="false" italic="false" embed="true">2:talk:1</text>
        <url target="top"><![CDATA[]]></url>
      </bubble>
    </bubbleAsset>
    <effectAsset id="EFFECT59" themecode="common" index="2">
      <effect x="0" y="0" w="550" h="310" rotate="0" id="cut" type="ZOOM" isCut="true" isPan="false"/>
      <x>47</x>
      <y>24</y>
      <width>550</width>
      <height>354</height>
      <speech>0</speech>
    </effectAsset>
  </scene>
  <scene id="SCENE36" adelay="60" lock="N" index="12" color="16777215" guid="84CF6977-FF06-8B77-8374-D50546C7A1CE">
    <durationSetting countMinimum="1" countTransition="1" countAction="1" countBubble="1" countSpeech="1"/>
    <bg id="cbg_bedroom_BG65" index="0">
      <file>custom.bedroom_bg.swf</file>
    </bg>
    <char id="AVATOR163" index="4" raceCode="1">
      <action face="-1" motionface="1">ugc.15688438.stand.xml</action>
      <x>154.6</x>
      <y>212.6</y>
      <xscale>0.9</xscale>
      <yscale>0.9</yscale>
      <rotation>0</rotation>
    </char>
    <char id="AVATOR165" index="5" raceCode="1">
      <action face="1" motionface="1">ugc.15689601.sit.xml</action>
      <head id="PROP54" raceCode="1">
        <file>ugc.15689601.head.head_neutral.xml</file>
      </head>
      <x>380.1</x>
      <y>219.4</y>
      <xscale>0.94</xscale>
      <yscale>0.94</yscale>
      <rotation>0</rotation>
    </char>
    <prop id="PROP32" index="1">
      <file>custom.bedroom_drawer02.swf</file>
      <x>422.6</x>
      <y>280.7</y>
      <xscale>1</xscale>
      <yscale>1</yscale>
      <face>1</face>
      <rotation>0</rotation>
    </prop>
    <prop id="PROP33" index="2">
      <file>custom.bedroom_lamp.swf</file>
      <x>422</x>
      <y>207</y>
      <xscale>1</xscale>
      <yscale>1</yscale>
      <face>1</face>
      <rotation>0</rotation>
    </prop>
    <prop id="PROP34" index="3">
      <file>custom.bedroom_blanket_bed.swf</file>
      <x>423</x>
      <y>254</y>
      <xscale>1</xscale>
      <yscale>1</yscale>
      <face>1</face>
      <rotation>0</rotation>
    </prop>
    <effectAsset id="EFFECT5" themecode="common" index="6">
      <effect x="0" y="0" w="438.7" h="247.2672727" rotate="0" id="cut" type="ZOOM" isCut="true" isPan="false"/>
      <x>67.8</x>
      <y>54.7183636</y>
      <width>438.7</width>
      <height>282.3632727</height>
      <speech>0</speech>
    </effectAsset>
  </scene>
  <scene id="SCENE37" adelay="60" lock="N" index="13" color="16777215" guid="7BDB0395-67F3-022A-60F2-BF9A4923D78B">
    <durationSetting countMinimum="1" countTransition="1" countAction="1" countBubble="1" countSpeech="1"/>
    <bubbleAsset id="BUBBLE276" index="1">
      <x>254</x>
      <y>176</y>
      <xscale>1</xscale>
      <yscale>1</yscale>
      <rotation>0</rotation>
      <fx>easeNone</fx>
      <fxdur>0</fxdur>
      <bubble x="0" y="0" w="180" h="90" rotate="0" type="BLANK" hasTail="0" colorStyle="1" autoTextResize="true">
        <body rgb="16777215" shadow="1" bgAlpha="0" linergb="0" tailx="180" taily="110" paddingHorizontal="0" paddingVertical="0"/>
        <text rgb="0" alpha="100" font="Accidental Presidency" size="74" align="center" bold="false" italic="false" embed="true">1:talk:2</text>
        <url target="top"><![CDATA[]]></url>
      </bubble>
    </bubbleAsset>
    <effectAsset id="EFFECT62" themecode="common" index="2">
      <effect x="0" y="0" w="550" h="310" rotate="0" id="cut" type="ZOOM" isCut="true" isPan="false"/>
      <x>47</x>
      <y>24</y>
      <width>550</width>
      <height>354</height>
      <speech>0</speech>
    </effectAsset>
  </scene>
  <scene id="SCENE38" adelay="72" lock="Y" index="14" color="16777215" guid="924B2AD4-C116-B10E-EDFF-6FE201076F72">
    <bg id="cbg_bedroom_BG65" index="0">
      <file>custom.bedroom_bg.swf</file>
    </bg>
    <char id="AVATOR177" index="5" raceCode="1">
      <action face="-1" motionface="1">ugc.15688438.talk.xml</action>
      <head id="PROP55" raceCode="1">
        <file>ugc.15688438.head.head_neutral.xml</file>
      </head>
      <x>169.3</x>
      <y>228.8</y>
      <xscale>0.9</xscale>
      <yscale>0.9</yscale>
      <rotation>0</rotation>
    </char>
    <prop id="PROP38" index="1">
      <file>custom.bedroom_drawer02.swf</file>
      <x>422.6</x>
      <y>280.7</y>
      <xscale>1</xscale>
      <yscale>1</yscale>
      <face>1</face>
      <rotation>0</rotation>
    </prop>
    <prop id="PROP39" index="2">
      <file>custom.bedroom_lamp.swf</file>
      <x>422</x>
      <y>207</y>
      <xscale>1</xscale>
      <yscale>1</yscale>
      <face>1</face>
      <rotation>0</rotation>
    </prop>
    <prop id="PROP40" index="3">
      <file>custom.bedroom_blanket_bed.swf</file>
      <x>423</x>
      <y>254</y>
      <xscale>1</xscale>
      <yscale>1</yscale>
      <face>1</face>
      <rotation>0</rotation>
    </prop>
    <prop id="PROP41" index="4">
      <file>ugc.16957477.jpg</file>
      <x>321</x>
      <y>204</y>
      <xscale>0.63</xscale>
      <yscale>0.63</yscale>
      <face>1</face>
      <rotation>0</rotation>
    </prop>
    <effectAsset id="EFFECT2" themecode="common" index="6">
      <effect x="0" y="0" w="249.8" h="140.7963636" rotate="0" id="cut" type="ZOOM" isCut="true" isPan="false"/>
      <x>54.8</x>
      <y>95.1098182</y>
      <width>249.8</width>
      <height>160.7803636</height>
      <speech>0</speech>
    </effectAsset>
  </scene>
  <scene id="SCENE39" adelay="60" lock="N" index="15" color="16777215" guid="0C3958C0-21C3-CE03-5CBD-C7BEB44524A7">
    <durationSetting countMinimum="1" countTransition="1" countAction="1" countBubble="1" countSpeech="1"/>
    <bubbleAsset id="BUBBLE286" index="1">
      <x>229</x>
      <y>149</y>
      <xscale>1</xscale>
      <yscale>1</yscale>
      <rotation>0</rotation>
      <fx>easeNone</fx>
      <fxdur>0</fxdur>
      <bubble x="0" y="0" w="180" h="90" rotate="0" type="BLANK" hasTail="0" colorStyle="1" autoTextResize="true">
        <body rgb="16777215" shadow="1" bgAlpha="0" linergb="0" tailx="180" taily="110" paddingHorizontal="0" paddingVertical="0"/>
        <text rgb="0" alpha="100" font="Accidental Presidency" size="74" align="center" bold="false" italic="false" embed="true">2:talk:2</text>
        <url target="top"><![CDATA[]]></url>
      </bubble>
    </bubbleAsset>
    <effectAsset id="EFFECT65" themecode="common" index="2">
      <effect x="0" y="0" w="550" h="310" rotate="0" id="cut" type="ZOOM" isCut="true" isPan="false"/>
      <x>47</x>
      <y>24</y>
      <width>550</width>
      <height>354</height>
      <speech>0</speech>
    </effectAsset>
  </scene>
  <scene id="SCENE40" adelay="72" lock="Y" index="16" color="16777215" guid="6A36D579-5C23-CB0C-8FB7-F690FAD55FD5">
    <bg id="cbg_bedroom_BG65" index="0">
      <file>custom.bedroom_bg.swf</file>
    </bg>
    <char id="AVATOR194" index="5" raceCode="1">
      <action face="1" motionface="1">ugc.15689601.talk.xml</action>
      <head id="PROP58" raceCode="1">
        <file>ugc.15689601.head.head_neutral.xml</file>
      </head>
      <x>377.8</x>
      <y>244.8</y>
      <xscale>0.94</xscale>
      <yscale>0.94</yscale>
      <rotation>0</rotation>
    </char>
    <prop id="PROP43" index="1">
      <file>custom.bedroom_drawer02.swf</file>
      <x>422.6</x>
      <y>280.7</y>
      <xscale>1</xscale>
      <yscale>1</yscale>
      <face>1</face>
      <rotation>0</rotation>
    </prop>
    <prop id="PROP44" index="2">
      <file>custom.bedroom_lamp.swf</file>
      <x>422</x>
      <y>207</y>
      <xscale>1</xscale>
      <yscale>1</yscale>
      <face>1</face>
      <rotation>0</rotation>
    </prop>
    <prop id="PROP45" index="3">
      <file>custom.bedroom_blanket_bed.swf</file>
      <x>423</x>
      <y>254</y>
      <xscale>1</xscale>
      <yscale>1</yscale>
      <face>1</face>
      <rotation>0</rotation>
    </prop>
    <prop id="PROP46" index="4">
      <file>ugc.16957477.jpg</file>
      <x>309</x>
      <y>206</y>
      <xscale>0.63</xscale>
      <yscale>0.63</yscale>
      <face>1</face>
      <rotation>0</rotation>
    </prop>
    <effectAsset id="EFFECT2" themecode="common" index="6">
      <effect x="0" y="0" w="249.8" h="140.7963636" rotate="0" id="cut" type="ZOOM" isCut="true" isPan="false"/>
      <x>249.8</x>
      <y>106.1098182</y>
      <width>249.8</width>
      <height>160.7803636</height>
      <speech>0</speech>
    </effectAsset>
  </scene>
  <scene id="SCENE41" adelay="60" lock="N" index="17" color="16777215" guid="3B92533A-FE7B-894A-4EC1-10F047EC7D34">
    <durationSetting countMinimum="1" countTransition="1" countAction="1" countBubble="1" countSpeech="1"/>
    <bubbleAsset id="BUBBLE296" index="1">
      <x>223</x>
      <y>176</y>
      <xscale>1</xscale>
      <yscale>1</yscale>
      <rotation>0</rotation>
      <fx>easeNone</fx>
      <fxdur>0</fxdur>
      <bubble x="0" y="0" w="180" h="90" rotate="0" type="BLANK" hasTail="0" colorStyle="1" autoTextResize="true">
        <body rgb="16777215" shadow="1" bgAlpha="0" linergb="0" tailx="180" taily="110" paddingHorizontal="0" paddingVertical="0"/>
        <text rgb="0" alpha="100" font="Accidental Presidency" size="74" align="center" bold="false" italic="false" embed="true">1:talk:3</text>
        <url target="top"><![CDATA[]]></url>
      </bubble>
    </bubbleAsset>
    <effectAsset id="EFFECT68" themecode="common" index="2">
      <effect x="0" y="0" w="550" h="310" rotate="0" id="cut" type="ZOOM" isCut="true" isPan="false"/>
      <x>47</x>
      <y>24</y>
      <width>550</width>
      <height>354</height>
      <speech>0</speech>
    </effectAsset>
  </scene>
  <scene id="SCENE42" adelay="60" lock="N" index="18" color="16777215" guid="6AEFB9BC-669C-68DC-6379-AD294425E03B">
    <durationSetting countMinimum="1" countTransition="1" countAction="1" countBubble="1" countSpeech="1"/>
    <bg id="cbg_bedroom_BG65" index="0">
      <file>custom.bedroom_bg.swf</file>
    </bg>
    <char id="AVATOR206" index="5" raceCode="1">
      <action face="-1" motionface="1">ugc.15688438.xarms.xml</action>
      <head id="PROP60" raceCode="1">
        <file>ugc.15688438.head.head_neutral.xml</file>
      </head>
      <x>169.3</x>
      <y>228.8</y>
      <xscale>0.9</xscale>
      <yscale>0.9</yscale>
      <rotation>0</rotation>
    </char>
    <prop id="PROP49" index="1">
      <file>custom.bedroom_drawer02.swf</file>
      <x>422.6</x>
      <y>280.7</y>
      <xscale>1</xscale>
      <yscale>1</yscale>
      <face>1</face>
      <rotation>0</rotation>
    </prop>
    <prop id="PROP50" index="2">
      <file>custom.bedroom_lamp.swf</file>
      <x>422</x>
      <y>207</y>
      <xscale>1</xscale>
      <yscale>1</yscale>
      <face>1</face>
      <rotation>0</rotation>
    </prop>
    <prop id="PROP51" index="3">
      <file>custom.bedroom_blanket_bed.swf</file>
      <x>423</x>
      <y>254</y>
      <xscale>1</xscale>
      <yscale>1</yscale>
      <face>1</face>
      <rotation>0</rotation>
    </prop>
    <prop id="PROP64" index="4">
      <file>ugc.16957477.jpg</file>
      <x>321</x>
      <y>204</y>
      <xscale>0.63</xscale>
      <yscale>0.63</yscale>
      <face>1</face>
      <rotation>0</rotation>
    </prop>
    <effectAsset id="EFFECT2" themecode="common" index="6">
      <effect x="0" y="0" w="183.2" h="103.2581818" rotate="0" id="cut" type="ZOOM" isCut="true" isPan="false"/>
      <x>83.1</x>
      <y>106.5929091</y>
      <width>183.2</width>
      <height>117.9141818</height>
      <speech>0</speech>
    </effectAsset>
  </scene>
  <scene id="SCENE43" adelay="60" lock="N" index="19" color="16777215" guid="F8071ABB-28C5-7F87-D495-871B73A7392D">
    <durationSetting countMinimum="1" countTransition="1" countAction="1" countBubble="1" countSpeech="1"/>
    <bubbleAsset id="BUBBLE297" index="1">
      <x>258</x>
      <y>176</y>
      <xscale>1</xscale>
      <yscale>1</yscale>
      <rotation>0</rotation>
      <fx>easeNone</fx>
      <fxdur>0</fxdur>
      <bubble x="0" y="0" w="180" h="90" rotate="0" type="BLANK" hasTail="0" colorStyle="1" autoTextResize="true">
        <body rgb="16777215" shadow="1" bgAlpha="0" linergb="0" tailx="180" taily="110" paddingHorizontal="0" paddingVertical="0"/>
        <text rgb="0" alpha="100" font="Accidental Presidency" size="74" align="center" bold="false" italic="false" embed="true">2:talk:3</text>
        <url target="top"><![CDATA[]]></url>
      </bubble>
    </bubbleAsset>
    <effectAsset id="EFFECT71" themecode="common" index="2">
      <effect x="0" y="0" w="550" h="310" rotate="0" id="cut" type="ZOOM" isCut="true" isPan="false"/>
      <x>47</x>
      <y>24</y>
      <width>550</width>
      <height>354</height>
      <speech>0</speech>
    </effectAsset>
  </scene>
  <scene id="SCENE44" adelay="72" lock="Y" index="20" color="16777215" guid="34676356-013A-2F36-EDF6-7E033EBEB634">
    <bg id="cbg_bedroom_BG65" index="0">
      <file>custom.bedroom_bg.swf</file>
    </bg>
    <char id="AVATOR218" index="5" raceCode="1">
      <action face="1" motionface="1">ugc.15689601.talk.xml</action>
      <head id="PROP61" raceCode="1">
        <file>ugc.15689601.head.head_neutral.xml</file>
      </head>
      <x>377.8</x>
      <y>244.8</y>
      <xscale>0.94</xscale>
      <yscale>0.94</yscale>
      <rotation>0</rotation>
    </char>
    <prop id="PROP56" index="1">
      <file>custom.bedroom_drawer02.swf</file>
      <x>422.6</x>
      <y>280.7</y>
      <xscale>1</xscale>
      <yscale>1</yscale>
      <face>1</face>
      <rotation>0</rotation>
    </prop>
    <prop id="PROP57" index="2">
      <file>custom.bedroom_lamp.swf</file>
      <x>422</x>
      <y>207</y>
      <xscale>1</xscale>
      <yscale>1</yscale>
      <face>1</face>
      <rotation>0</rotation>
    </prop>
    <prop id="PROP53" index="3">
      <file>custom.bedroom_blanket_bed.swf</file>
      <x>423</x>
      <y>254</y>
      <xscale>1</xscale>
      <yscale>1</yscale>
      <face>1</face>
      <rotation>0</rotation>
    </prop>
    <prop id="PROP65" index="4">
      <file>ugc.16957477.jpg</file>
      <x>321</x>
      <y>204</y>
      <xscale>0.63</xscale>
      <yscale>0.63</yscale>
      <face>1</face>
      <rotation>0</rotation>
    </prop>
    <effectAsset id="EFFECT2" themecode="common" index="6">
      <effect x="0" y="0" w="190.7" h="107.4854545" rotate="0" id="cut" type="ZOOM" isCut="true" isPan="false"/>
      <x>278.5</x>
      <y>108.6792727</y>
      <width>190.7</width>
      <height>122.7414545</height>
      <speech>0</speech>
    </effectAsset>
  </scene>
  <scene id="SCENE45" adelay="60" lock="N" index="21" color="16777215" guid="099CE02B-D6E1-BA79-5B65-0C3C17FD38DF">
    <durationSetting countMinimum="1" countTransition="1" countAction="1" countBubble="1" countSpeech="1"/>
    <bubbleAsset id="BUBBLE317" index="1">
      <x>245</x>
      <y>166</y>
      <xscale>1</xscale>
      <yscale>1</yscale>
      <rotation>0</rotation>
      <fx>easeNone</fx>
      <fxdur>0</fxdur>
      <bubble x="0" y="0" w="180" h="90" rotate="0" type="BLANK" hasTail="0" colorStyle="1" autoTextResize="true">
        <body rgb="16777215" shadow="1" bgAlpha="0" linergb="0" tailx="180" taily="110" paddingHorizontal="0" paddingVertical="0"/>
        <text rgb="0" alpha="100" font="Accidental Presidency" size="65" align="center" bold="false" italic="false" embed="true">closing:1</text>
        <url target="top"><![CDATA[]]></url>
      </bubble>
    </bubbleAsset>
    <effectAsset id="EFFECT74" themecode="common" index="2">
      <effect x="0" y="0" w="550" h="310" rotate="0" id="cut" type="ZOOM" isCut="true" isPan="false"/>
      <x>47</x>
      <y>24</y>
      <width>550</width>
      <height>354</height>
      <speech>0</speech>
    </effectAsset>
  </scene>
  <scene id="SCENE46" adelay="60" lock="N" index="22" color="16777215" guid="88127174-DD03-51B4-B818-A9E88A211247">
    <durationSetting countMinimum="1" countTransition="1" countAction="1" countBubble="1" countSpeech="1"/>
    <bg id="cbg_bedroom_BG65" index="0">
      <file>custom.bedroom_bg.swf</file>
    </bg>
    <char id="AVATOR231" index="4" raceCode="1">
      <action face="-1" motionface="1">ugc.15688438.stand.xml</action>
      <x>154.6</x>
      <y>212.6</y>
      <xscale>0.9</xscale>
      <yscale>0.9</yscale>
      <rotation>0</rotation>
    </char>
    <char id="AVATOR233" index="5" raceCode="1">
      <action face="1" motionface="1">ugc.15689601.sit.xml</action>
      <x>380.1</x>
      <y>219.4</y>
      <xscale>0.94</xscale>
      <yscale>0.94</yscale>
      <rotation>0</rotation>
    </char>
    <prop id="PROP72" index="1">
      <file>custom.bedroom_drawer02.swf</file>
      <x>422.6</x>
      <y>280.7</y>
      <xscale>1</xscale>
      <yscale>1</yscale>
      <face>1</face>
      <rotation>0</rotation>
    </prop>
    <prop id="PROP59" index="2">
      <file>custom.bedroom_lamp.swf</file>
      <x>422</x>
      <y>207</y>
      <xscale>1</xscale>
      <yscale>1</yscale>
      <face>1</face>
      <rotation>0</rotation>
    </prop>
    <prop id="PROP74" index="3">
      <file>custom.bedroom_blanket_bed.swf</file>
      <x>423</x>
      <y>254</y>
      <xscale>1</xscale>
      <yscale>1</yscale>
      <face>1</face>
      <rotation>0</rotation>
    </prop>
    <effectAsset id="EFFECT11" themecode="common" index="6">
      <effect x="0" y="0" w="550" h="310" rotate="0" id="fadeOutEx" type="FADING" isIn="false" isOut="true"/>
      <x>47</x>
      <y>24</y>
      <width>550</width>
      <height>354</height>
      <speech>0</speech>
    </effectAsset>
    <effectAsset id="EFFECT5" themecode="common" index="7">
      <effect x="0" y="0" w="438.7" h="247.2672727" rotate="0" id="zoom" type="ZOOM" isCut="false" isPan="false"/>
      <x>67.8</x>
      <y>54.7183636</y>
      <width>438.7</width>
      <height>282.3632727</height>
      <speech>0</speech>
    </effectAsset>
  </scene>
</film>
