<?xml version="1.0"?>
<film copyable="0" duration="59.0" published="0" pshare="0" isWide="1">
  <meta>
    <title>A round for everyone!</title>
    <tag/>
    <hiddenTag/>
    <desc></desc>
    <mver><![CDATA[4]]></mver>
    <studio>a76d829cef09f7bb9bef739f686c0449acbaded8</studio>
    <thumbnail index="0"/>
    <palette>
      <color value="333333"/>
      <color value="999999"/>
      <color value="fbfbfb"/>
      <color value="669999"/>
      <color value="55bbaa"/>
      <color value="7fbb11"/>
      <color value="15709b"/>
      <color value="9a5d1"/>
      <color value="6ab8d6"/>
      <color value="da2021"/>
      <color value="fecd31"/>
      <color value="28c6c1"/>
      <color value="37444f"/>
    </palette>
  </meta>
  <scene id="SCENE22" adelay="42" lock="Y" index="0" color="16777215" guid="4CC6A7B0-6FF6-9C0B-387A-CA5C5F353457">
    <bg id="cbg_bar_BG2" index="0">
      <file>custom.bar_bg.swf</file>
    </bg>
    <prop id="PROP236" index="1">
      <file>custom.msp_bar_door.msp_bar_door_bar_door_close.swf</file>
      <x>146</x>
      <y>142</y>
      <xscale>1</xscale>
      <yscale>1</yscale>
      <face>1</face>
      <rotation>0</rotation>
    </prop>
    <prop id="PROP238" index="2">
      <file>custom.bar_table.swf</file>
      <x>409</x>
      <y>296</y>
      <xscale>1</xscale>
      <yscale>1</yscale>
      <face>1</face>
      <rotation>0</rotation>
    </prop>
    <prop id="PROP239" index="3">
      <file>common.msp_ncc_02cup.msp_ncc_02cup_ncc_02cup02.swf</file>
      <x>234.5</x>
      <y>187.3</y>
      <xscale>0.73</xscale>
      <yscale>0.73</yscale>
      <face>1</face>
      <rotation>0</rotation>
    </prop>
    <prop id="PROP240" index="4">
      <file>common.msp_ncc_02cup.msp_ncc_02cup_ncc_02cup02.swf</file>
      <x>261.5</x>
      <y>189.3</y>
      <xscale>0.78</xscale>
      <yscale>0.78</yscale>
      <face>1</face>
      <rotation>0</rotation>
    </prop>
    <prop id="PROP241" index="5">
      <file>custom.bar_stool.swf</file>
      <x>205</x>
      <y>249</y>
      <xscale>0.58</xscale>
      <yscale>0.58</yscale>
      <face>1</face>
      <rotation>0</rotation>
    </prop>
    <prop id="PROP242" index="6">
      <file>custom.bar_stool.swf</file>
      <x>256</x>
      <y>269</y>
      <xscale>0.66</xscale>
      <yscale>0.66</yscale>
      <face>1</face>
      <rotation>0</rotation>
    </prop>
    <prop id="PROP243" index="7">
      <file>custom.bar_stool.swf</file>
      <x>321</x>
      <y>291</y>
      <xscale>0.78</xscale>
      <yscale>0.78</yscale>
      <face>1</face>
      <rotation>0</rotation>
    </prop>
    <prop id="PROP244" index="8">
      <file>custom.bar_stool.swf</file>
      <x>538</x>
      <y>360</y>
      <xscale>1.15</xscale>
      <yscale>1.15</yscale>
      <face>1</face>
      <rotation>0</rotation>
    </prop>
    <prop id="PROP245" index="9">
      <file>common.msp_ncc_02cup.msp_ncc_02cup_ncc_02cup01.swf</file>
      <x>367.5</x>
      <y>207</y>
      <xscale>0.79</xscale>
      <yscale>0.79</yscale>
      <face>-1</face>
      <rotation>0</rotation>
      <color r="ccColorA">13408512</color>
    </prop>
    <prop id="PROP246" index="10">
      <file>custom.bar_light_01.swf</file>
      <x>488</x>
      <y>30</y>
      <xscale>1.06</xscale>
      <yscale>1.06</yscale>
      <face>1</face>
      <rotation>0</rotation>
    </prop>
    <prop id="PROP247" index="11">
      <file>custom.bar_light_01.swf</file>
      <x>322</x>
      <y>-9</y>
      <xscale>1.18</xscale>
      <yscale>1.18</yscale>
      <face>1</face>
      <rotation>0</rotation>
    </prop>
    <prop id="PROP248" index="12">
      <file>custom.bar_light_02.swf</file>
      <x>122</x>
      <y>104</y>
      <xscale>1</xscale>
      <yscale>1</yscale>
      <face>1</face>
      <rotation>-41.9</rotation>
    </prop>
    <prop id="PROP251" index="13">
      <file>custom.bar_stool.swf</file>
      <x>420</x>
      <y>325</y>
      <xscale>1</xscale>
      <yscale>1</yscale>
      <face>1</face>
      <rotation>0</rotation>
    </prop>
    <prop id="PROP253" index="14">
      <file>common.msp_ncc_02cup.msp_ncc_02cup_ncc_02cup01.swf</file>
      <x>584.5</x>
      <y>232</y>
      <xscale>1</xscale>
      <yscale>1</yscale>
      <face>-1</face>
      <rotation>0</rotation>
      <color r="ccColorA">13408512</color>
    </prop>
    <effectAsset id="EFFECT37" themecode="common" index="15">
      <effect x="0" y="0" w="550" h="310" rotate="0" id="cut" type="ZOOM" isCut="true" isPan="false"/>
      <x>47</x>
      <y>24</y>
      <width>550</width>
      <height>354</height>
      <speech>0</speech>
    </effectAsset>
  </scene>
  <scene id="SCENE23" adelay="60" lock="N" index="1" color="16777215" guid="45E8EB85-9616-F40D-2865-BEC1BCE9CE6E">
    <durationSetting countMinimum="1" countTransition="1" countAction="1" countBubble="1" countSpeech="1"/>
    <bubbleAsset id="BUBBLE587" index="1">
      <x>240.5</x>
      <y>159</y>
      <xscale>1</xscale>
      <yscale>1</yscale>
      <rotation>0</rotation>
      <fx>easeNone</fx>
      <fxdur>0</fxdur>
      <bubble x="0" y="0" w="180" h="90" rotate="0" type="BLANK" hasTail="0" colorStyle="1" autoTextResize="true">
        <body rgb="16777215" shadow="1" bgAlpha="0" linergb="0" tailx="180" taily="110" paddingHorizontal="0" paddingVertical="0"/>
        <text rgb="0" alpha="100" font="Accidental Presidency" size="60" align="center" bold="false" italic="false" embed="true">opening:1</text>
        <url target="top"><![CDATA[]]></url>
      </bubble>
    </bubbleAsset>
    <effectAsset id="EFFECT39" themecode="common" index="2">
      <effect x="0" y="0" w="550" h="310" rotate="0" id="cut" type="ZOOM" isCut="true" isPan="false"/>
      <x>47</x>
      <y>24</y>
      <width>550</width>
      <height>354</height>
      <speech>0</speech>
    </effectAsset>
  </scene>
  <scene id="SCENE24" adelay="122" lock="Y" index="2" color="16777215" guid="13F58855-C196-5DF0-BC70-6F68A49D1C89">
    <bg id="cbg_bar_BG2" index="0">
      <file>custom.bar_bg.swf</file>
    </bg>
    <char id="AVATOR292" index="2" raceCode="1">
      <action face="1" motionface="1">ugc.15689601.stand.xml</action>
      <x>435.5</x>
      <y>203</y>
      <xscale>0.87</xscale>
      <yscale>0.87</yscale>
      <rotation>0</rotation>
    </char>
    <char id="AVATOR295" index="14" raceCode="1">
      <action face="1" motionface="1">ugc.15692834.xarms.xml</action>
      <x>176.5</x>
      <y>202</y>
      <xscale>0.76</xscale>
      <yscale>0.76</yscale>
      <rotation>0</rotation>
    </char>
    <char id="AVATOR293" index="15" raceCode="1">
      <action face="-1" motionface="1">ugc.15688438.sit.xml</action>
      <x>327.5</x>
      <y>201</y>
      <xscale>0.87</xscale>
      <yscale>0.87</yscale>
      <rotation>0</rotation>
    </char>
    <char id="AVATOR290" index="17" raceCode="1">
      <action face="-1" motionface="1">ugc.15690034.sit.xml</action>
      <x>537.5</x>
      <y>244</y>
      <xscale>1.05</xscale>
      <yscale>1.05</yscale>
      <rotation>0</rotation>
    </char>
    <char id="AVATOR298" index="19" raceCode="1">
      <action face="1,1" motionface="1">ugc.15693158.dance.xml</action>
      <x>171.5,90.5</x>
      <y>297,302</y>
      <xscale>1.39,1.39</xscale>
      <yscale>1.39,1.39</yscale>
      <rotation>0,0</rotation>
      <assetMotion ver="1"/>
    </char>
    <prop id="cbg_bar_PROP63" index="1">
      <file>custom.msp_bar_door.msp_bar_door_bar_door_close.swf</file>
      <x>146</x>
      <y>142</y>
      <xscale>1</xscale>
      <yscale>1</yscale>
      <face>1</face>
      <rotation>0</rotation>
    </prop>
    <prop id="cbg_bar_PROP64" index="3">
      <file>custom.bar_table.swf</file>
      <x>409</x>
      <y>296</y>
      <xscale>1</xscale>
      <yscale>1</yscale>
      <face>1</face>
      <rotation>0</rotation>
    </prop>
    <prop id="PROP34" index="4">
      <file>common.msp_ncc_02cup.msp_ncc_02cup_ncc_02cup02.swf</file>
      <x>234.5</x>
      <y>187.3</y>
      <xscale>0.73</xscale>
      <yscale>0.73</yscale>
      <face>1</face>
      <rotation>0</rotation>
    </prop>
    <prop id="PROP35" index="5">
      <file>common.msp_ncc_02cup.msp_ncc_02cup_ncc_02cup02.swf</file>
      <x>261.5</x>
      <y>189.3</y>
      <xscale>0.78</xscale>
      <yscale>0.78</yscale>
      <face>1</face>
      <rotation>0</rotation>
    </prop>
    <prop id="cbg_bar_PROP65" index="6">
      <file>custom.bar_stool.swf</file>
      <x>205</x>
      <y>249</y>
      <xscale>0.58</xscale>
      <yscale>0.58</yscale>
      <face>1</face>
      <rotation>0</rotation>
    </prop>
    <prop id="cbg_bar_PROP66" index="7">
      <file>custom.bar_stool.swf</file>
      <x>256</x>
      <y>269</y>
      <xscale>0.66</xscale>
      <yscale>0.66</yscale>
      <face>1</face>
      <rotation>0</rotation>
    </prop>
    <prop id="cbg_bar_PROP67" index="8">
      <file>custom.bar_stool.swf</file>
      <x>321</x>
      <y>291</y>
      <xscale>0.78</xscale>
      <yscale>0.78</yscale>
      <face>1</face>
      <rotation>0</rotation>
    </prop>
    <prop id="cbg_bar_PROP69" index="9">
      <file>custom.bar_stool.swf</file>
      <x>538</x>
      <y>360</y>
      <xscale>1.15</xscale>
      <yscale>1.15</yscale>
      <face>1</face>
      <rotation>0</rotation>
    </prop>
    <prop id="PROP44" index="10">
      <file>common.msp_ncc_02cup.msp_ncc_02cup_ncc_02cup01.swf</file>
      <x>367.5</x>
      <y>207</y>
      <xscale>0.79</xscale>
      <yscale>0.79</yscale>
      <face>-1</face>
      <rotation>0</rotation>
      <color r="ccColorA">13408512</color>
    </prop>
    <prop id="cbg_bar_PROP14" index="11">
      <file>custom.bar_light_01.swf</file>
      <x>488</x>
      <y>30</y>
      <xscale>1.06</xscale>
      <yscale>1.06</yscale>
      <face>1</face>
      <rotation>0</rotation>
    </prop>
    <prop id="cbg_bar_PROP15" index="12">
      <file>custom.bar_light_01.swf</file>
      <x>322</x>
      <y>-9</y>
      <xscale>1.18</xscale>
      <yscale>1.18</yscale>
      <face>1</face>
      <rotation>0</rotation>
    </prop>
    <prop id="cbg_bar_PROP16" index="13">
      <file>custom.bar_light_02.swf</file>
      <x>122</x>
      <y>104</y>
      <xscale>1</xscale>
      <yscale>1</yscale>
      <face>1</face>
      <rotation>-41.9</rotation>
    </prop>
    <prop id="cbg_bar_PROP68" index="16">
      <file>custom.bar_stool.swf</file>
      <x>420</x>
      <y>325</y>
      <xscale>1</xscale>
      <yscale>1</yscale>
      <face>1</face>
      <rotation>0</rotation>
    </prop>
    <prop id="PROP32" index="18">
      <file>common.msp_ncc_02cup.msp_ncc_02cup_ncc_02cup01.swf</file>
      <x>584.5</x>
      <y>232</y>
      <xscale>1</xscale>
      <yscale>1</yscale>
      <face>-1</face>
      <rotation>0</rotation>
      <color r="ccColorA">13408512</color>
    </prop>
    <effectAsset id="EFFECT0" themecode="common" index="20">
      <effect x="0" y="0" w="550" h="310" rotate="0" id="fadeInEx" type="FADING" isIn="true" isOut="false"/>
      <x>47</x>
      <y>24</y>
      <width>550</width>
      <height>354</height>
      <speech>0</speech>
    </effectAsset>
    <effectAsset id="EFFECT1" themecode="common" index="21">
      <effect x="0" y="0" w="363.2" h="204.7127273" rotate="0" id="zoom" type="ZOOM" isCut="false" isPan="false"/>
      <x>182.9</x>
      <y>60.2156364</y>
      <width>363.2</width>
      <height>233.7687273</height>
      <speech>0</speech>
    </effectAsset>
  </scene>
  <scene id="SCENE25" adelay="60" lock="N" index="3" color="16777215" guid="68EC0413-4397-1FA0-66A3-14045D847F8F">
    <durationSetting countMinimum="1" countTransition="1" countAction="1" countBubble="1" countSpeech="1"/>
    <bubbleAsset id="BUBBLE588" index="1">
      <x>238</x>
      <y>166</y>
      <xscale>1</xscale>
      <yscale>1</yscale>
      <rotation>0</rotation>
      <fx>easeNone</fx>
      <fxdur>0</fxdur>
      <bubble x="0" y="0" w="180" h="90" rotate="0" type="BLANK" hasTail="0" colorStyle="1" autoTextResize="true">
        <body rgb="16777215" shadow="1" bgAlpha="0" linergb="0" tailx="180" taily="110" paddingHorizontal="0" paddingVertical="0"/>
        <text rgb="0" alpha="100" font="Accidental Presidency" size="48" align="center" bold="false" italic="false" embed="true">character:1</text>
        <url target="top"><![CDATA[]]></url>
      </bubble>
    </bubbleAsset>
    <effectAsset id="EFFECT42" themecode="common" index="2">
      <effect x="0" y="0" w="550" h="310" rotate="0" id="cut" type="ZOOM" isCut="true" isPan="false"/>
      <x>47</x>
      <y>24</y>
      <width>550</width>
      <height>354</height>
      <speech>0</speech>
    </effectAsset>
  </scene>
  <scene id="SCENE26" adelay="60" lock="N" index="4" color="16777215" guid="69AE9C48-95BF-33A3-3337-C98F1AB80149">
    <durationSetting countMinimum="1" countTransition="1" countAction="1" countBubble="1" countSpeech="1"/>
    <char id="AVATOR589" index="1" raceCode="1">
      <action face="-1" motionface="1">ugc.15688438.stand.xml</action>
      <x>327.5</x>
      <y>201</y>
      <xscale>0.87</xscale>
      <yscale>0.87</yscale>
      <rotation>0</rotation>
    </char>
    <effectAsset id="EFFECT44" themecode="common" index="2">
      <effect x="0" y="0" w="550" h="310" rotate="0" id="cut" type="ZOOM" isCut="true" isPan="false"/>
      <x>47</x>
      <y>24</y>
      <width>550</width>
      <height>354</height>
      <speech>0</speech>
    </effectAsset>
  </scene>
  <scene id="SCENE27" adelay="60" lock="N" index="5" color="16777215" guid="34FD4822-0C54-69B1-4978-93065564E658">
    <durationSetting countMinimum="1" countTransition="1" countAction="1" countBubble="1" countSpeech="1"/>
    <bubbleAsset id="BUBBLE591" index="1">
      <x>182.5</x>
      <y>176</y>
      <xscale>1</xscale>
      <yscale>1</yscale>
      <rotation>0</rotation>
      <fx>easeNone</fx>
      <fxdur>0</fxdur>
      <bubble x="0" y="0" w="180" h="90" rotate="0" type="BLANK" hasTail="0" colorStyle="1" autoTextResize="true">
        <body rgb="16777215" shadow="1" bgAlpha="0" linergb="0" tailx="180" taily="110" paddingHorizontal="0" paddingVertical="0"/>
        <text rgb="0" alpha="100" font="Accidental Presidency" size="47" align="center" bold="false" italic="false" embed="true">character:2</text>
        <url target="top"><![CDATA[]]></url>
      </bubble>
    </bubbleAsset>
    <effectAsset id="EFFECT46" themecode="common" index="2">
      <effect x="0" y="0" w="550" h="310" rotate="0" id="cut" type="ZOOM" isCut="true" isPan="false"/>
      <x>47</x>
      <y>24</y>
      <width>550</width>
      <height>354</height>
      <speech>0</speech>
    </effectAsset>
  </scene>
  <scene id="SCENE28" adelay="60" lock="N" index="6" color="16777215" guid="A4225184-5773-0279-39D1-F5BABC0D8982">
    <durationSetting countMinimum="1" countTransition="1" countAction="1" countBubble="1" countSpeech="1"/>
    <char id="AVATOR593" index="1" raceCode="1">
      <action face="1" motionface="1">ugc.15689601.stand.xml</action>
      <x>364.5</x>
      <y>233</y>
      <xscale>0.87</xscale>
      <yscale>0.87</yscale>
      <rotation>0</rotation>
    </char>
    <effectAsset id="EFFECT48" themecode="common" index="2">
      <effect x="0" y="0" w="550" h="310" rotate="0" id="cut" type="ZOOM" isCut="true" isPan="false"/>
      <x>47</x>
      <y>24</y>
      <width>550</width>
      <height>354</height>
      <speech>0</speech>
    </effectAsset>
  </scene>
  <scene id="SCENE29" adelay="60" lock="N" index="7" color="16777215" guid="330846ED-FA2C-0FE1-18A9-60BD9433A7E1">
    <durationSetting countMinimum="1" countTransition="1" countAction="1" countBubble="1" countSpeech="1"/>
    <bubbleAsset id="BUBBLE595" index="1">
      <x>251</x>
      <y>163</y>
      <xscale>1</xscale>
      <yscale>1</yscale>
      <rotation>0</rotation>
      <fx>easeNone</fx>
      <fxdur>0</fxdur>
      <bubble x="0" y="0" w="180" h="90" rotate="0" type="BLANK" hasTail="0" colorStyle="1" autoTextResize="true">
        <body rgb="16777215" shadow="1" bgAlpha="0" linergb="0" tailx="180" taily="110" paddingHorizontal="0" paddingVertical="0"/>
        <text rgb="0" alpha="100" font="Accidental Presidency" size="74" align="center" bold="false" italic="false" embed="true">1:talk:1</text>
        <url target="top"><![CDATA[]]></url>
      </bubble>
    </bubbleAsset>
    <effectAsset id="EFFECT50" themecode="common" index="2">
      <effect x="0" y="0" w="550" h="310" rotate="0" id="cut" type="ZOOM" isCut="true" isPan="false"/>
      <x>47</x>
      <y>24</y>
      <width>550</width>
      <height>354</height>
      <speech>0</speech>
    </effectAsset>
  </scene>
  <scene id="SCENE30" adelay="60" lock="N" index="8" color="16777215" guid="D009D026-7247-FB43-AF48-0BEE0B77138B">
    <durationSetting countMinimum="1" countTransition="1" countAction="1" countBubble="1" countSpeech="1"/>
    <bg id="cbg_bar_BG2" index="0">
      <file>custom.bar_bg.swf</file>
    </bg>
    <char id="AVATOR292" index="3" raceCode="1">
      <action face="1" motionface="1">ugc.15689601.stand.xml</action>
      <x>435.5</x>
      <y>203</y>
      <xscale>0.87</xscale>
      <yscale>0.87</yscale>
      <rotation>0</rotation>
    </char>
    <char id="AVATOR290" index="14" raceCode="1">
      <action face="-1" motionface="1">ugc.15690034.sit.xml</action>
      <x>537.5</x>
      <y>244</y>
      <xscale>1.05</xscale>
      <yscale>1.05</yscale>
      <rotation>0</rotation>
    </char>
    <char id="AVATOR295" index="16" raceCode="1">
      <action face="1" motionface="1">ugc.15692834.xarms.xml</action>
      <x>176.5</x>
      <y>202</y>
      <xscale>0.76</xscale>
      <yscale>0.76</yscale>
      <rotation>0</rotation>
    </char>
    <char id="AVATOR293" index="17" raceCode="1">
      <action face="-1" motionface="1">ugc.15688438.sit.xml</action>
      <head id="PROP148" raceCode="1">
        <file>ugc.15688438.head.head_neutral.xml</file>
      </head>
      <x>327.5</x>
      <y>201</y>
      <xscale>0.87</xscale>
      <yscale>0.87</yscale>
      <rotation>0</rotation>
    </char>
    <char id="AVATOR298" index="19" raceCode="1">
      <action face="1" motionface="1">ugc.15693158.dance.xml</action>
      <x>90.5</x>
      <y>302</y>
      <xscale>1.39</xscale>
      <yscale>1.39</yscale>
      <rotation>0</rotation>
    </char>
    <prop id="PROP39" index="1">
      <file>custom.msp_bar_door.msp_bar_door_bar_door_close.swf</file>
      <x>146</x>
      <y>142</y>
      <xscale>1</xscale>
      <yscale>1</yscale>
      <face>1</face>
      <rotation>0</rotation>
    </prop>
    <prop id="PROP57" index="2">
      <file>ugc.17524477.jpg</file>
      <x>381</x>
      <y>157</y>
      <xscale>0.26</xscale>
      <yscale>0.26</yscale>
      <face>1</face>
      <rotation>0</rotation>
    </prop>
    <prop id="PROP66" index="4">
      <file>custom.bar_table.swf</file>
      <x>409</x>
      <y>296</y>
      <xscale>1</xscale>
      <yscale>1</yscale>
      <face>1</face>
      <rotation>0</rotation>
    </prop>
    <prop id="PROP43" index="5">
      <file>common.msp_ncc_02cup.msp_ncc_02cup_ncc_02cup02.swf</file>
      <x>234.5</x>
      <y>187.3</y>
      <xscale>0.73</xscale>
      <yscale>0.73</yscale>
      <face>1</face>
      <rotation>0</rotation>
    </prop>
    <prop id="PROP69" index="6">
      <file>common.msp_ncc_02cup.msp_ncc_02cup_ncc_02cup02.swf</file>
      <x>261.5</x>
      <y>189.3</y>
      <xscale>0.78</xscale>
      <yscale>0.78</yscale>
      <face>1</face>
      <rotation>0</rotation>
    </prop>
    <prop id="PROP70" index="7">
      <file>custom.bar_stool.swf</file>
      <x>205</x>
      <y>249</y>
      <xscale>0.58</xscale>
      <yscale>0.58</yscale>
      <face>1</face>
      <rotation>0</rotation>
    </prop>
    <prop id="PROP46" index="8">
      <file>custom.bar_stool.swf</file>
      <x>256</x>
      <y>269</y>
      <xscale>0.66</xscale>
      <yscale>0.66</yscale>
      <face>1</face>
      <rotation>0</rotation>
    </prop>
    <prop id="PROP73" index="9">
      <file>custom.bar_stool.swf</file>
      <x>321</x>
      <y>291</y>
      <xscale>0.78</xscale>
      <yscale>0.78</yscale>
      <face>1</face>
      <rotation>0</rotation>
    </prop>
    <prop id="PROP48" index="10">
      <file>custom.bar_stool.swf</file>
      <x>538</x>
      <y>360</y>
      <xscale>1.15</xscale>
      <yscale>1.15</yscale>
      <face>1</face>
      <rotation>0</rotation>
    </prop>
    <prop id="PROP76" index="11">
      <file>common.msp_ncc_02cup.msp_ncc_02cup_ncc_02cup01.swf</file>
      <x>367.5</x>
      <y>207</y>
      <xscale>0.79</xscale>
      <yscale>0.79</yscale>
      <face>-1</face>
      <rotation>0</rotation>
      <color r="ccColorA">13408512</color>
    </prop>
    <prop id="PROP50" index="12">
      <file>custom.bar_light_01.swf</file>
      <x>322</x>
      <y>-9</y>
      <xscale>1.18</xscale>
      <yscale>1.18</yscale>
      <face>1</face>
      <rotation>0</rotation>
    </prop>
    <prop id="PROP79" index="13">
      <file>custom.bar_light_02.swf</file>
      <x>122</x>
      <y>104</y>
      <xscale>1</xscale>
      <yscale>1</yscale>
      <face>1</face>
      <rotation>-41.9</rotation>
    </prop>
    <prop id="PROP81" index="15">
      <file>common.msp_ncc_02cup.msp_ncc_02cup_ncc_02cup01.swf</file>
      <x>584.5</x>
      <y>232</y>
      <xscale>1</xscale>
      <yscale>1</yscale>
      <face>-1</face>
      <rotation>0</rotation>
      <color r="ccColorA">13408512</color>
    </prop>
    <prop id="PROP56" index="18">
      <file>custom.bar_stool.swf</file>
      <x>420</x>
      <y>325</y>
      <xscale>1</xscale>
      <yscale>1</yscale>
      <face>1</face>
      <rotation>0</rotation>
    </prop>
    <effectAsset id="EFFECT1" themecode="common" index="20">
      <effect x="0" y="0" w="228.8" h="128.96" rotate="0" id="cut" type="ZOOM" isCut="true" isPan="false"/>
      <x>265.1</x>
      <y>84.518</y>
      <width>228.8</width>
      <height>147.264</height>
      <speech>0</speech>
    </effectAsset>
  </scene>
  <scene id="SCENE31" adelay="60" lock="N" index="9" color="16777215" guid="742F5BEB-9257-739E-7023-C81508AF8A44">
    <durationSetting countMinimum="1" countTransition="1" countAction="1" countBubble="1" countSpeech="1"/>
    <bubbleAsset id="BUBBLE596" index="1">
      <x>241</x>
      <y>157</y>
      <xscale>1</xscale>
      <yscale>1</yscale>
      <rotation>0</rotation>
      <fx>easeNone</fx>
      <fxdur>0</fxdur>
      <bubble x="0" y="0" w="180" h="90" rotate="0" type="BLANK" hasTail="0" colorStyle="1" autoTextResize="true">
        <body rgb="16777215" shadow="1" bgAlpha="0" linergb="0" tailx="180" taily="110" paddingHorizontal="0" paddingVertical="0"/>
        <text rgb="0" alpha="100" font="Accidental Presidency" size="74" align="center" bold="false" italic="false" embed="true">2:talk:1</text>
        <url target="top"><![CDATA[]]></url>
      </bubble>
    </bubbleAsset>
    <effectAsset id="EFFECT53" themecode="common" index="2">
      <effect x="0" y="0" w="550" h="310" rotate="0" id="cut" type="ZOOM" isCut="true" isPan="false"/>
      <x>47</x>
      <y>24</y>
      <width>550</width>
      <height>354</height>
      <speech>0</speech>
    </effectAsset>
  </scene>
  <scene id="SCENE32" adelay="125" lock="N" index="10" color="16777215" guid="CB6A8BE7-8C09-2E91-ABD8-9B2342F8DAE7">
    <durationSetting countMinimum="1" countTransition="1" countAction="1" countBubble="1" countSpeech="1"/>
    <bg id="cbg_bar_BG2" index="0">
      <file>custom.bar_bg.swf</file>
    </bg>
    <char id="AVATOR292" index="2" raceCode="1">
      <action face="1" motionface="1">ugc.15689601.talk.xml</action>
      <head id="PROP150" raceCode="1">
        <file>ugc.15689601.head.head_neutral.xml</file>
      </head>
      <x>435.5</x>
      <y>203</y>
      <xscale>0.87</xscale>
      <yscale>0.87</yscale>
      <rotation>0</rotation>
    </char>
    <char id="AVATOR290" index="14" raceCode="1">
      <action face="-1" motionface="1">ugc.15690034.sit.xml</action>
      <head id="PROP151" raceCode="1">
        <file>ugc.15690034.head.head_thinking.xml</file>
      </head>
      <x>533.5</x>
      <y>244</y>
      <xscale>1.05</xscale>
      <yscale>1.05</yscale>
      <rotation>0</rotation>
    </char>
    <char id="AVATOR293" index="16" raceCode="1">
      <action face="-1" motionface="1">ugc.15688438.sit.xml</action>
      <x>309.5</x>
      <y>199</y>
      <xscale>0.87</xscale>
      <yscale>0.87</yscale>
      <rotation>0</rotation>
    </char>
    <char id="AVATOR295" index="18" raceCode="1">
      <action face="1" motionface="1">ugc.15692834.xarms.xml</action>
      <head id="PROP153" raceCode="1">
        <file>ugc.15692834.head.head_thinking.xml</file>
      </head>
      <x>176.5</x>
      <y>202</y>
      <xscale>0.76</xscale>
      <yscale>0.76</yscale>
      <rotation>0</rotation>
    </char>
    <char id="AVATOR298" index="19" raceCode="1">
      <action face="-1" motionface="1">ugc.15693158.stand.xml</action>
      <head id="PROP154" raceCode="1">
        <file>ugc.15693158.head.head_happy.xml</file>
      </head>
      <x>102.5</x>
      <y>197</y>
      <xscale>0.83</xscale>
      <yscale>0.83</yscale>
      <rotation>0</rotation>
    </char>
    <prop id="PROP62" index="1">
      <file>custom.msp_bar_door.msp_bar_door_bar_door_close.swf</file>
      <x>146</x>
      <y>142</y>
      <xscale>1</xscale>
      <yscale>1</yscale>
      <face>1</face>
      <rotation>0</rotation>
    </prop>
    <prop id="PROP91" index="3">
      <file>custom.bar_table.swf</file>
      <x>409</x>
      <y>296</y>
      <xscale>1</xscale>
      <yscale>1</yscale>
      <face>1</face>
      <rotation>0</rotation>
    </prop>
    <prop id="PROP92" index="4">
      <file>common.msp_ncc_02cup.msp_ncc_02cup_ncc_02cup02.swf</file>
      <x>234.5</x>
      <y>187.3</y>
      <xscale>0.73</xscale>
      <yscale>0.73</yscale>
      <face>1</face>
      <rotation>0</rotation>
    </prop>
    <prop id="PROP93" index="5">
      <file>common.msp_ncc_02cup.msp_ncc_02cup_ncc_02cup02.swf</file>
      <x>261.5</x>
      <y>189.3</y>
      <xscale>0.78</xscale>
      <yscale>0.78</yscale>
      <face>1</face>
      <rotation>0</rotation>
    </prop>
    <prop id="PROP75" index="6">
      <file>custom.bar_stool.swf</file>
      <x>205</x>
      <y>249</y>
      <xscale>0.58</xscale>
      <yscale>0.58</yscale>
      <face>1</face>
      <rotation>0</rotation>
    </prop>
    <prop id="PROP96" index="7">
      <file>custom.bar_stool.swf</file>
      <x>256</x>
      <y>269</y>
      <xscale>0.66</xscale>
      <yscale>0.66</yscale>
      <face>1</face>
      <rotation>0</rotation>
    </prop>
    <prop id="PROP97" index="8">
      <file>custom.bar_stool.swf</file>
      <x>321</x>
      <y>291</y>
      <xscale>0.78</xscale>
      <yscale>0.78</yscale>
      <face>1</face>
      <rotation>0</rotation>
    </prop>
    <prop id="PROP98" index="9">
      <file>custom.bar_stool.swf</file>
      <x>538</x>
      <y>360</y>
      <xscale>1.15</xscale>
      <yscale>1.15</yscale>
      <face>1</face>
      <rotation>0</rotation>
    </prop>
    <prop id="PROP99" index="10">
      <file>common.msp_ncc_02cup.msp_ncc_02cup_ncc_02cup01.swf</file>
      <x>366.5</x>
      <y>205.7</y>
      <xscale>0.79</xscale>
      <yscale>0.79</yscale>
      <face>-1</face>
      <rotation>0</rotation>
      <color r="ccColorA">13408512</color>
    </prop>
    <prop id="PROP100" index="11">
      <file>custom.bar_light_01.swf</file>
      <x>488</x>
      <y>30</y>
      <xscale>1.06</xscale>
      <yscale>1.06</yscale>
      <face>1</face>
      <rotation>0</rotation>
    </prop>
    <prop id="PROP84" index="12">
      <file>custom.bar_light_01.swf</file>
      <x>322</x>
      <y>-9</y>
      <xscale>1.18</xscale>
      <yscale>1.18</yscale>
      <face>1</face>
      <rotation>0</rotation>
    </prop>
    <prop id="PROP103" index="13">
      <file>custom.bar_light_02.swf</file>
      <x>122</x>
      <y>104</y>
      <xscale>1</xscale>
      <yscale>1</yscale>
      <face>1</face>
      <rotation>-41.9</rotation>
    </prop>
    <prop id="PROP107" index="15">
      <file>common.msp_ncc_02cup.msp_ncc_02cup_ncc_02cup01.swf</file>
      <x>584.5</x>
      <y>232</y>
      <xscale>1</xscale>
      <yscale>1</yscale>
      <face>-1</face>
      <rotation>0</rotation>
      <color r="ccColorA">13408512</color>
    </prop>
    <prop id="PROP108" index="17">
      <file>custom.bar_stool.swf</file>
      <x>420</x>
      <y>325</y>
      <xscale>1</xscale>
      <yscale>1</yscale>
      <face>1</face>
      <rotation>0</rotation>
    </prop>
    <effectAsset id="EFFECT1" themecode="common" index="20">
      <effect x="0" y="0" w="488.4" h="275.28" rotate="0" id="cut" type="ZOOM" isCut="true" isPan="false"/>
      <x>88.6</x>
      <y>48.974</y>
      <width>488.4</width>
      <height>314.352</height>
      <speech>0</speech>
    </effectAsset>
  </scene>
  <scene id="SCENE33" adelay="60" lock="N" index="11" color="16777215" guid="4079BDDF-F368-FAF7-7FE5-AE41DBBC31E4">
    <durationSetting countMinimum="1" countTransition="1" countAction="1" countBubble="1" countSpeech="1"/>
    <bubbleAsset id="BUBBLE597" index="1">
      <x>239</x>
      <y>136</y>
      <xscale>1</xscale>
      <yscale>1</yscale>
      <rotation>0</rotation>
      <fx>easeNone</fx>
      <fxdur>0</fxdur>
      <bubble x="0" y="0" w="180" h="90" rotate="0" type="BLANK" hasTail="0" colorStyle="1" autoTextResize="true">
        <body rgb="16777215" shadow="1" bgAlpha="0" linergb="0" tailx="180" taily="110" paddingHorizontal="0" paddingVertical="0"/>
        <text rgb="0" alpha="100" font="Accidental Presidency" size="74" align="center" bold="false" italic="false" embed="true">1:talk:2</text>
        <url target="top"><![CDATA[]]></url>
      </bubble>
    </bubbleAsset>
    <effectAsset id="EFFECT56" themecode="common" index="2">
      <effect x="0" y="0" w="550" h="310" rotate="0" id="cut" type="ZOOM" isCut="true" isPan="false"/>
      <x>47</x>
      <y>24</y>
      <width>550</width>
      <height>354</height>
      <speech>0</speech>
    </effectAsset>
  </scene>
  <scene id="SCENE34" adelay="60" lock="N" index="12" color="16777215" guid="E0CE7EED-24F3-5CB6-FAC0-43FA451F5EB8">
    <durationSetting countMinimum="1" countTransition="1" countAction="1" countBubble="1" countSpeech="1"/>
    <bg id="cbg_bar_BG2" index="0">
      <file>custom.bar_bg.swf</file>
    </bg>
    <char id="AVATOR292" index="2" raceCode="1">
      <action face="1" motionface="1">ugc.15689601.stand.xml</action>
      <x>435.5</x>
      <y>203</y>
      <xscale>0.87</xscale>
      <yscale>0.87</yscale>
      <rotation>0</rotation>
    </char>
    <char id="AVATOR290" index="14" raceCode="1">
      <action face="-1" motionface="1">ugc.15690034.sit.xml</action>
      <x>620.5</x>
      <y>243</y>
      <xscale>1.05</xscale>
      <yscale>1.05</yscale>
      <rotation>0</rotation>
    </char>
    <char id="AVATOR295" index="17" raceCode="1">
      <action face="1" motionface="1">ugc.15692834.xarms.xml</action>
      <x>176.5</x>
      <y>202</y>
      <xscale>0.76</xscale>
      <yscale>0.76</yscale>
      <rotation>0</rotation>
    </char>
    <char id="AVATOR293" index="18" raceCode="1">
      <action face="-1" motionface="1">ugc.15688438.sit.xml</action>
      <head id="PROP155" raceCode="1">
        <file>ugc.15688438.head.head_neutral.xml</file>
      </head>
      <x>309.5</x>
      <y>199</y>
      <xscale>0.87</xscale>
      <yscale>0.87</yscale>
      <rotation>0</rotation>
    </char>
    <char id="AVATOR298" index="19" raceCode="1">
      <action face="1" motionface="1">ugc.15693158.stand.xml</action>
      <x>90.5</x>
      <y>302</y>
      <xscale>1.39</xscale>
      <yscale>1.39</yscale>
      <rotation>0</rotation>
    </char>
    <prop id="PROP260" index="1">
      <file>custom.msp_bar_door.msp_bar_door_bar_door_close.swf</file>
      <x>146</x>
      <y>142</y>
      <xscale>1</xscale>
      <yscale>1</yscale>
      <face>1</face>
      <rotation>0</rotation>
    </prop>
    <prop id="PROP263" index="3">
      <file>custom.bar_table.swf</file>
      <x>409</x>
      <y>296</y>
      <xscale>1</xscale>
      <yscale>1</yscale>
      <face>1</face>
      <rotation>0</rotation>
    </prop>
    <prop id="PROP264" index="4">
      <file>common.msp_ncc_02cup.msp_ncc_02cup_ncc_02cup02.swf</file>
      <x>234.5</x>
      <y>187.3</y>
      <xscale>0.73</xscale>
      <yscale>0.73</yscale>
      <face>1</face>
      <rotation>0</rotation>
    </prop>
    <prop id="PROP265" index="5">
      <file>custom.bar_stool.swf</file>
      <x>205</x>
      <y>249</y>
      <xscale>0.58</xscale>
      <yscale>0.58</yscale>
      <face>1</face>
      <rotation>0</rotation>
    </prop>
    <prop id="PROP266" index="6">
      <file>custom.bar_stool.swf</file>
      <x>256</x>
      <y>269</y>
      <xscale>0.66</xscale>
      <yscale>0.66</yscale>
      <face>1</face>
      <rotation>0</rotation>
    </prop>
    <prop id="PROP267" index="7">
      <file>custom.bar_stool.swf</file>
      <x>321</x>
      <y>291</y>
      <xscale>0.78</xscale>
      <yscale>0.78</yscale>
      <face>1</face>
      <rotation>0</rotation>
    </prop>
    <prop id="PROP268" index="8">
      <file>custom.bar_stool.swf</file>
      <x>538</x>
      <y>360</y>
      <xscale>1.15</xscale>
      <yscale>1.15</yscale>
      <face>1</face>
      <rotation>0</rotation>
    </prop>
    <prop id="PROP269" index="9">
      <file>ugc.17524477.jpg</file>
      <x>351</x>
      <y>142</y>
      <xscale>0.23</xscale>
      <yscale>0.23</yscale>
      <face>1</face>
      <rotation>0</rotation>
    </prop>
    <prop id="PROP125" index="10">
      <file>common.msp_ncc_02cup.msp_ncc_02cup_ncc_02cup01.swf</file>
      <x>366.5</x>
      <y>200</y>
      <xscale>0.79</xscale>
      <yscale>0.79</yscale>
      <face>-1</face>
      <rotation>0</rotation>
      <color r="ccColorA">13408512</color>
    </prop>
    <prop id="PROP271" index="11">
      <file>custom.bar_light_01.swf</file>
      <x>488</x>
      <y>30</y>
      <xscale>1.06</xscale>
      <yscale>1.06</yscale>
      <face>1</face>
      <rotation>0</rotation>
    </prop>
    <prop id="PROP128" index="12">
      <file>custom.bar_light_01.swf</file>
      <x>322</x>
      <y>-9</y>
      <xscale>1.18</xscale>
      <yscale>1.18</yscale>
      <face>1</face>
      <rotation>0</rotation>
    </prop>
    <prop id="PROP273" index="13">
      <file>custom.bar_light_02.swf</file>
      <x>122</x>
      <y>104</y>
      <xscale>1</xscale>
      <yscale>1</yscale>
      <face>1</face>
      <rotation>-41.9</rotation>
    </prop>
    <prop id="PROP275" index="15">
      <file>common.msp_ncc_02cup.msp_ncc_02cup_ncc_02cup01.swf</file>
      <x>584.5</x>
      <y>232</y>
      <xscale>1</xscale>
      <yscale>1</yscale>
      <face>-1</face>
      <rotation>0</rotation>
      <color r="ccColorA">13408512</color>
    </prop>
    <prop id="PROP276" index="16">
      <file>custom.bar_stool.swf</file>
      <x>420</x>
      <y>325</y>
      <xscale>1</xscale>
      <yscale>1</yscale>
      <face>1</face>
      <rotation>0</rotation>
    </prop>
    <effectAsset id="EFFECT1" themecode="common" index="20">
      <effect x="0" y="0" w="153.2" h="86.3490909" rotate="0" id="cut" type="ZOOM" isCut="true" isPan="false"/>
      <x>253.4</x>
      <y>104.2974545</y>
      <width>153.2</width>
      <height>98.6050909</height>
      <speech>0</speech>
    </effectAsset>
  </scene>
  <scene id="SCENE35" adelay="60" lock="N" index="13" color="16777215" guid="B604ABCD-647D-9D9B-A22D-CF866E8FAEA6">
    <durationSetting countMinimum="1" countTransition="1" countAction="1" countBubble="1" countSpeech="1"/>
    <bubbleAsset id="BUBBLE598" index="1">
      <x>241</x>
      <y>163</y>
      <xscale>1</xscale>
      <yscale>1</yscale>
      <rotation>0</rotation>
      <fx>easeNone</fx>
      <fxdur>0</fxdur>
      <bubble x="0" y="0" w="180" h="90" rotate="0" type="BLANK" hasTail="0" colorStyle="1" autoTextResize="true">
        <body rgb="16777215" shadow="1" bgAlpha="0" linergb="0" tailx="180" taily="110" paddingHorizontal="0" paddingVertical="0"/>
        <text rgb="0" alpha="100" font="Accidental Presidency" size="74" align="center" bold="false" italic="false" embed="true">2:talk:2</text>
        <url target="top"><![CDATA[]]></url>
      </bubble>
    </bubbleAsset>
    <effectAsset id="EFFECT59" themecode="common" index="2">
      <effect x="0" y="0" w="550" h="310" rotate="0" id="cut" type="ZOOM" isCut="true" isPan="false"/>
      <x>47</x>
      <y>24</y>
      <width>550</width>
      <height>354</height>
      <speech>0</speech>
    </effectAsset>
  </scene>
  <scene id="SCENE36" adelay="60" lock="N" index="14" color="16777215" guid="A959BD61-2D29-C95E-0056-4D5A454927C6">
    <durationSetting countMinimum="1" countTransition="1" countAction="1" countBubble="1" countSpeech="1"/>
    <bg id="cbg_bar_BG2" index="0">
      <file>custom.bar_bg.swf</file>
    </bg>
    <char id="AVATOR292" index="3" raceCode="1">
      <action face="1" motionface="1">ugc.15689601.stand.xml</action>
      <head id="PROP157" raceCode="1">
        <file>ugc.15689601.head.head_neutral.xml</file>
      </head>
      <x>435.5</x>
      <y>203</y>
      <xscale>0.87</xscale>
      <yscale>0.87</yscale>
      <rotation>0</rotation>
    </char>
    <char id="AVATOR290" index="14" raceCode="1">
      <action face="-1" motionface="1">ugc.15690034.sit.xml</action>
      <x>620.5</x>
      <y>243</y>
      <xscale>1.05</xscale>
      <yscale>1.05</yscale>
      <rotation>0</rotation>
    </char>
    <char id="AVATOR295" index="17" raceCode="1">
      <action face="1" motionface="1">ugc.15692834.xarms.xml</action>
      <x>176.5</x>
      <y>202</y>
      <xscale>0.76</xscale>
      <yscale>0.76</yscale>
      <rotation>0</rotation>
    </char>
    <char id="AVATOR293" index="18" raceCode="1">
      <action face="-1" motionface="1">ugc.15688438.sit.xml</action>
      <x>288.5</x>
      <y>199</y>
      <xscale>0.87</xscale>
      <yscale>0.87</yscale>
      <rotation>0</rotation>
    </char>
    <prop id="PROP223" index="1">
      <file>custom.msp_bar_door.msp_bar_door_bar_door_close.swf</file>
      <x>146</x>
      <y>142</y>
      <xscale>1</xscale>
      <yscale>1</yscale>
      <face>1</face>
      <rotation>0</rotation>
    </prop>
    <prop id="PROP224" index="2">
      <file>ugc.17524424.jpg</file>
      <x>420</x>
      <y>144</y>
      <xscale>0.26</xscale>
      <yscale>0.26</yscale>
      <face>1</face>
      <rotation>0</rotation>
    </prop>
    <prop id="PROP227" index="4">
      <file>custom.bar_table.swf</file>
      <x>409</x>
      <y>296</y>
      <xscale>1</xscale>
      <yscale>1</yscale>
      <face>1</face>
      <rotation>0</rotation>
    </prop>
    <prop id="PROP143" index="5">
      <file>common.msp_ncc_02cup.msp_ncc_02cup_ncc_02cup02.swf</file>
      <x>234.5</x>
      <y>187.3</y>
      <xscale>0.73</xscale>
      <yscale>0.73</yscale>
      <face>1</face>
      <rotation>0</rotation>
    </prop>
    <prop id="PROP229" index="6">
      <file>common.msp_ncc_02cup.msp_ncc_02cup_ncc_02cup02.swf</file>
      <x>261.5</x>
      <y>189.3</y>
      <xscale>0.78</xscale>
      <yscale>0.78</yscale>
      <face>1</face>
      <rotation>0</rotation>
    </prop>
    <prop id="PROP230" index="7">
      <file>custom.bar_stool.swf</file>
      <x>205</x>
      <y>249</y>
      <xscale>0.58</xscale>
      <yscale>0.58</yscale>
      <face>1</face>
      <rotation>0</rotation>
    </prop>
    <prop id="PROP231" index="8">
      <file>custom.bar_stool.swf</file>
      <x>256</x>
      <y>269</y>
      <xscale>0.66</xscale>
      <yscale>0.66</yscale>
      <face>1</face>
      <rotation>0</rotation>
    </prop>
    <prop id="PROP232" index="9">
      <file>custom.bar_stool.swf</file>
      <x>321</x>
      <y>291</y>
      <xscale>0.78</xscale>
      <yscale>0.78</yscale>
      <face>1</face>
      <rotation>0</rotation>
    </prop>
    <prop id="PROP233" index="10">
      <file>custom.bar_stool.swf</file>
      <x>538</x>
      <y>360</y>
      <xscale>1.15</xscale>
      <yscale>1.15</yscale>
      <face>1</face>
      <rotation>0</rotation>
    </prop>
    <prop id="PROP234" index="11">
      <file>common.msp_ncc_02cup.msp_ncc_02cup_ncc_02cup01.swf</file>
      <x>367.5</x>
      <y>207</y>
      <xscale>0.79</xscale>
      <yscale>0.79</yscale>
      <face>-1</face>
      <rotation>0</rotation>
      <color r="ccColorA">13408512</color>
    </prop>
    <prop id="PROP152" index="12">
      <file>custom.bar_light_01.swf</file>
      <x>322</x>
      <y>-9</y>
      <xscale>1.18</xscale>
      <yscale>1.18</yscale>
      <face>1</face>
      <rotation>0</rotation>
    </prop>
    <prop id="PROP237" index="13">
      <file>custom.bar_light_02.swf</file>
      <x>122</x>
      <y>104</y>
      <xscale>1</xscale>
      <yscale>1</yscale>
      <face>1</face>
      <rotation>-41.9</rotation>
    </prop>
    <prop id="PROP254" index="15">
      <file>common.msp_ncc_02cup.msp_ncc_02cup_ncc_02cup01.swf</file>
      <x>584.5</x>
      <y>232</y>
      <xscale>1</xscale>
      <yscale>1</yscale>
      <face>-1</face>
      <rotation>0</rotation>
      <color r="ccColorA">13408512</color>
    </prop>
    <prop id="PROP156" index="16">
      <file>custom.bar_stool.swf</file>
      <x>420</x>
      <y>325</y>
      <xscale>1</xscale>
      <yscale>1</yscale>
      <face>1</face>
      <rotation>0</rotation>
    </prop>
    <effectAsset id="EFFECT1" themecode="common" index="19">
      <effect x="0" y="0" w="153.2" h="86.3490909" rotate="0" id="cut" type="ZOOM" isCut="true" isPan="false"/>
      <x>345.9</x>
      <y>84.7974545</y>
      <width>153.2</width>
      <height>98.6050909</height>
      <speech>0</speech>
    </effectAsset>
  </scene>
  <scene id="SCENE37" adelay="60" lock="N" index="15" color="16777215" guid="195F859E-CA86-38A1-14BC-50D64BE0E350">
    <durationSetting countMinimum="1" countTransition="1" countAction="1" countBubble="1" countSpeech="1"/>
    <bubbleAsset id="BUBBLE599" index="1">
      <x>187</x>
      <y>148</y>
      <xscale>1</xscale>
      <yscale>1</yscale>
      <rotation>0</rotation>
      <fx>easeNone</fx>
      <fxdur>0</fxdur>
      <bubble x="0" y="0" w="180" h="90" rotate="0" type="BLANK" hasTail="0" colorStyle="1" autoTextResize="true">
        <body rgb="16777215" shadow="1" bgAlpha="0" linergb="0" tailx="180" taily="110" paddingHorizontal="0" paddingVertical="0"/>
        <text rgb="0" alpha="100" font="Accidental Presidency" size="74" align="center" bold="false" italic="false" embed="true">1:talk:3</text>
        <url target="top"><![CDATA[]]></url>
      </bubble>
    </bubbleAsset>
    <effectAsset id="EFFECT62" themecode="common" index="2">
      <effect x="0" y="0" w="550" h="310" rotate="0" id="cut" type="ZOOM" isCut="true" isPan="false"/>
      <x>47</x>
      <y>24</y>
      <width>550</width>
      <height>354</height>
      <speech>0</speech>
    </effectAsset>
  </scene>
  <scene id="SCENE38" adelay="60" lock="N" index="16" color="16777215" guid="65482E70-DF7E-58B4-084A-D1C65797C86A">
    <durationSetting countMinimum="1" countTransition="1" countAction="1" countBubble="1" countSpeech="1"/>
    <bg id="cbg_bar_BG2" index="0">
      <file>custom.bar_bg.swf</file>
    </bg>
    <char id="AVATOR292" index="2" raceCode="1">
      <action face="1" motionface="1">ugc.15689601.stand.xml</action>
      <x>435.5</x>
      <y>203</y>
      <xscale>0.87</xscale>
      <yscale>0.87</yscale>
      <rotation>0</rotation>
    </char>
    <char id="AVATOR290" index="14" raceCode="1">
      <action face="-1" motionface="1">ugc.15690034.sit.xml</action>
      <head id="PROP158" raceCode="1">
        <file>ugc.15690034.head.head_thinking.xml</file>
      </head>
      <x>533.5</x>
      <y>244</y>
      <xscale>1.05</xscale>
      <yscale>1.05</yscale>
      <rotation>0</rotation>
    </char>
    <char id="AVATOR521" index="16" raceCode="1">
      <action face="-1" motionface="1">ugc.15688438.sit.xml</action>
      <head id="PROP160" raceCode="1">
        <file>ugc.15688438.head.head_neutral.xml</file>
      </head>
      <x>309.5</x>
      <y>199</y>
      <xscale>0.87</xscale>
      <yscale>0.87</yscale>
      <rotation>0</rotation>
    </char>
    <char id="AVATOR295" index="18" raceCode="1">
      <action face="1" motionface="1">ugc.15692834.xarms.xml</action>
      <head id="PROP162" raceCode="1">
        <file>ugc.15692834.head.head_happy.xml</file>
      </head>
      <x>176.5</x>
      <y>202</y>
      <xscale>0.76</xscale>
      <yscale>0.76</yscale>
      <rotation>0</rotation>
    </char>
    <char id="AVATOR298" index="19" raceCode="1">
      <action face="-1" motionface="1">ugc.15693158.stand.xml</action>
      <head id="PROP163" raceCode="1">
        <file>ugc.15693158.head.head_laugh.xml</file>
      </head>
      <x>102.5</x>
      <y>197</y>
      <xscale>0.83</xscale>
      <yscale>0.83</yscale>
      <rotation>0</rotation>
    </char>
    <prop id="PROP159" index="1">
      <file>custom.msp_bar_door.msp_bar_door_bar_door_close.swf</file>
      <x>146</x>
      <y>142</y>
      <xscale>1</xscale>
      <yscale>1</yscale>
      <face>1</face>
      <rotation>0</rotation>
    </prop>
    <prop id="PROP161" index="3">
      <file>custom.bar_table.swf</file>
      <x>409</x>
      <y>296</y>
      <xscale>1</xscale>
      <yscale>1</yscale>
      <face>1</face>
      <rotation>0</rotation>
    </prop>
    <prop id="PROP190" index="4">
      <file>common.msp_ncc_02cup.msp_ncc_02cup_ncc_02cup01.swf</file>
      <x>366.5</x>
      <y>205.7</y>
      <xscale>0.79</xscale>
      <yscale>0.79</yscale>
      <face>-1</face>
      <rotation>0</rotation>
      <color r="ccColorA">13408512</color>
    </prop>
    <prop id="PROP149" index="5">
      <file>common.msp_ncc_02cup.msp_ncc_02cup_ncc_02cup02.swf</file>
      <x>234.5</x>
      <y>187.3</y>
      <xscale>0.73</xscale>
      <yscale>0.73</yscale>
      <face>1</face>
      <rotation>0</rotation>
    </prop>
    <prop id="PROP166" index="6">
      <file>common.msp_ncc_02cup.msp_ncc_02cup_ncc_02cup02.swf</file>
      <x>261.5</x>
      <y>189.3</y>
      <xscale>0.78</xscale>
      <yscale>0.78</yscale>
      <face>1</face>
      <rotation>0</rotation>
    </prop>
    <prop id="PROP167" index="7">
      <file>custom.bar_stool.swf</file>
      <x>205</x>
      <y>249</y>
      <xscale>0.58</xscale>
      <yscale>0.58</yscale>
      <face>1</face>
      <rotation>0</rotation>
    </prop>
    <prop id="PROP168" index="8">
      <file>custom.bar_stool.swf</file>
      <x>256</x>
      <y>269</y>
      <xscale>0.66</xscale>
      <yscale>0.66</yscale>
      <face>1</face>
      <rotation>0</rotation>
    </prop>
    <prop id="PROP169" index="9">
      <file>custom.bar_stool.swf</file>
      <x>321</x>
      <y>291</y>
      <xscale>0.78</xscale>
      <yscale>0.78</yscale>
      <face>1</face>
      <rotation>0</rotation>
    </prop>
    <prop id="PROP170" index="10">
      <file>custom.bar_stool.swf</file>
      <x>538</x>
      <y>360</y>
      <xscale>1.15</xscale>
      <yscale>1.15</yscale>
      <face>1</face>
      <rotation>0</rotation>
    </prop>
    <prop id="PROP171" index="11">
      <file>custom.bar_light_01.swf</file>
      <x>488</x>
      <y>30</y>
      <xscale>1.06</xscale>
      <yscale>1.06</yscale>
      <face>1</face>
      <rotation>0</rotation>
    </prop>
    <prop id="PROP172" index="12">
      <file>custom.bar_light_01.swf</file>
      <x>322</x>
      <y>-9</y>
      <xscale>1.18</xscale>
      <yscale>1.18</yscale>
      <face>1</face>
      <rotation>0</rotation>
    </prop>
    <prop id="PROP173" index="13">
      <file>custom.bar_light_02.swf</file>
      <x>122</x>
      <y>104</y>
      <xscale>1</xscale>
      <yscale>1</yscale>
      <face>1</face>
      <rotation>-41.9</rotation>
    </prop>
    <prop id="PROP176" index="15">
      <file>common.msp_ncc_02cup.msp_ncc_02cup_ncc_02cup01.swf</file>
      <x>584.5</x>
      <y>232</y>
      <xscale>1</xscale>
      <yscale>1</yscale>
      <face>-1</face>
      <rotation>0</rotation>
      <color r="ccColorA">13408512</color>
    </prop>
    <prop id="PROP180" index="17">
      <file>custom.bar_stool.swf</file>
      <x>420</x>
      <y>325</y>
      <xscale>1</xscale>
      <yscale>1</yscale>
      <face>1</face>
      <rotation>0</rotation>
    </prop>
    <effectAsset id="EFFECT1" themecode="common" index="20">
      <effect x="0" y="0" w="488.4" h="275.28" rotate="0" id="cut" type="ZOOM" isCut="true" isPan="false"/>
      <x>88.6</x>
      <y>48.974</y>
      <width>488.4</width>
      <height>314.352</height>
      <speech>0</speech>
    </effectAsset>
  </scene>
  <scene id="SCENE39" adelay="60" lock="N" index="17" color="16777215" guid="63CDEE65-08FA-F743-8E94-D332723E3B93">
    <durationSetting countMinimum="1" countTransition="1" countAction="1" countBubble="1" countSpeech="1"/>
    <bubbleAsset id="BUBBLE600" index="1">
      <x>261</x>
      <y>183</y>
      <xscale>1</xscale>
      <yscale>1</yscale>
      <rotation>0</rotation>
      <fx>easeNone</fx>
      <fxdur>0</fxdur>
      <bubble x="0" y="0" w="180" h="90" rotate="0" type="BLANK" hasTail="0" colorStyle="1" autoTextResize="true">
        <body rgb="16777215" shadow="1" bgAlpha="0" linergb="0" tailx="180" taily="110" paddingHorizontal="0" paddingVertical="0"/>
        <text rgb="0" alpha="100" font="Accidental Presidency" size="74" align="center" bold="false" italic="false" embed="true">2:talk:3</text>
        <url target="top"><![CDATA[]]></url>
      </bubble>
    </bubbleAsset>
    <effectAsset id="EFFECT65" themecode="common" index="2">
      <effect x="0" y="0" w="550" h="310" rotate="0" id="cut" type="ZOOM" isCut="true" isPan="false"/>
      <x>47</x>
      <y>24</y>
      <width>550</width>
      <height>354</height>
      <speech>0</speech>
    </effectAsset>
  </scene>
  <scene id="SCENE40" adelay="60" lock="N" index="18" color="16777215" guid="AC8454FB-3AE8-4FD8-C7A7-0C4F9D0FCAB3">
    <durationSetting countMinimum="1" countTransition="1" countAction="1" countBubble="1" countSpeech="1"/>
    <bg id="cbg_bar_BG2" index="0">
      <file>custom.bar_bg.swf</file>
    </bg>
    <char id="AVATOR292" index="3" raceCode="1">
      <action face="1" motionface="1">ugc.15689601.stand.xml</action>
      <x>435.5</x>
      <y>203</y>
      <xscale>0.87</xscale>
      <yscale>0.87</yscale>
      <rotation>0</rotation>
    </char>
    <char id="AVATOR290" index="14" raceCode="1">
      <action face="-1" motionface="1">ugc.15690034.sit.xml</action>
      <x>537.5</x>
      <y>244</y>
      <xscale>1.05</xscale>
      <yscale>1.05</yscale>
      <rotation>0</rotation>
    </char>
    <char id="AVATOR295" index="17" raceCode="1">
      <action face="1" motionface="1">ugc.15692834.xarms.xml</action>
      <x>176.5</x>
      <y>202</y>
      <xscale>0.76</xscale>
      <yscale>0.76</yscale>
      <rotation>0</rotation>
    </char>
    <char id="AVATOR293" index="18" raceCode="1">
      <action face="-1" motionface="1">ugc.15688438.sit.xml</action>
      <head id="PROP164" raceCode="1">
        <file>ugc.15688438.head.head_neutral.xml</file>
      </head>
      <x>327.5</x>
      <y>201</y>
      <xscale>0.87</xscale>
      <yscale>0.87</yscale>
      <rotation>0</rotation>
    </char>
    <char id="AVATOR298" index="19" raceCode="1">
      <action face="1" motionface="1">ugc.15693158.dance.xml</action>
      <x>90.5</x>
      <y>302</y>
      <xscale>1.39</xscale>
      <yscale>1.39</yscale>
      <rotation>0</rotation>
    </char>
    <prop id="PROP187" index="1">
      <file>custom.msp_bar_door.msp_bar_door_bar_door_close.swf</file>
      <x>146</x>
      <y>142</y>
      <xscale>1</xscale>
      <yscale>1</yscale>
      <face>1</face>
      <rotation>0</rotation>
    </prop>
    <prop id="PROP188" index="2">
      <file>ugc.17524477.jpg</file>
      <x>381</x>
      <y>157</y>
      <xscale>0.26</xscale>
      <yscale>0.26</yscale>
      <face>1</face>
      <rotation>0</rotation>
    </prop>
    <prop id="PROP192" index="4">
      <file>custom.bar_table.swf</file>
      <x>409</x>
      <y>296</y>
      <xscale>1</xscale>
      <yscale>1</yscale>
      <face>1</face>
      <rotation>0</rotation>
    </prop>
    <prop id="PROP193" index="5">
      <file>common.msp_ncc_02cup.msp_ncc_02cup_ncc_02cup02.swf</file>
      <x>234.5</x>
      <y>187.3</y>
      <xscale>0.73</xscale>
      <yscale>0.73</yscale>
      <face>1</face>
      <rotation>0</rotation>
    </prop>
    <prop id="PROP194" index="6">
      <file>common.msp_ncc_02cup.msp_ncc_02cup_ncc_02cup02.swf</file>
      <x>261.5</x>
      <y>189.3</y>
      <xscale>0.78</xscale>
      <yscale>0.78</yscale>
      <face>1</face>
      <rotation>0</rotation>
    </prop>
    <prop id="PROP195" index="7">
      <file>custom.bar_stool.swf</file>
      <x>205</x>
      <y>249</y>
      <xscale>0.58</xscale>
      <yscale>0.58</yscale>
      <face>1</face>
      <rotation>0</rotation>
    </prop>
    <prop id="PROP206" index="8">
      <file>custom.bar_stool.swf</file>
      <x>256</x>
      <y>269</y>
      <xscale>0.66</xscale>
      <yscale>0.66</yscale>
      <face>1</face>
      <rotation>0</rotation>
    </prop>
    <prop id="PROP210" index="9">
      <file>custom.bar_stool.swf</file>
      <x>321</x>
      <y>291</y>
      <xscale>0.78</xscale>
      <yscale>0.78</yscale>
      <face>1</face>
      <rotation>0</rotation>
    </prop>
    <prop id="PROP211" index="10">
      <file>custom.bar_stool.swf</file>
      <x>538</x>
      <y>360</y>
      <xscale>1.15</xscale>
      <yscale>1.15</yscale>
      <face>1</face>
      <rotation>0</rotation>
    </prop>
    <prop id="PROP212" index="11">
      <file>common.msp_ncc_02cup.msp_ncc_02cup_ncc_02cup01.swf</file>
      <x>367.5</x>
      <y>207</y>
      <xscale>0.79</xscale>
      <yscale>0.79</yscale>
      <face>-1</face>
      <rotation>0</rotation>
      <color r="ccColorA">13408512</color>
    </prop>
    <prop id="PROP213" index="12">
      <file>custom.bar_light_01.swf</file>
      <x>322</x>
      <y>-9</y>
      <xscale>1.18</xscale>
      <yscale>1.18</yscale>
      <face>1</face>
      <rotation>0</rotation>
    </prop>
    <prop id="PROP214" index="13">
      <file>custom.bar_light_02.swf</file>
      <x>122</x>
      <y>104</y>
      <xscale>1</xscale>
      <yscale>1</yscale>
      <face>1</face>
      <rotation>-41.9</rotation>
    </prop>
    <prop id="PROP217" index="15">
      <file>common.msp_ncc_02cup.msp_ncc_02cup_ncc_02cup01.swf</file>
      <x>584.5</x>
      <y>232</y>
      <xscale>1</xscale>
      <yscale>1</yscale>
      <face>-1</face>
      <rotation>0</rotation>
      <color r="ccColorA">13408512</color>
    </prop>
    <prop id="PROP218" index="16">
      <file>custom.bar_stool.swf</file>
      <x>420</x>
      <y>325</y>
      <xscale>1</xscale>
      <yscale>1</yscale>
      <face>1</face>
      <rotation>0</rotation>
    </prop>
    <effectAsset id="EFFECT1" themecode="common" index="20">
      <effect x="0" y="0" w="228.8" h="128.96" rotate="0" id="cut" type="ZOOM" isCut="true" isPan="false"/>
      <x>265.1</x>
      <y>84.518</y>
      <width>228.8</width>
      <height>147.264</height>
      <speech>0</speech>
    </effectAsset>
  </scene>
  <scene id="SCENE41" adelay="60" lock="N" index="19" color="16777215" guid="DCBBD5E4-18CB-A7A9-E706-26D8355DECC4">
    <durationSetting countMinimum="1" countTransition="1" countAction="1" countBubble="1" countSpeech="1"/>
    <bubbleAsset id="BUBBLE601" index="1">
      <x>261.5</x>
      <y>174</y>
      <xscale>1</xscale>
      <yscale>1</yscale>
      <rotation>0</rotation>
      <fx>easeNone</fx>
      <fxdur>0</fxdur>
      <bubble x="0" y="0" w="180" h="90" rotate="0" type="BLANK" hasTail="0" colorStyle="1" autoTextResize="true">
        <body rgb="16777215" shadow="1" bgAlpha="0" linergb="0" tailx="180" taily="110" paddingHorizontal="0" paddingVertical="0"/>
        <text rgb="0" alpha="100" font="Accidental Presidency" size="65" align="center" bold="false" italic="false" embed="true">closing:1</text>
        <url target="top"><![CDATA[]]></url>
      </bubble>
    </bubbleAsset>
    <effectAsset id="EFFECT68" themecode="common" index="2">
      <effect x="0" y="0" w="550" h="310" rotate="0" id="cut" type="ZOOM" isCut="true" isPan="false"/>
      <x>47</x>
      <y>24</y>
      <width>550</width>
      <height>354</height>
      <speech>0</speech>
    </effectAsset>
  </scene>
  <scene id="SCENE42" adelay="108" lock="Y" index="20" color="16777215" guid="55A803DD-EE22-7637-E254-858D68154C72">
    <bg id="cbg_bar_BG2" index="0">
      <file>custom.bar_bg.swf</file>
    </bg>
    <char id="AVATOR292" index="2" raceCode="1">
      <action face="1" motionface="1">ugc.15689601.stand.xml</action>
      <x>435.5</x>
      <y>203</y>
      <xscale>0.87</xscale>
      <yscale>0.87</yscale>
      <rotation>0</rotation>
    </char>
    <char id="AVATOR290" index="13" raceCode="1">
      <action face="-1" motionface="1">ugc.15690034.sit.xml</action>
      <head id="PROP165" raceCode="1">
        <file>ugc.15690034.head.head_sad.xml</file>
      </head>
      <x>533.5</x>
      <y>244</y>
      <xscale>1.05</xscale>
      <yscale>1.05</yscale>
      <rotation>0</rotation>
    </char>
    <char id="AVATOR293" index="16" raceCode="1">
      <action face="-1" motionface="1">ugc.15688438.sit.xml</action>
      <x>309.5</x>
      <y>199</y>
      <xscale>0.87</xscale>
      <yscale>0.87</yscale>
      <rotation>0</rotation>
    </char>
    <char id="AVATOR295" index="18" raceCode="1">
      <action face="1" motionface="1">ugc.15692834.dance.xml</action>
      <x>176.5</x>
      <y>202</y>
      <xscale>0.76</xscale>
      <yscale>0.76</yscale>
      <rotation>0</rotation>
    </char>
    <char id="AVATOR298" index="19" raceCode="1">
      <action face="-1" motionface="1">ugc.15693158.dance.xml</action>
      <x>67.5</x>
      <y>197</y>
      <xscale>0.83</xscale>
      <yscale>0.83</yscale>
      <rotation>0</rotation>
    </char>
    <prop id="PROP216" index="1">
      <file>custom.msp_bar_door.msp_bar_door_bar_door_close.swf</file>
      <x>146</x>
      <y>142</y>
      <xscale>1</xscale>
      <yscale>1</yscale>
      <face>1</face>
      <rotation>0</rotation>
    </prop>
    <prop id="PROP218" index="3">
      <file>custom.bar_table.swf</file>
      <x>409</x>
      <y>296</y>
      <xscale>1</xscale>
      <yscale>1</yscale>
      <face>1</face>
      <rotation>0</rotation>
    </prop>
    <prop id="PROP219" index="4">
      <file>common.msp_ncc_02cup.msp_ncc_02cup_ncc_02cup02.swf</file>
      <x>234.5</x>
      <y>187.3</y>
      <xscale>0.73</xscale>
      <yscale>0.73</yscale>
      <face>1</face>
      <rotation>0</rotation>
    </prop>
    <prop id="PROP220" index="5">
      <file>common.msp_ncc_02cup.msp_ncc_02cup_ncc_02cup02.swf</file>
      <x>261.5</x>
      <y>189.3</y>
      <xscale>0.78</xscale>
      <yscale>0.78</yscale>
      <face>1</face>
      <rotation>0</rotation>
    </prop>
    <prop id="PROP221" index="6">
      <file>custom.bar_stool.swf</file>
      <x>205</x>
      <y>249</y>
      <xscale>0.58</xscale>
      <yscale>0.58</yscale>
      <face>1</face>
      <rotation>0</rotation>
    </prop>
    <prop id="PROP222" index="7">
      <file>custom.bar_stool.swf</file>
      <x>256</x>
      <y>269</y>
      <xscale>0.66</xscale>
      <yscale>0.66</yscale>
      <face>1</face>
      <rotation>0</rotation>
    </prop>
    <prop id="PROP223" index="8">
      <file>custom.bar_stool.swf</file>
      <x>321</x>
      <y>291</y>
      <xscale>0.78</xscale>
      <yscale>0.78</yscale>
      <face>1</face>
      <rotation>0</rotation>
    </prop>
    <prop id="PROP224" index="9">
      <file>custom.bar_stool.swf</file>
      <x>538</x>
      <y>360</y>
      <xscale>1.15</xscale>
      <yscale>1.15</yscale>
      <face>1</face>
      <rotation>0</rotation>
    </prop>
    <prop id="PROP225" index="10">
      <file>custom.bar_light_01.swf</file>
      <x>488</x>
      <y>30</y>
      <xscale>1.06</xscale>
      <yscale>1.06</yscale>
      <face>1</face>
      <rotation>0</rotation>
    </prop>
    <prop id="PROP226" index="11">
      <file>custom.bar_light_01.swf</file>
      <x>322</x>
      <y>-9</y>
      <xscale>1.18</xscale>
      <yscale>1.18</yscale>
      <face>1</face>
      <rotation>0</rotation>
    </prop>
    <prop id="PROP227" index="12">
      <file>custom.bar_light_02.swf</file>
      <x>122</x>
      <y>104</y>
      <xscale>1</xscale>
      <yscale>1</yscale>
      <face>1</face>
      <rotation>-41.9</rotation>
    </prop>
    <prop id="PROP230" index="14">
      <file>common.msp_ncc_02cup.msp_ncc_02cup_ncc_02cup01.swf</file>
      <x>584.5</x>
      <y>232</y>
      <xscale>1</xscale>
      <yscale>1</yscale>
      <face>-1</face>
      <rotation>0</rotation>
      <color r="ccColorA">13408512</color>
    </prop>
    <prop id="PROP233" index="15">
      <file>common.msp_ncc_02cup.msp_ncc_02cup_ncc_02cup01.swf</file>
      <x>366.5</x>
      <y>205.7</y>
      <xscale>0.79</xscale>
      <yscale>0.79</yscale>
      <face>-1</face>
      <rotation>0</rotation>
      <color r="ccColorA">13408512</color>
    </prop>
    <prop id="PROP231" index="17">
      <file>custom.bar_stool.swf</file>
      <x>420</x>
      <y>325</y>
      <xscale>1</xscale>
      <yscale>1</yscale>
      <face>1</face>
      <rotation>0</rotation>
    </prop>
    <effectAsset id="EFFECT12" themecode="common" index="20">
      <effect x="0" y="0" w="550" h="310" rotate="0" id="fadeOutEx" type="FADING" isIn="false" isOut="true"/>
      <x>47</x>
      <y>24</y>
      <width>550</width>
      <height>354</height>
      <speech>0</speech>
      <st>1</st>
      <et>108</et>
    </effectAsset>
    <effectAsset id="EFFECT70" themecode="common" index="21">
      <effect x="0" y="0" w="550" h="310" rotate="0" id="cut" type="ZOOM" isCut="true" isPan="false"/>
      <x>47</x>
      <y>24</y>
      <width>550</width>
      <height>354</height>
      <speech>0</speech>
    </effectAsset>
  </scene>
</film>
