<?xml version="1.0" encoding="utf-8"?>
<cc_char xscale="1" yscale="1" hxscale="1" hyscale="1" headdx="0" headdy="0"><color r="ccSkinColor" oc="0xFFE1C4">0xFEBD9D</color><color r="ccEyeLib">0xFEBD9D</color><color r="ccEyeIris">0x480808</color><color r="ccGlassesFrame">0x000000</color><color r="ccGlassesLens">0x737373</color><color r="ccMouthLip">0xFF6666</color><color r="ccMustache">0x360202</color><color r="ccBeard">0xC29B22</color><color r="ccEyebrow">0x000000</color><color r="ccHairMajor">0x663300</color><color r="ccHairMinor">0x660066</color><color r="ccUpperMain" oc="0x336699">0x336633</color><color r="ccUpperMinor" oc="0xE5E5E5">0x66CC66</color><color r="ccLowerMain" oc="0xCCBC9A">0x333300</color><color r="ccLowerMinor" oc="0xEEEEEE">0x333333</color><color r="ccDecMajor" targetComponent="ID719">0x360202</color><component type="bodyshape" component_id="eve" theme_id="family" x="0" y="0" xscale="1" yscale="1" offset="0" rotation="0" gobucks="0" gopoints="0"/><component type="skeleton" component_id="eve_001" theme_id="family" x="0" y="0" xscale="1" yscale="1" offset="0" rotation="0" gobucks="0" gopoints="0"/><component type="upper_body" component_id="eve_013" theme_id="family" x="0" y="0" xscale="0.9" yscale="0.9" offset="0" rotation="0" gobucks="100" gopoints="0"/><component type="mouth" component_id="102" theme_id="family" x="-7" y="1" xscale="0.9" yscale="0.9" offset="0" rotation="19" gobucks="0" gopoints="0"/><component type="eye" component_id="101" theme_id="family" x="2" y="4" xscale="0.94" yscale="0.75" offset="3" rotation="-5" gobucks="0" gopoints="0"/><component type="faceshape" component_id="017" theme_id="family" x="-1" y="1" xscale="0.85" yscale="0.9" offset="0" rotation="0" gobucks="0" gopoints="0"/><component type="glasses" component_id="012" theme_id="family" x="0" y="8" xscale="0.87" yscale="0.9" offset="-1" rotation="0" gobucks="5" gopoints="0"/><component type="nose" component_id="002" theme_id="family" x="-13" y="1" xscale="0.9" yscale="0.9" offset="0" rotation="28" gobucks="0" gopoints="0"/><component id="ID719" type="facedecoration" component_id="015" theme_id="family" x="-4" y="-1" xscale="0.9" yscale="0.9" offset="0" rotation="0" gobucks="5" gopoints="0"/><component type="eyebrow" component_id="107" theme_id="family" x="1" y="6" xscale="0.9" yscale="0.9" offset="4" rotation="0" gobucks="0" gopoints="0"/><component type="lower_body" component_id="eve_001" theme_id="family" x="0" y="0" xscale="0.9" yscale="0.9" offset="0" rotation="0" gobucks="60" gopoints="0"/><component type="hair" component_id="088" theme_id="family" x="-2" y="0" xscale="1.03" yscale="0.9" offset="0" rotation="1" gobucks="0" gopoints="0"/><component type="ear" component_id="001" theme_id="family" x="-2" y="0" xscale="0.9" yscale="0.9" offset="0" rotation="0" gobucks="0" gopoints="0"/></cc_char>