<?xml version="1.0" encoding="utf-8"?>
<cc_char xscale="1" yscale="1" hxscale="1" hyscale="1" headdx="0" headdy="0"><color r="ccSkinColor" oc="0xFFE1C4">0xFFCE95</color><color r="ccEyeLib">0xFFCE95</color><color r="ccEyeIris">0x000000</color><color r="ccGlassesFrame">0xE01B0C</color><color r="ccGlassesLens">0x872914</color><color r="ccMouthLip">0xCA3030</color><color r="ccMustache">0xC29B22</color><color r="ccBeard">0xC29B22</color><color r="ccEyebrow">0x360202</color><color r="ccHairMajor">0x360202</color><color r="ccHairMinor">0xC1BFB8</color><color r="ccUpperMain" oc="0x336699">0x006699</color><color r="ccUpperMinor" oc="0xE5E5E5">0xFFFFFF</color><color r="ccLowerMain" oc="0xCCBC9A">0x666666</color><color r="ccLowerMinor" oc="0xEEEEEE">0x333333</color><component type="bodyshape" component_id="adam" theme_id="family" x="0" y="0" xscale="1" yscale="1" offset="0" rotation="0" gobucks="0" gopoints="0"/><component type="skeleton" component_id="adam_001" theme_id="family" x="0" y="0" xscale="1" yscale="1" offset="0" rotation="0" gobucks="0" gopoints="0"/><component type="upper_body" component_id="adam_001" theme_id="family" x="0" y="0" xscale="1" yscale="1" offset="0" rotation="0" gobucks="75" gopoints="0"/><component type="lower_body" component_id="adam_001" theme_id="family" x="0" y="0" xscale="1" yscale="1" offset="0" rotation="0" gobucks="40" gopoints="0"/><component type="mouth" component_id="001" theme_id="family" x="0" y="2" xscale="1" yscale="1" offset="0" rotation="0" gobucks="0" gopoints="0"/><component type="faceshape" component_id="002" theme_id="family" x="0" y="0" xscale="1" yscale="1" offset="0" rotation="0" gobucks="0" gopoints="0"/><component type="hair" component_id="005" theme_id="family" x="0" y="0" xscale="1" yscale="1" offset="0" rotation="0" gobucks="0" gopoints="0"/><component type="eye" component_id="004" theme_id="family" x="-1" y="-1" xscale="0.89" yscale="0.89" offset="-1" rotation="0" gobucks="0" gopoints="0"/><component type="eyebrow" component_id="004" theme_id="family" x="0" y="0" xscale="1" yscale="1" offset="-1" rotation="0" gobucks="0" gopoints="0"/><component type="nose" component_id="013" theme_id="family" x="-2" y="-5" xscale="0.87" yscale="0.87" offset="0" rotation="0" gobucks="0" gopoints="0"/><component type="ear" component_id="002" theme_id="family" x="-1" y="-3" xscale="1" yscale="1" offset="0" rotation="0" gobucks="0" gopoints="0"/></cc_char>