<?xml version="1.0"?>
<film copyable="0" duration="64.2" published="0" pshare="0" isWide="1">
  <meta>
    <title>Two Pirates.  One Treasure.  ARRRRRRR!</title>
    <tag/>
    <hiddenTag/>
    <desc></desc>
    <mver><![CDATA[4]]></mver>
    <studio>a76d829cef09f7bb9bef739f686c0449acbaded8</studio>
    <thumbnail index="0"/>
    <palette>
      <color value="333333"/>
      <color value="999999"/>
      <color value="fbfbfb"/>
      <color value="669999"/>
      <color value="55bbaa"/>
      <color value="7fbb11"/>
      <color value="15709b"/>
      <color value="9a5d1"/>
      <color value="6ab8d6"/>
      <color value="da2021"/>
      <color value="fecd31"/>
      <color value="28c6c1"/>
      <color value="37444f"/>
    </palette>
  </meta>
  <scene id="SCENE28" adelay="39" lock="Y" index="0" color="16777215" guid="15A8AB0A-EA39-98B8-06B0-A1CD2EB4FE31">
    <bg id="BG180" index="0">
      <file>common.wall30.swf</file>
    </bg>
    <prop id="PROP36" index="1">
      <file>common.square01.swf</file>
      <x>444.1</x>
      <y>232</y>
      <xscale>8.91</xscale>
      <yscale>1.91</yscale>
      <face>1</face>
      <rotation>0</rotation>
      <color r="ccColorA">3952750</color>
    </prop>
    <prop id="PROP37" index="2">
      <file>common.nccha_elcave.swf</file>
      <x>205.9</x>
      <y>101</y>
      <xscale>1.48</xscale>
      <yscale>1.53</yscale>
      <face>1</face>
      <rotation>0</rotation>
      <color r="ccColorA">3355443</color>
      <color r="ccColorB">6710886</color>
    </prop>
    <prop id="PROP38" index="3">
      <file>common.msp_piratetre2.msp_piratetre2_ncc_pirate_treasure07.swf</file>
      <x>250</x>
      <y>220.2</y>
      <xscale>0.81</xscale>
      <yscale>0.81</yscale>
      <face>-1</face>
      <rotation>0</rotation>
    </prop>
    <prop id="PROP39" index="4">
      <file>common.msp_trspo.msp_trspo_ncc_transportation01.swf</file>
      <x>286.2</x>
      <y>226.7</y>
      <xscale>1.35</xscale>
      <yscale>0.49</yscale>
      <face>1</face>
      <rotation>0</rotation>
    </prop>
    <prop id="PROP40" index="5">
      <file>common.msp_piratetre1.msp_piratetre1_ncc_pirate_treasure03.swf</file>
      <x>367.8</x>
      <y>254.7</y>
      <xscale>0.84</xscale>
      <yscale>0.84</yscale>
      <face>-1</face>
      <rotation>0</rotation>
    </prop>
    <prop id="PROP41" index="6">
      <file>common.msp_stp_pot.msp_stp_pot_ncc_stp_pot02.swf</file>
      <x>246.6</x>
      <y>271.3</y>
      <xscale>0.84</xscale>
      <yscale>0.84</yscale>
      <face>1</face>
      <rotation>0</rotation>
    </prop>
    <prop id="PROP42" index="7">
      <file>common.ncc_stp_goldcoins.swf</file>
      <x>248.4</x>
      <y>302.4</y>
      <xscale>0.84</xscale>
      <yscale>0.84</yscale>
      <face>1</face>
      <rotation>0</rotation>
    </prop>
    <prop id="PROP43" index="8">
      <file>common.msp_stp_pot.msp_stp_pot_ncc_stp_pot02.swf</file>
      <x>299.6</x>
      <y>290.7</y>
      <xscale>0.84</xscale>
      <yscale>0.84</yscale>
      <face>1</face>
      <rotation>0</rotation>
    </prop>
    <prop id="PROP44" index="9">
      <file>common.ncc_stp_goldcoins.swf</file>
      <x>346.7</x>
      <y>310.8</y>
      <xscale>0.84</xscale>
      <yscale>0.84</yscale>
      <face>1</face>
      <rotation>0</rotation>
    </prop>
    <effectAsset id="EFFECT51" themecode="common" index="10">
      <effect x="0" y="0" w="550" h="310" rotate="0" id="cut" type="ZOOM" isCut="true" isPan="false"/>
      <x>47</x>
      <y>24</y>
      <width>550</width>
      <height>354</height>
      <speech>0</speech>
    </effectAsset>
  </scene>
  <scene id="SCENE29" adelay="60" lock="N" index="1" color="16777215" guid="50E9FF20-968D-0169-C115-C85CB8ED3AD6">
    <durationSetting countMinimum="1" countTransition="1" countAction="1" countBubble="1" countSpeech="1"/>
    <bubbleAsset id="BUBBLE260" index="1">
      <x>182.5</x>
      <y>156</y>
      <xscale>1</xscale>
      <yscale>1</yscale>
      <rotation>0</rotation>
      <fx>easeNone</fx>
      <fxdur>0</fxdur>
      <bubble x="0" y="0" w="180" h="90" rotate="0" type="BLANK" hasTail="0" colorStyle="1" autoTextResize="true">
        <body rgb="16777215" shadow="1" bgAlpha="0" linergb="0" tailx="180" taily="110" paddingHorizontal="0" paddingVertical="0"/>
        <text rgb="0" alpha="100" font="Accidental Presidency" size="60" align="center" bold="false" italic="false" embed="true">opening:1</text>
        <url target="top"><![CDATA[]]></url>
      </bubble>
    </bubbleAsset>
    <effectAsset id="EFFECT53" themecode="common" index="2">
      <effect x="0" y="0" w="550" h="310" rotate="0" id="cut" type="ZOOM" isCut="true" isPan="false"/>
      <x>47</x>
      <y>24</y>
      <width>550</width>
      <height>354</height>
      <speech>0</speech>
    </effectAsset>
  </scene>
  <scene id="SCENE30" adelay="99" lock="Y" index="2" color="16777215" guid="A4131D08-EBDC-15E8-DA31-9E556D474CEA">
    <bg id="BG25" index="0">
      <file>common.wall11.swf</file>
      <color r="ccColorA">3355443</color>
    </bg>
    <prop id="PROP23" index="1">
      <file>common.nccha_elcave.swf</file>
      <x>359,271</x>
      <y>43,47</y>
      <xscale>0.8,0.94</xscale>
      <yscale>0.8,0.94</yscale>
      <face>1,1</face>
      <rotation>0,0</rotation>
      <color r="ccColorA">3355443</color>
      <color r="ccColorB">6710886</color>
      <assetMotion ver="1"/>
    </prop>
    <prop id="PROP22" index="2">
      <file>common.nccha_elcave.swf</file>
      <x>402,437</x>
      <y>102,127</y>
      <xscale>0.8,0.87</xscale>
      <yscale>0.8,0.87</yscale>
      <face>-1,-1</face>
      <rotation>0,0</rotation>
      <color r="ccColorA">3355443</color>
      <color r="ccColorB">6710886</color>
      <assetMotion ver="1"/>
    </prop>
    <prop id="PROP24" index="3">
      <file>common.nccha_elcave.swf</file>
      <x>231,156</x>
      <y>149,158</y>
      <xscale>1.21,1.34</xscale>
      <yscale>1.21,1.34</yscale>
      <face>1,1</face>
      <rotation>0,0</rotation>
      <color r="ccColorA">3355443</color>
      <color r="ccColorB">6710886</color>
      <assetMotion ver="1"/>
    </prop>
    <prop id="PROP21" index="4">
      <file>common.nccha_elcave.swf</file>
      <x>488,552</x>
      <y>153,197</y>
      <xscale>1.61,1.67</xscale>
      <yscale>1.61,1.67</yscale>
      <face>-1,-1</face>
      <rotation>0,0</rotation>
      <color r="ccColorA">3355443</color>
      <color r="ccColorB">6710886</color>
      <assetMotion ver="1"/>
    </prop>
    <effectAsset id="EFFECT1" themecode="common" index="5">
      <effect x="0" y="0" w="550" h="310" rotate="0" id="fadeInEx" type="FADING" isIn="true" isOut="false"/>
      <x>47</x>
      <y>24</y>
      <width>550</width>
      <height>354</height>
      <speech>0</speech>
      <st>1</st>
      <et>75</et>
    </effectAsset>
    <effectAsset id="EFFECT55" themecode="common" index="6">
      <effect x="0" y="0" w="550" h="310" rotate="0" id="cut" type="ZOOM" isCut="true" isPan="false"/>
      <x>47</x>
      <y>24</y>
      <width>550</width>
      <height>354</height>
      <speech>0</speech>
    </effectAsset>
  </scene>
  <scene id="SCENE31" adelay="60" lock="N" index="3" color="16777215" guid="D6075BBD-CF33-6343-02D7-CE2B7795C441">
    <durationSetting countMinimum="1" countTransition="1" countAction="1" countBubble="1" countSpeech="1"/>
    <bg id="BG159" index="0">
      <file>common.ncc_fx_10.swf</file>
      <color r="ccColorA">6710886</color>
    </bg>
    <char id="AVATOR161" index="1" raceCode="1">
      <action face="1,1" motionface="1">ugc.9370126.run.xml</action>
      <x>515.5,427.5</x>
      <y>314,308</y>
      <xscale>2.06,2.06</xscale>
      <yscale>2.06,2.06</yscale>
      <rotation>0,0</rotation>
      <assetMotion ver="1"/>
    </char>
    <effectAsset id="EFFECT57" themecode="common" index="2">
      <effect x="0" y="0" w="550" h="310" rotate="0" id="cut" type="ZOOM" isCut="true" isPan="false"/>
      <x>47</x>
      <y>24</y>
      <width>550</width>
      <height>354</height>
      <speech>0</speech>
    </effectAsset>
  </scene>
  <scene id="SCENE32" adelay="60" lock="N" index="4" color="16777215" guid="8E49D733-A2C1-8647-EE72-9F85B74AC7F5">
    <durationSetting countMinimum="1" countTransition="1" countAction="1" countBubble="1" countSpeech="1"/>
    <bg id="BG159" index="0">
      <file>common.ncc_fx_10.swf</file>
      <color r="ccColorA">6710886</color>
    </bg>
    <char id="AVATOR160" index="1" raceCode="1">
      <action face="-1,-1" motionface="-1">ugc.10085953.run.xml</action>
      <x>28.5,211.5</x>
      <y>340,347</y>
      <xscale>1.68,1.79</xscale>
      <yscale>1.68,1.79</yscale>
      <rotation>0,0</rotation>
      <assetMotion ver="1"/>
    </char>
    <effectAsset id="EFFECT59" themecode="common" index="2">
      <effect x="0" y="0" w="550" h="310" rotate="0" id="cut" type="ZOOM" isCut="true" isPan="false"/>
      <x>47</x>
      <y>24</y>
      <width>550</width>
      <height>354</height>
      <speech>0</speech>
    </effectAsset>
  </scene>
  <scene id="SCENE33" adelay="36" lock="Y" index="5" color="16777215" guid="58D16862-65F1-0A40-EB1A-D7FC0E70B675">
    <bg id="BG180" index="0">
      <file>common.wall30.swf</file>
    </bg>
    <prop id="PROP103" index="1">
      <file>common.square01.swf</file>
      <x>334.4</x>
      <y>204.4</y>
      <xscale>14.35</xscale>
      <yscale>3.07</yscale>
      <face>1</face>
      <rotation>0</rotation>
      <color r="ccColorA">3952750</color>
    </prop>
    <prop id="PROP99" index="2">
      <file>common.nccha_elcave.swf</file>
      <x>220</x>
      <y>-34</y>
      <xscale>1.86</xscale>
      <yscale>2.47</yscale>
      <face>1</face>
      <rotation>0</rotation>
      <color r="ccColorA">3355443</color>
      <color r="ccColorB">6710886</color>
    </prop>
    <prop id="PROP92" index="3">
      <file>common.msp_piratetre2.msp_piratetre2_ncc_pirate_treasure07.swf</file>
      <x>215.2</x>
      <y>187.1</y>
      <xscale>1.31</xscale>
      <yscale>1.31</yscale>
      <face>-1</face>
      <rotation>0</rotation>
    </prop>
    <prop id="PROP98" index="4">
      <file>common.msp_trspo.msp_trspo_ncc_transportation01.swf</file>
      <x>273.5</x>
      <y>197.6</y>
      <xscale>2.17</xscale>
      <yscale>0.79</yscale>
      <face>1</face>
      <rotation>0</rotation>
    </prop>
    <prop id="PROP91" index="5">
      <file>common.msp_piratetre1.msp_piratetre1_ncc_pirate_treasure03.swf</file>
      <x>404.8</x>
      <y>242.6</y>
      <xscale>1.35</xscale>
      <yscale>1.35</yscale>
      <face>-1</face>
      <rotation>0</rotation>
    </prop>
    <prop id="PROP93" index="6">
      <file>common.msp_stp_pot.msp_stp_pot_ncc_stp_pot02.swf</file>
      <x>209.8</x>
      <y>269.4</y>
      <xscale>1.35</xscale>
      <yscale>1.35</yscale>
      <face>1</face>
      <rotation>0</rotation>
    </prop>
    <prop id="PROP96" index="7">
      <file>common.ncc_stp_goldcoins.swf</file>
      <x>212.5</x>
      <y>319.5</y>
      <xscale>1.35</xscale>
      <yscale>1.35</yscale>
      <face>1</face>
      <rotation>0</rotation>
    </prop>
    <prop id="PROP95" index="8">
      <file>common.msp_stp_pot.msp_stp_pot_ncc_stp_pot02.swf</file>
      <x>295.1</x>
      <y>300.5</y>
      <xscale>1.35</xscale>
      <yscale>1.35</yscale>
      <face>1</face>
      <rotation>0</rotation>
    </prop>
    <prop id="PROP97" index="9">
      <file>common.ncc_stp_goldcoins.swf</file>
      <x>371</x>
      <y>333</y>
      <xscale>1.35</xscale>
      <yscale>1.35</yscale>
      <face>1</face>
      <rotation>0</rotation>
    </prop>
    <effectAsset id="EFFECT9" index="10">
      <effect id="ncc_fx_07.swf" type="ANIME"/>
      <x>47</x>
      <y>24</y>
      <xscale>1</xscale>
      <yscale>1</yscale>
      <file>common.ncc_fx_07.swf</file>
    </effectAsset>
    <effectAsset id="EFFECT61" themecode="common" index="11">
      <effect x="0" y="0" w="550" h="310" rotate="0" id="cut" type="ZOOM" isCut="true" isPan="false"/>
      <x>47</x>
      <y>24</y>
      <width>550</width>
      <height>354</height>
      <speech>0</speech>
    </effectAsset>
  </scene>
  <scene id="SCENE34" adelay="39" lock="Y" index="6" color="16777215" guid="93C93D89-6241-446F-72F2-7CAC4BF9A802">
    <bg id="BG180" index="0">
      <file>common.wall30.swf</file>
    </bg>
    <char id="AVATOR203" index="10" raceCode="1">
      <action face="-1,-1" motionface="-1">ugc.10085953.run.xml</action>
      <x>-98.5,136.5</x>
      <y>309,247</y>
      <xscale>1.06,1</xscale>
      <yscale>1.06,1</yscale>
      <rotation>0,0</rotation>
      <assetMotion ver="1"/>
    </char>
    <char id="AVATOR206" index="11" raceCode="1">
      <action face="1,1" motionface="1">ugc.9370126.run.xml</action>
      <x>784.5,493.5</x>
      <y>322,267</y>
      <xscale>1.16,1.16</xscale>
      <yscale>1.16,1.16</yscale>
      <rotation>0,0</rotation>
      <assetMotion ver="1"/>
    </char>
    <prop id="PROP225" index="1">
      <file>common.square01.swf</file>
      <x>444.1</x>
      <y>232</y>
      <xscale>8.91</xscale>
      <yscale>1.91</yscale>
      <face>1</face>
      <rotation>0</rotation>
      <color r="ccColorA">3952750</color>
    </prop>
    <prop id="PROP226" index="2">
      <file>common.nccha_elcave.swf</file>
      <x>205.9</x>
      <y>101</y>
      <xscale>1.48</xscale>
      <yscale>1.53</yscale>
      <face>1</face>
      <rotation>0</rotation>
      <color r="ccColorA">3355443</color>
      <color r="ccColorB">6710886</color>
    </prop>
    <prop id="PROP227" index="3">
      <file>common.msp_piratetre2.msp_piratetre2_ncc_pirate_treasure07.swf</file>
      <x>250</x>
      <y>220.2</y>
      <xscale>0.81</xscale>
      <yscale>0.81</yscale>
      <face>-1</face>
      <rotation>0</rotation>
    </prop>
    <prop id="PROP228" index="4">
      <file>common.msp_trspo.msp_trspo_ncc_transportation01.swf</file>
      <x>286.2</x>
      <y>226.7</y>
      <xscale>1.35</xscale>
      <yscale>0.49</yscale>
      <face>1</face>
      <rotation>0</rotation>
    </prop>
    <prop id="PROP229" index="5">
      <file>common.msp_piratetre1.msp_piratetre1_ncc_pirate_treasure03.swf</file>
      <x>367.8</x>
      <y>254.7</y>
      <xscale>0.84</xscale>
      <yscale>0.84</yscale>
      <face>-1</face>
      <rotation>0</rotation>
    </prop>
    <prop id="PROP230" index="6">
      <file>common.msp_stp_pot.msp_stp_pot_ncc_stp_pot02.swf</file>
      <x>246.6</x>
      <y>271.3</y>
      <xscale>0.84</xscale>
      <yscale>0.84</yscale>
      <face>1</face>
      <rotation>0</rotation>
    </prop>
    <prop id="PROP231" index="7">
      <file>common.ncc_stp_goldcoins.swf</file>
      <x>248.4</x>
      <y>302.4</y>
      <xscale>0.84</xscale>
      <yscale>0.84</yscale>
      <face>1</face>
      <rotation>0</rotation>
    </prop>
    <prop id="PROP232" index="8">
      <file>common.msp_stp_pot.msp_stp_pot_ncc_stp_pot02.swf</file>
      <x>299.6</x>
      <y>290.7</y>
      <xscale>0.84</xscale>
      <yscale>0.84</yscale>
      <face>1</face>
      <rotation>0</rotation>
    </prop>
    <prop id="PROP233" index="9">
      <file>common.ncc_stp_goldcoins.swf</file>
      <x>346.7</x>
      <y>310.8</y>
      <xscale>0.84</xscale>
      <yscale>0.84</yscale>
      <face>1</face>
      <rotation>0</rotation>
    </prop>
    <effectAsset id="EFFECT63" themecode="common" index="12">
      <effect x="0" y="0" w="550" h="310" rotate="0" id="cut" type="ZOOM" isCut="true" isPan="false"/>
      <x>47</x>
      <y>24</y>
      <width>550</width>
      <height>354</height>
      <speech>0</speech>
    </effectAsset>
  </scene>
  <scene id="SCENE35" adelay="60" lock="N" index="7" color="16777215" guid="E7555000-4087-A024-5A9C-AFEDF19F162D">
    <durationSetting countMinimum="1" countTransition="1" countAction="1" countBubble="1" countSpeech="1"/>
    <bubbleAsset id="BUBBLE272" index="1">
      <x>182.5</x>
      <y>156</y>
      <xscale>1</xscale>
      <yscale>1</yscale>
      <rotation>0</rotation>
      <fx>easeNone</fx>
      <fxdur>0</fxdur>
      <bubble x="0" y="0" w="180" h="90" rotate="0" type="BLANK" hasTail="0" colorStyle="1" autoTextResize="true">
        <body rgb="16777215" shadow="1" bgAlpha="0" linergb="0" tailx="180" taily="110" paddingHorizontal="0" paddingVertical="0"/>
        <text rgb="0" alpha="100" font="Accidental Presidency" size="48" align="center" bold="false" italic="false" embed="true">character:1</text>
        <url target="top"><![CDATA[]]></url>
      </bubble>
    </bubbleAsset>
    <effectAsset id="EFFECT65" themecode="common" index="2">
      <effect x="0" y="0" w="550" h="310" rotate="0" id="cut" type="ZOOM" isCut="true" isPan="false"/>
      <x>47</x>
      <y>24</y>
      <width>550</width>
      <height>354</height>
      <speech>0</speech>
    </effectAsset>
  </scene>
  <scene id="SCENE36" adelay="60" lock="N" index="8" color="16777215" guid="615316D6-690C-0D1F-A9AE-BB5163CBEE7F">
    <durationSetting countMinimum="1" countTransition="1" countAction="1" countBubble="1" countSpeech="1"/>
    <char id="AVATOR384" index="1" raceCode="1">
      <action face="1" motionface="1">ugc.9370126.stand.xml</action>
      <x>272</x>
      <y>201</y>
      <xscale>1</xscale>
      <yscale>1</yscale>
      <rotation>0</rotation>
    </char>
    <effectAsset id="EFFECT67" themecode="common" index="2">
      <effect x="0" y="0" w="550" h="310" rotate="0" id="cut" type="ZOOM" isCut="true" isPan="false"/>
      <x>47</x>
      <y>24</y>
      <width>550</width>
      <height>354</height>
      <speech>0</speech>
    </effectAsset>
  </scene>
  <scene id="SCENE37" adelay="60" lock="N" index="9" color="16777215" guid="BE831372-4CF8-F279-33B3-93A2531BA4A1">
    <durationSetting countMinimum="1" countTransition="1" countAction="1" countBubble="1" countSpeech="1"/>
    <bubbleAsset id="BUBBLE273" index="1">
      <x>182.5</x>
      <y>156</y>
      <xscale>1</xscale>
      <yscale>1</yscale>
      <rotation>0</rotation>
      <fx>easeNone</fx>
      <fxdur>0</fxdur>
      <bubble x="0" y="0" w="180" h="90" rotate="0" type="BLANK" hasTail="0" colorStyle="1" autoTextResize="true">
        <body rgb="16777215" shadow="1" bgAlpha="0" linergb="0" tailx="180" taily="110" paddingHorizontal="0" paddingVertical="0"/>
        <text rgb="0" alpha="100" font="Accidental Presidency" size="47" align="center" bold="false" italic="false" embed="true">character:2</text>
        <url target="top"><![CDATA[]]></url>
      </bubble>
    </bubbleAsset>
    <effectAsset id="EFFECT69" themecode="common" index="2">
      <effect x="0" y="0" w="550" h="310" rotate="0" id="cut" type="ZOOM" isCut="true" isPan="false"/>
      <x>47</x>
      <y>24</y>
      <width>550</width>
      <height>354</height>
      <speech>0</speech>
    </effectAsset>
  </scene>
  <scene id="SCENE38" adelay="60" lock="N" index="10" color="16777215" guid="2F7C9805-592C-3E47-00AD-61DB20A46827">
    <durationSetting countMinimum="1" countTransition="1" countAction="1" countBubble="1" countSpeech="1"/>
    <char id="AVATOR385" index="1" raceCode="1">
      <action face="1" motionface="1">ugc.10085953.stand.xml</action>
      <x>312</x>
      <y>204</y>
      <xscale>1</xscale>
      <yscale>1</yscale>
      <rotation>0</rotation>
    </char>
    <effectAsset id="EFFECT71" themecode="common" index="2">
      <effect x="0" y="0" w="550" h="310" rotate="0" id="cut" type="ZOOM" isCut="true" isPan="false"/>
      <x>47</x>
      <y>24</y>
      <width>550</width>
      <height>354</height>
      <speech>0</speech>
    </effectAsset>
  </scene>
  <scene id="SCENE39" adelay="60" lock="N" index="11" color="16777215" guid="F0E443E0-DC5B-FAB8-B818-DA3A49BACB59">
    <durationSetting countMinimum="1" countTransition="1" countAction="1" countBubble="1" countSpeech="1"/>
    <bubbleAsset id="BUBBLE290" index="1">
      <x>182.5</x>
      <y>156</y>
      <xscale>1</xscale>
      <yscale>1</yscale>
      <rotation>0</rotation>
      <fx>easeNone</fx>
      <fxdur>0</fxdur>
      <bubble x="0" y="0" w="180" h="90" rotate="0" type="BLANK" hasTail="0" colorStyle="1" autoTextResize="true">
        <body rgb="16777215" shadow="1" bgAlpha="0" linergb="0" tailx="180" taily="110" paddingHorizontal="0" paddingVertical="0"/>
        <text rgb="0" alpha="100" font="Accidental Presidency" size="74" align="center" bold="false" italic="false" embed="true">1:talk:1</text>
        <url target="top"><![CDATA[]]></url>
      </bubble>
    </bubbleAsset>
    <effectAsset id="EFFECT73" themecode="common" index="2">
      <effect x="0" y="0" w="550" h="310" rotate="0" id="cut" type="ZOOM" isCut="true" isPan="false"/>
      <x>47</x>
      <y>24</y>
      <width>550</width>
      <height>354</height>
      <speech>0</speech>
    </effectAsset>
  </scene>
  <scene id="SCENE40" adelay="60" lock="N" index="12" color="16777215" guid="3A6AB6A4-586B-81EF-C5F1-AFD72192E987">
    <durationSetting countMinimum="1" countTransition="1" countAction="1" countBubble="1" countSpeech="1"/>
    <bg id="BG180" index="0">
      <file>common.wall30.swf</file>
    </bg>
    <char id="AVATOR206" index="10" raceCode="1">
      <action face="1" motionface="1">ugc.9370126.stand.xml</action>
      <head id="PROP155" raceCode="1">
        <file>ugc.9370126.head.head_talkangry.xml</file>
      </head>
      <x>493.5</x>
      <y>267</y>
      <xscale>1.16</xscale>
      <yscale>1.16</yscale>
      <rotation>0</rotation>
    </char>
    <char id="AVATOR203" index="11" raceCode="1">
      <action face="-1" motionface="1">ugc.10085953.stand.xml</action>
      <head id="PROP156" raceCode="1">
        <file>ugc.10085953.head.head_angry.xml</file>
      </head>
      <x>136.5</x>
      <y>247</y>
      <xscale>1</xscale>
      <yscale>1</yscale>
      <rotation>0</rotation>
    </char>
    <prop id="PROP56" index="1">
      <file>common.square01.swf</file>
      <x>444.1</x>
      <y>232</y>
      <xscale>8.91</xscale>
      <yscale>1.91</yscale>
      <face>1</face>
      <rotation>0</rotation>
      <color r="ccColorA">3952750</color>
    </prop>
    <prop id="PROP77" index="2">
      <file>common.nccha_elcave.swf</file>
      <x>205.9</x>
      <y>101</y>
      <xscale>1.48</xscale>
      <yscale>1.53</yscale>
      <face>1</face>
      <rotation>0</rotation>
      <color r="ccColorA">3355443</color>
      <color r="ccColorB">6710886</color>
    </prop>
    <prop id="PROP68" index="3">
      <file>common.msp_piratetre2.msp_piratetre2_ncc_pirate_treasure07.swf</file>
      <x>250</x>
      <y>220.2</y>
      <xscale>0.81</xscale>
      <yscale>0.81</yscale>
      <face>-1</face>
      <rotation>0</rotation>
    </prop>
    <prop id="PROP80" index="4">
      <file>common.msp_trspo.msp_trspo_ncc_transportation01.swf</file>
      <x>286.2</x>
      <y>226.7</y>
      <xscale>1.35</xscale>
      <yscale>0.49</yscale>
      <face>1</face>
      <rotation>0</rotation>
    </prop>
    <prop id="PROP70" index="5">
      <file>common.msp_piratetre1.msp_piratetre1_ncc_pirate_treasure03.swf</file>
      <x>367.8</x>
      <y>254.7</y>
      <xscale>0.84</xscale>
      <yscale>0.84</yscale>
      <face>-1</face>
      <rotation>0</rotation>
    </prop>
    <prop id="PROP64" index="6">
      <file>common.msp_stp_pot.msp_stp_pot_ncc_stp_pot02.swf</file>
      <x>246.6</x>
      <y>271.3</y>
      <xscale>0.84</xscale>
      <yscale>0.84</yscale>
      <face>1</face>
      <rotation>0</rotation>
    </prop>
    <prop id="PROP85" index="7">
      <file>common.ncc_stp_goldcoins.swf</file>
      <x>248.4</x>
      <y>302.4</y>
      <xscale>0.84</xscale>
      <yscale>0.84</yscale>
      <face>1</face>
      <rotation>0</rotation>
    </prop>
    <prop id="PROP86" index="8">
      <file>common.msp_stp_pot.msp_stp_pot_ncc_stp_pot02.swf</file>
      <x>299.6</x>
      <y>290.7</y>
      <xscale>0.84</xscale>
      <yscale>0.84</yscale>
      <face>1</face>
      <rotation>0</rotation>
    </prop>
    <prop id="PROP87" index="9">
      <file>common.ncc_stp_goldcoins.swf</file>
      <x>346.7</x>
      <y>310.8</y>
      <xscale>0.84</xscale>
      <yscale>0.84</yscale>
      <face>1</face>
      <rotation>0</rotation>
    </prop>
    <effectAsset id="EFFECT75" themecode="common" index="12">
      <effect x="0" y="0" w="550" h="310" rotate="0" id="cut" type="ZOOM" isCut="true" isPan="false"/>
      <x>47</x>
      <y>24</y>
      <width>550</width>
      <height>354</height>
      <speech>0</speech>
    </effectAsset>
  </scene>
  <scene id="SCENE41" adelay="60" lock="N" index="13" color="16777215" guid="21D84C0D-C64F-3516-3F22-45CB3F6ACC6F">
    <durationSetting countMinimum="1" countTransition="1" countAction="1" countBubble="1" countSpeech="1"/>
    <bubbleAsset id="BUBBLE291" index="1">
      <x>182.5</x>
      <y>156</y>
      <xscale>1</xscale>
      <yscale>1</yscale>
      <rotation>0</rotation>
      <fx>easeNone</fx>
      <fxdur>0</fxdur>
      <bubble x="0" y="0" w="180" h="90" rotate="0" type="BLANK" hasTail="0" colorStyle="1" autoTextResize="true">
        <body rgb="16777215" shadow="1" bgAlpha="0" linergb="0" tailx="180" taily="110" paddingHorizontal="0" paddingVertical="0"/>
        <text rgb="0" alpha="100" font="Accidental Presidency" size="74" align="center" bold="false" italic="false" embed="true">2:talk:1</text>
        <url target="top"><![CDATA[]]></url>
      </bubble>
    </bubbleAsset>
    <effectAsset id="EFFECT77" themecode="common" index="2">
      <effect x="0" y="0" w="550" h="310" rotate="0" id="cut" type="ZOOM" isCut="true" isPan="false"/>
      <x>47</x>
      <y>24</y>
      <width>550</width>
      <height>354</height>
      <speech>0</speech>
    </effectAsset>
  </scene>
  <scene id="SCENE42" adelay="60" lock="N" index="14" color="16777215" guid="87F7CAB0-8918-9A06-68D7-A91D592D950B">
    <durationSetting countMinimum="1" countTransition="1" countAction="1" countBubble="1" countSpeech="1"/>
    <bg id="BG180" index="0">
      <file>common.wall30.swf</file>
    </bg>
    <char id="AVATOR206" index="10" raceCode="1">
      <action face="1" motionface="1">ugc.9370126.stand.xml</action>
      <head id="PROP157" raceCode="1">
        <file>ugc.9370126.head.head_angry.xml</file>
      </head>
      <x>493.5</x>
      <y>267</y>
      <xscale>1.16</xscale>
      <yscale>1.16</yscale>
      <rotation>0</rotation>
    </char>
    <char id="AVATOR203" index="11" raceCode="1">
      <action face="-1" motionface="1">ugc.10085953.stand.xml</action>
      <head id="PROP158" raceCode="1">
        <file>ugc.10085953.head.head_talkangry.xml</file>
      </head>
      <x>136.5</x>
      <y>247</y>
      <xscale>1</xscale>
      <yscale>1</yscale>
      <rotation>0</rotation>
    </char>
    <prop id="PROP101" index="1">
      <file>common.square01.swf</file>
      <x>444.1</x>
      <y>232</y>
      <xscale>8.91</xscale>
      <yscale>1.91</yscale>
      <face>1</face>
      <rotation>0</rotation>
      <color r="ccColorA">3952750</color>
    </prop>
    <prop id="PROP82" index="2">
      <file>common.nccha_elcave.swf</file>
      <x>205.9</x>
      <y>101</y>
      <xscale>1.48</xscale>
      <yscale>1.53</yscale>
      <face>1</face>
      <rotation>0</rotation>
      <color r="ccColorA">3355443</color>
      <color r="ccColorB">6710886</color>
    </prop>
    <prop id="PROP104" index="3">
      <file>common.msp_piratetre2.msp_piratetre2_ncc_pirate_treasure07.swf</file>
      <x>250</x>
      <y>220.2</y>
      <xscale>0.81</xscale>
      <yscale>0.81</yscale>
      <face>-1</face>
      <rotation>0</rotation>
    </prop>
    <prop id="PROP84" index="4">
      <file>common.msp_trspo.msp_trspo_ncc_transportation01.swf</file>
      <x>286.2</x>
      <y>226.7</y>
      <xscale>1.35</xscale>
      <yscale>0.49</yscale>
      <face>1</face>
      <rotation>0</rotation>
    </prop>
    <prop id="PROP106" index="5">
      <file>common.msp_piratetre1.msp_piratetre1_ncc_pirate_treasure03.swf</file>
      <x>367.8</x>
      <y>254.7</y>
      <xscale>0.84</xscale>
      <yscale>0.84</yscale>
      <face>-1</face>
      <rotation>0</rotation>
    </prop>
    <prop id="PROP107" index="6">
      <file>common.msp_stp_pot.msp_stp_pot_ncc_stp_pot02.swf</file>
      <x>246.6</x>
      <y>271.3</y>
      <xscale>0.84</xscale>
      <yscale>0.84</yscale>
      <face>1</face>
      <rotation>0</rotation>
    </prop>
    <prop id="PROP108" index="7">
      <file>common.ncc_stp_goldcoins.swf</file>
      <x>248.4</x>
      <y>302.4</y>
      <xscale>0.84</xscale>
      <yscale>0.84</yscale>
      <face>1</face>
      <rotation>0</rotation>
    </prop>
    <prop id="PROP109" index="8">
      <file>common.msp_stp_pot.msp_stp_pot_ncc_stp_pot02.swf</file>
      <x>299.6</x>
      <y>290.7</y>
      <xscale>0.84</xscale>
      <yscale>0.84</yscale>
      <face>1</face>
      <rotation>0</rotation>
    </prop>
    <prop id="PROP90" index="9">
      <file>common.ncc_stp_goldcoins.swf</file>
      <x>346.7</x>
      <y>310.8</y>
      <xscale>0.84</xscale>
      <yscale>0.84</yscale>
      <face>1</face>
      <rotation>0</rotation>
    </prop>
    <effectAsset id="EFFECT79" themecode="common" index="12">
      <effect x="0" y="0" w="550" h="310" rotate="0" id="cut" type="ZOOM" isCut="true" isPan="false"/>
      <x>47</x>
      <y>24</y>
      <width>550</width>
      <height>354</height>
      <speech>0</speech>
    </effectAsset>
  </scene>
  <scene id="SCENE43" adelay="60" lock="N" index="15" color="16777215" guid="94EF2BF4-F6D7-9EF5-695B-971ADCD42AD5">
    <durationSetting countMinimum="1" countTransition="1" countAction="1" countBubble="1" countSpeech="1"/>
    <bubbleAsset id="BUBBLE308" index="1">
      <x>182</x>
      <y>156</y>
      <xscale>1</xscale>
      <yscale>1</yscale>
      <rotation>0</rotation>
      <fx>easeNone</fx>
      <fxdur>0</fxdur>
      <bubble x="0" y="0" w="180" h="90" rotate="0" type="BLANK" hasTail="0" colorStyle="1" autoTextResize="true">
        <body rgb="16777215" shadow="1" bgAlpha="0" linergb="0" tailx="180" taily="110" paddingHorizontal="0" paddingVertical="0"/>
        <text rgb="0" alpha="100" font="Accidental Presidency" size="74" align="center" bold="false" italic="false" embed="true">1:talk:2</text>
        <url target="top"><![CDATA[]]></url>
      </bubble>
    </bubbleAsset>
    <effectAsset id="EFFECT81" themecode="common" index="2">
      <effect x="0" y="0" w="550" h="310" rotate="0" id="cut" type="ZOOM" isCut="true" isPan="false"/>
      <x>47</x>
      <y>24</y>
      <width>550</width>
      <height>354</height>
      <speech>0</speech>
    </effectAsset>
  </scene>
  <scene id="SCENE44" adelay="60" lock="N" index="16" color="16777215" guid="06C9A5FB-FCEA-E4F4-6AD4-9211B6C9B515">
    <durationSetting countMinimum="1" countTransition="1" countAction="1" countBubble="1" countSpeech="1"/>
    <bg id="BG180" index="0">
      <file>common.wall30.swf</file>
    </bg>
    <char id="AVATOR206" index="10" raceCode="1">
      <action face="1" motionface="1">ugc.9370126.stand.xml</action>
      <head id="PROP159" raceCode="1">
        <file>ugc.9370126.head.head_talkangry.xml</file>
      </head>
      <x>454.5</x>
      <y>239</y>
      <xscale>1.16</xscale>
      <yscale>1.16</yscale>
      <rotation>0</rotation>
    </char>
    <char id="AVATOR203" index="11" raceCode="1">
      <action face="-1" motionface="1">ugc.10085953.stand.xml</action>
      <head id="PROP160" raceCode="1">
        <file>ugc.10085953.head.head_angry.xml</file>
      </head>
      <x>192.5</x>
      <y>238</y>
      <xscale>1</xscale>
      <yscale>1</yscale>
      <rotation>0</rotation>
    </char>
    <prop id="PROP192" index="1">
      <file>ugc.30868080.swf</file>
      <x>344.3</x>
      <y>195.4</y>
      <xscale>1</xscale>
      <yscale>1</yscale>
      <face>1</face>
      <rotation>0</rotation>
    </prop>
    <prop id="PROP180" index="2">
      <file>common.square01.swf</file>
      <x>444.1</x>
      <y>232</y>
      <xscale>8.91</xscale>
      <yscale>1.91</yscale>
      <face>1</face>
      <rotation>0</rotation>
      <color r="ccColorA">3952750</color>
    </prop>
    <prop id="PROP181" index="3">
      <file>common.nccha_elcave.swf</file>
      <x>205.9</x>
      <y>101</y>
      <xscale>1.48</xscale>
      <yscale>1.53</yscale>
      <face>1</face>
      <rotation>0</rotation>
      <color r="ccColorA">3355443</color>
      <color r="ccColorB">6710886</color>
    </prop>
    <prop id="PROP182" index="4">
      <file>common.msp_piratetre2.msp_piratetre2_ncc_pirate_treasure07.swf</file>
      <x>250</x>
      <y>220.2</y>
      <xscale>0.81</xscale>
      <yscale>0.81</yscale>
      <face>-1</face>
      <rotation>0</rotation>
    </prop>
    <prop id="PROP183" index="5">
      <file>common.msp_piratetre1.msp_piratetre1_ncc_pirate_treasure03.swf</file>
      <x>367.8</x>
      <y>254.7</y>
      <xscale>0.84</xscale>
      <yscale>0.84</yscale>
      <face>-1</face>
      <rotation>0</rotation>
    </prop>
    <prop id="PROP184" index="6">
      <file>common.msp_stp_pot.msp_stp_pot_ncc_stp_pot02.swf</file>
      <x>246.6</x>
      <y>271.3</y>
      <xscale>0.84</xscale>
      <yscale>0.84</yscale>
      <face>1</face>
      <rotation>0</rotation>
    </prop>
    <prop id="PROP185" index="7">
      <file>common.ncc_stp_goldcoins.swf</file>
      <x>248.4</x>
      <y>302.4</y>
      <xscale>0.84</xscale>
      <yscale>0.84</yscale>
      <face>1</face>
      <rotation>0</rotation>
    </prop>
    <prop id="PROP186" index="8">
      <file>common.msp_stp_pot.msp_stp_pot_ncc_stp_pot02.swf</file>
      <x>299.6</x>
      <y>290.7</y>
      <xscale>0.84</xscale>
      <yscale>0.84</yscale>
      <face>1</face>
      <rotation>0</rotation>
    </prop>
    <prop id="PROP187" index="9">
      <file>common.ncc_stp_goldcoins.swf</file>
      <x>346.7</x>
      <y>310.8</y>
      <xscale>0.84</xscale>
      <yscale>0.84</yscale>
      <face>1</face>
      <rotation>0</rotation>
    </prop>
    <effectAsset id="EFFECT3" themecode="common" index="12">
      <effect x="0" y="0" w="373.3" h="210.4054545" rotate="0" id="cut" type="ZOOM" isCut="true" isPan="false"/>
      <x>129.9</x>
      <y>64.9652727</y>
      <width>373.3</width>
      <height>240.2694545</height>
      <speech>0</speech>
    </effectAsset>
  </scene>
  <scene id="SCENE45" adelay="60" lock="N" index="17" color="16777215" guid="FF0986A4-0B40-8795-B763-7E6332F4365F">
    <durationSetting countMinimum="1" countTransition="1" countAction="1" countBubble="1" countSpeech="1"/>
    <bubbleAsset id="BUBBLE326" index="1">
      <x>182</x>
      <y>156</y>
      <xscale>1</xscale>
      <yscale>1</yscale>
      <rotation>0</rotation>
      <fx>easeNone</fx>
      <fxdur>0</fxdur>
      <bubble x="0" y="0" w="180" h="90" rotate="0" type="BLANK" hasTail="0" colorStyle="1" autoTextResize="true">
        <body rgb="16777215" shadow="1" bgAlpha="0" linergb="0" tailx="180" taily="110" paddingHorizontal="0" paddingVertical="0"/>
        <text rgb="0" alpha="100" font="Accidental Presidency" size="74" align="center" bold="false" italic="false" embed="true">2:talk:2</text>
        <url target="top"><![CDATA[]]></url>
      </bubble>
    </bubbleAsset>
    <effectAsset id="EFFECT84" themecode="common" index="2">
      <effect x="0" y="0" w="550" h="310" rotate="0" id="cut" type="ZOOM" isCut="true" isPan="false"/>
      <x>47</x>
      <y>24</y>
      <width>550</width>
      <height>354</height>
      <speech>0</speech>
    </effectAsset>
  </scene>
  <scene id="SCENE46" adelay="60" lock="N" index="18" color="16777215" guid="A05464C0-6EEF-3CF4-EE55-E3C6C3801185">
    <durationSetting countMinimum="1" countTransition="1" countAction="1" countBubble="1" countSpeech="1"/>
    <bg id="BG180" index="0">
      <file>common.wall30.swf</file>
    </bg>
    <char id="AVATOR206" index="10" raceCode="1">
      <action face="1" motionface="1">ugc.9370126.stand.xml</action>
      <head id="PROP161" raceCode="1">
        <file>ugc.9370126.head.head_angry.xml</file>
      </head>
      <x>454.5</x>
      <y>239</y>
      <xscale>1.16</xscale>
      <yscale>1.16</yscale>
      <rotation>0</rotation>
    </char>
    <char id="AVATOR203" index="11" raceCode="1">
      <action face="-1" motionface="1">ugc.10085953.stand.xml</action>
      <head id="PROP162" raceCode="1">
        <file>ugc.10085953.head.head_talkangry.xml</file>
      </head>
      <x>192.5</x>
      <y>238</y>
      <xscale>1</xscale>
      <yscale>1</yscale>
      <rotation>0</rotation>
    </char>
    <prop id="PROP133" index="1">
      <file>ugc.30868080.swf</file>
      <x>344.3</x>
      <y>195.4</y>
      <xscale>1</xscale>
      <yscale>1</yscale>
      <face>1</face>
      <rotation>0</rotation>
    </prop>
    <prop id="PROP134" index="2">
      <file>common.square01.swf</file>
      <x>444.1</x>
      <y>232</y>
      <xscale>8.91</xscale>
      <yscale>1.91</yscale>
      <face>1</face>
      <rotation>0</rotation>
      <color r="ccColorA">3952750</color>
    </prop>
    <prop id="PROP135" index="3">
      <file>common.nccha_elcave.swf</file>
      <x>205.9</x>
      <y>101</y>
      <xscale>1.48</xscale>
      <yscale>1.53</yscale>
      <face>1</face>
      <rotation>0</rotation>
      <color r="ccColorA">3355443</color>
      <color r="ccColorB">6710886</color>
    </prop>
    <prop id="PROP123" index="4">
      <file>common.msp_piratetre2.msp_piratetre2_ncc_pirate_treasure07.swf</file>
      <x>250</x>
      <y>220.2</y>
      <xscale>0.81</xscale>
      <yscale>0.81</yscale>
      <face>-1</face>
      <rotation>0</rotation>
    </prop>
    <prop id="PROP138" index="5">
      <file>common.msp_piratetre1.msp_piratetre1_ncc_pirate_treasure03.swf</file>
      <x>367.8</x>
      <y>254.7</y>
      <xscale>0.84</xscale>
      <yscale>0.84</yscale>
      <face>-1</face>
      <rotation>0</rotation>
    </prop>
    <prop id="PROP139" index="6">
      <file>common.msp_stp_pot.msp_stp_pot_ncc_stp_pot02.swf</file>
      <x>246.6</x>
      <y>271.3</y>
      <xscale>0.84</xscale>
      <yscale>0.84</yscale>
      <face>1</face>
      <rotation>0</rotation>
    </prop>
    <prop id="PROP127" index="7">
      <file>common.ncc_stp_goldcoins.swf</file>
      <x>248.4</x>
      <y>302.4</y>
      <xscale>0.84</xscale>
      <yscale>0.84</yscale>
      <face>1</face>
      <rotation>0</rotation>
    </prop>
    <prop id="PROP142" index="8">
      <file>common.msp_stp_pot.msp_stp_pot_ncc_stp_pot02.swf</file>
      <x>299.6</x>
      <y>290.7</y>
      <xscale>0.84</xscale>
      <yscale>0.84</yscale>
      <face>1</face>
      <rotation>0</rotation>
    </prop>
    <prop id="PROP143" index="9">
      <file>common.ncc_stp_goldcoins.swf</file>
      <x>346.7</x>
      <y>310.8</y>
      <xscale>0.84</xscale>
      <yscale>0.84</yscale>
      <face>1</face>
      <rotation>0</rotation>
    </prop>
    <effectAsset id="EFFECT3" themecode="common" index="12">
      <effect x="0" y="0" w="373.3" h="210.4054545" rotate="0" id="cut" type="ZOOM" isCut="true" isPan="false"/>
      <x>129.9</x>
      <y>64.9652727</y>
      <width>373.3</width>
      <height>240.2694545</height>
      <speech>0</speech>
    </effectAsset>
  </scene>
  <scene id="SCENE47" adelay="60" lock="N" index="19" color="16777215" guid="3FEA87C4-DE11-2B1B-32CF-062413726948">
    <durationSetting countMinimum="1" countTransition="1" countAction="1" countBubble="1" countSpeech="1"/>
    <bubbleAsset id="BUBBLE358" index="1">
      <x>182</x>
      <y>156</y>
      <xscale>1</xscale>
      <yscale>1</yscale>
      <rotation>0</rotation>
      <fx>easeNone</fx>
      <fxdur>0</fxdur>
      <bubble x="0" y="0" w="180" h="90" rotate="0" type="BLANK" hasTail="0" colorStyle="1" autoTextResize="true">
        <body rgb="16777215" shadow="1" bgAlpha="0" linergb="0" tailx="180" taily="110" paddingHorizontal="0" paddingVertical="0"/>
        <text rgb="0" alpha="100" font="Accidental Presidency" size="74" align="center" bold="false" italic="false" embed="true">1:talk:3</text>
        <url target="top"><![CDATA[]]></url>
      </bubble>
    </bubbleAsset>
    <effectAsset id="EFFECT87" themecode="common" index="2">
      <effect x="0" y="0" w="550" h="310" rotate="0" id="cut" type="ZOOM" isCut="true" isPan="false"/>
      <x>47</x>
      <y>24</y>
      <width>550</width>
      <height>354</height>
      <speech>0</speech>
    </effectAsset>
  </scene>
  <scene id="SCENE48" adelay="60" lock="N" index="20" color="16777215" guid="009F42AB-370F-F60D-7E26-FA5162411CE0">
    <durationSetting countMinimum="1" countTransition="1" countAction="1" countBubble="1" countSpeech="1"/>
    <bg id="BG180" index="0">
      <file>common.wall30.swf</file>
    </bg>
    <char id="AVATOR206" index="10" raceCode="1">
      <action face="1" motionface="1">ugc.9370126.stand.xml</action>
      <head id="PROP163" raceCode="1">
        <file>ugc.9370126.head.head_talkangry.xml</file>
      </head>
      <x>463.5</x>
      <y>253</y>
      <xscale>1.16</xscale>
      <yscale>1.16</yscale>
      <rotation>0</rotation>
    </char>
    <prop id="PROP220" index="1">
      <file>common.square01.swf</file>
      <x>426.1</x>
      <y>213</y>
      <xscale>8.91</xscale>
      <yscale>1.91</yscale>
      <face>1</face>
      <rotation>0</rotation>
      <color r="ccColorA">3952750</color>
    </prop>
    <prop id="PROP222" index="2">
      <file>common.nccha_elcave.swf</file>
      <x>296.9</x>
      <y>98</y>
      <xscale>1.48</xscale>
      <yscale>1.53</yscale>
      <face>1</face>
      <rotation>0</rotation>
      <color r="ccColorA">3355443</color>
      <color r="ccColorB">6710886</color>
    </prop>
    <prop id="PROP223" index="3">
      <file>common.msp_piratetre2.msp_piratetre2_ncc_pirate_treasure07.swf</file>
      <x>232</x>
      <y>201.2</y>
      <xscale>0.81</xscale>
      <yscale>0.81</yscale>
      <face>-1</face>
      <rotation>0</rotation>
    </prop>
    <prop id="PROP224" index="4">
      <file>common.msp_piratetre1.msp_piratetre1_ncc_pirate_treasure03.swf</file>
      <x>327.8</x>
      <y>248.7</y>
      <xscale>0.84</xscale>
      <yscale>0.84</yscale>
      <face>-1</face>
      <rotation>0</rotation>
    </prop>
    <prop id="PROP234" index="5">
      <file>common.msp_stp_pot.msp_stp_pot_ncc_stp_pot02.swf</file>
      <x>228.6</x>
      <y>252.3</y>
      <xscale>0.84</xscale>
      <yscale>0.84</yscale>
      <face>1</face>
      <rotation>0</rotation>
    </prop>
    <prop id="PROP235" index="6">
      <file>common.ncc_stp_goldcoins.swf</file>
      <x>230.4</x>
      <y>283.4</y>
      <xscale>0.84</xscale>
      <yscale>0.84</yscale>
      <face>1</face>
      <rotation>0</rotation>
    </prop>
    <prop id="PROP236" index="7">
      <file>common.msp_stp_pot.msp_stp_pot_ncc_stp_pot02.swf</file>
      <x>324.6</x>
      <y>282.7</y>
      <xscale>0.84</xscale>
      <yscale>0.84</yscale>
      <face>1</face>
      <rotation>0</rotation>
    </prop>
    <prop id="PROP254" index="8">
      <file>ugc.30868654.swf</file>
      <x>433</x>
      <y>202.4</y>
      <xscale>0.42</xscale>
      <yscale>0.42</yscale>
      <face>1</face>
      <rotation>0</rotation>
    </prop>
    <prop id="PROP237" index="9">
      <file>common.ncc_stp_goldcoins.swf</file>
      <x>349.1</x>
      <y>266.7</y>
      <xscale>0.84</xscale>
      <yscale>0.84</yscale>
      <face>1</face>
      <rotation>0</rotation>
    </prop>
    <effectAsset id="EFFECT11" themecode="common" index="11">
      <effect x="0" y="0" w="205.2" h="115.6581818" rotate="0" id="cut" type="ZOOM" isCut="true" isPan="false"/>
      <x>325.8</x>
      <y>140.5129091</y>
      <width>205.2</width>
      <height>132.0741818</height>
      <speech>0</speech>
    </effectAsset>
  </scene>
  <scene id="SCENE49" adelay="60" lock="N" index="21" color="16777215" guid="F6D5FC37-3BD4-D9E9-2730-95CC733964FE">
    <durationSetting countMinimum="1" countTransition="1" countAction="1" countBubble="1" countSpeech="1"/>
    <bubbleAsset id="BUBBLE359" index="1">
      <x>182</x>
      <y>156</y>
      <xscale>1</xscale>
      <yscale>1</yscale>
      <rotation>0</rotation>
      <fx>easeNone</fx>
      <fxdur>0</fxdur>
      <bubble x="0" y="0" w="180" h="90" rotate="0" type="BLANK" hasTail="0" colorStyle="1" autoTextResize="true">
        <body rgb="16777215" shadow="1" bgAlpha="0" linergb="0" tailx="180" taily="110" paddingHorizontal="0" paddingVertical="0"/>
        <text rgb="0" alpha="100" font="Accidental Presidency" size="74" align="center" bold="false" italic="false" embed="true">2:talk:3</text>
        <url target="top"><![CDATA[]]></url>
      </bubble>
    </bubbleAsset>
    <effectAsset id="EFFECT90" themecode="common" index="2">
      <effect x="0" y="0" w="550" h="310" rotate="0" id="cut" type="ZOOM" isCut="true" isPan="false"/>
      <x>47</x>
      <y>24</y>
      <width>550</width>
      <height>354</height>
      <speech>0</speech>
    </effectAsset>
  </scene>
  <scene id="SCENE50" adelay="60" lock="N" index="22" color="16777215" guid="E7676D24-95D4-9805-4C8F-E5DA1287462B">
    <durationSetting countMinimum="1" countTransition="1" countAction="1" countBubble="1" countSpeech="1"/>
    <bg id="BG180" index="0">
      <file>common.wall30.swf</file>
    </bg>
    <char id="AVATOR203" index="5" raceCode="1">
      <action face="-1" motionface="1">ugc.10085953.stand.xml</action>
      <head id="PROP164" raceCode="1">
        <file>ugc.10085953.head.head_talkangry.xml</file>
      </head>
      <x>146.5</x>
      <y>249</y>
      <xscale>1</xscale>
      <yscale>1</yscale>
      <rotation>0</rotation>
    </char>
    <char id="AVATOR206" index="11" raceCode="1">
      <action face="1" motionface="1">ugc.9370126.stand.xml</action>
      <x>535.5</x>
      <y>254</y>
      <xscale>1.16</xscale>
      <yscale>1.16</yscale>
      <rotation>0</rotation>
    </char>
    <prop id="PROP240" index="1">
      <file>common.square01.swf</file>
      <x>423.1</x>
      <y>231</y>
      <xscale>8.91</xscale>
      <yscale>1.91</yscale>
      <face>1</face>
      <rotation>0</rotation>
      <color r="ccColorA">3952750</color>
    </prop>
    <prop id="PROP241" index="2">
      <file>common.nccha_elcave.swf</file>
      <x>292.9</x>
      <y>96</y>
      <xscale>1.48</xscale>
      <yscale>1.53</yscale>
      <face>1</face>
      <rotation>0</rotation>
      <color r="ccColorA">3355443</color>
      <color r="ccColorB">6710886</color>
    </prop>
    <prop id="PROP242" index="3">
      <file>common.msp_piratetre2.msp_piratetre2_ncc_pirate_treasure07.swf</file>
      <x>280</x>
      <y>229.2</y>
      <xscale>0.81</xscale>
      <yscale>0.81</yscale>
      <face>-1</face>
      <rotation>0</rotation>
    </prop>
    <prop id="PROP253" index="4">
      <file>ugc.30868675.swf</file>
      <x>192.6</x>
      <y>202.2</y>
      <xscale>0.42</xscale>
      <yscale>0.42</yscale>
      <face>1</face>
      <rotation>0</rotation>
    </prop>
    <prop id="PROP246" index="6">
      <file>common.msp_piratetre1.msp_piratetre1_ncc_pirate_treasure03.swf</file>
      <x>352.8</x>
      <y>289.7</y>
      <xscale>0.84</xscale>
      <yscale>0.84</yscale>
      <face>-1</face>
      <rotation>0</rotation>
    </prop>
    <prop id="PROP248" index="7">
      <file>common.msp_stp_pot.msp_stp_pot_ncc_stp_pot02.swf</file>
      <x>225.6</x>
      <y>270.3</y>
      <xscale>0.84</xscale>
      <yscale>0.84</yscale>
      <face>1</face>
      <rotation>0</rotation>
    </prop>
    <prop id="PROP249" index="8">
      <file>common.ncc_stp_goldcoins.swf</file>
      <x>227.4</x>
      <y>301.4</y>
      <xscale>0.84</xscale>
      <yscale>0.84</yscale>
      <face>1</face>
      <rotation>0</rotation>
    </prop>
    <prop id="PROP250" index="9">
      <file>common.msp_stp_pot.msp_stp_pot_ncc_stp_pot02.swf</file>
      <x>278.6</x>
      <y>289.7</y>
      <xscale>0.84</xscale>
      <yscale>0.84</yscale>
      <face>1</face>
      <rotation>0</rotation>
    </prop>
    <prop id="PROP251" index="10">
      <file>common.ncc_stp_goldcoins.swf</file>
      <x>325.7</x>
      <y>309.8</y>
      <xscale>0.84</xscale>
      <yscale>0.84</yscale>
      <face>1</face>
      <rotation>0</rotation>
    </prop>
    <effectAsset id="EFFECT11" themecode="common" index="12">
      <effect x="0" y="0" w="211.2" h="119.04" rotate="0" id="cut" type="ZOOM" isCut="true" isPan="false"/>
      <x>86.9</x>
      <y>135.982</y>
      <width>211.2</width>
      <height>135.936</height>
      <speech>0</speech>
    </effectAsset>
  </scene>
  <scene id="SCENE51" adelay="60" lock="N" index="23" color="16777215" guid="748EE7DF-A6AC-557D-9676-118B832B9A80">
    <durationSetting countMinimum="1" countTransition="1" countAction="1" countBubble="1" countSpeech="1"/>
    <bubbleAsset id="BUBBLE383" index="1">
      <x>182</x>
      <y>156</y>
      <xscale>1</xscale>
      <yscale>1</yscale>
      <rotation>0</rotation>
      <fx>easeNone</fx>
      <fxdur>0</fxdur>
      <bubble x="0" y="0" w="180" h="90" rotate="0" type="BLANK" hasTail="0" colorStyle="1" autoTextResize="true">
        <body rgb="16777215" shadow="1" bgAlpha="0" linergb="0" tailx="180" taily="110" paddingHorizontal="0" paddingVertical="0"/>
        <text rgb="0" alpha="100" font="Accidental Presidency" size="65" align="center" bold="false" italic="false" embed="true">closing:1</text>
        <url target="top"><![CDATA[]]></url>
      </bubble>
    </bubbleAsset>
    <effectAsset id="EFFECT93" themecode="common" index="2">
      <effect x="0" y="0" w="550" h="310" rotate="0" id="cut" type="ZOOM" isCut="true" isPan="false"/>
      <x>47</x>
      <y>24</y>
      <width>550</width>
      <height>354</height>
      <speech>0</speech>
    </effectAsset>
  </scene>
  <scene id="SCENE52" adelay="30" lock="Y" index="24" color="16777215" guid="D0B4EC5E-6D7C-AED3-E47C-4D4ED72211B4">
    <bg id="BG348" index="0">
      <file>common.ncc_fx_03.swf</file>
    </bg>
    <char id="AVATOR203" index="1" raceCode="1">
      <action face="-1" motionface="1">ugc.10085953.sword_atk10.xml</action>
      <prop id="PROP166" handstyle="stick">
        <file>common.katana.swf</file>
      </prop>
      <head id="PROP168" raceCode="1">
        <file>ugc.10085953.head.head_angry.xml</file>
      </head>
      <x>234.5</x>
      <y>307</y>
      <xscale>2.45</xscale>
      <yscale>2.45</yscale>
      <rotation>0</rotation>
    </char>
    <effectAsset id="EFFECT95" themecode="common" index="2">
      <effect x="0" y="0" w="550" h="310" rotate="0" id="cut" type="ZOOM" isCut="true" isPan="false"/>
      <x>47</x>
      <y>24</y>
      <width>550</width>
      <height>354</height>
      <speech>0</speech>
    </effectAsset>
  </scene>
  <scene id="SCENE53" adelay="36" lock="Y" index="25" color="16777215" guid="7FE688B8-A5AB-4C72-0FF8-2EF09B9A339B">
    <bg id="BG368" index="0">
      <file>common.ncc_fx_01.swf</file>
    </bg>
    <char id="AVATOR363" index="1" raceCode="1">
      <action face="1" motionface="1">ugc.9370126.stand.xml</action>
      <head id="PROP170" raceCode="1">
        <file>ugc.9370126.head.head_shocked.xml</file>
      </head>
      <x>439.5</x>
      <y>304</y>
      <xscale>2.35</xscale>
      <yscale>2.35</yscale>
      <rotation>0</rotation>
    </char>
    <effectAsset id="EFFECT97" themecode="common" index="2">
      <effect x="0" y="0" w="550" h="310" rotate="0" id="cut" type="ZOOM" isCut="true" isPan="false"/>
      <x>47</x>
      <y>24</y>
      <width>550</width>
      <height>354</height>
      <speech>0</speech>
    </effectAsset>
  </scene>
  <scene id="SCENE54" adelay="62" lock="Y" index="26" color="16777215" guid="39F22B77-352F-4315-0640-00D97EBA1CCF">
    <bg id="BG180" index="0">
      <file>common.wall30.swf</file>
    </bg>
    <char id="AVATOR203" index="8" raceCode="1">
      <action face="-1" motionface="1">ugc.10085953.sword_atk07.xml</action>
      <prop id="PROP174" handstyle="stick">
        <file>common.katana.swf</file>
      </prop>
      <x>242.5</x>
      <y>252</y>
      <xscale>1</xscale>
      <yscale>1</yscale>
      <rotation>0</rotation>
    </char>
    <char id="AVATOR206" index="10" raceCode="1">
      <action face="1" motionface="1">ugc.9370126.vic_get_hit6.xml</action>
      <head id="PROP173" raceCode="1">
        <file>ugc.9370126.head.head_ghost.xml</file>
      </head>
      <x>392.5</x>
      <y>249</y>
      <xscale>1.16</xscale>
      <yscale>1.16</yscale>
      <rotation>0</rotation>
    </char>
    <prop id="PROP203" index="1">
      <file>common.square01.swf</file>
      <x>428.1</x>
      <y>248</y>
      <xscale>8.91</xscale>
      <yscale>1.91</yscale>
      <face>1</face>
      <rotation>0</rotation>
      <color r="ccColorA">3952750</color>
    </prop>
    <prop id="PROP204" index="2">
      <file>common.nccha_elcave.swf</file>
      <x>297.9</x>
      <y>113</y>
      <xscale>1.48</xscale>
      <yscale>1.53</yscale>
      <face>1</face>
      <rotation>0</rotation>
      <color r="ccColorA">3355443</color>
      <color r="ccColorB">6710886</color>
    </prop>
    <prop id="PROP205" index="3">
      <file>common.msp_piratetre2.msp_piratetre2_ncc_pirate_treasure07.swf</file>
      <x>234</x>
      <y>236.2</y>
      <xscale>0.81</xscale>
      <yscale>0.81</yscale>
      <face>-1</face>
      <rotation>0</rotation>
    </prop>
    <prop id="PROP206" index="4">
      <file>common.msp_trspo.msp_trspo_ncc_transportation01.swf</file>
      <x>270.2</x>
      <y>242.7</y>
      <xscale>1.35</xscale>
      <yscale>0.49</yscale>
      <face>1</face>
      <rotation>0</rotation>
    </prop>
    <prop id="PROP207" index="5">
      <file>common.msp_piratetre1.msp_piratetre1_ncc_pirate_treasure03.swf</file>
      <x>298.8</x>
      <y>275.7</y>
      <xscale>0.84</xscale>
      <yscale>0.84</yscale>
      <face>-1</face>
      <rotation>0</rotation>
    </prop>
    <prop id="PROP208" index="6">
      <file>common.msp_stp_pot.msp_stp_pot_ncc_stp_pot02.swf</file>
      <x>230.6</x>
      <y>287.3</y>
      <xscale>0.84</xscale>
      <yscale>0.84</yscale>
      <face>1</face>
      <rotation>0</rotation>
    </prop>
    <prop id="PROP209" index="7">
      <file>common.msp_stp_pot.msp_stp_pot_ncc_stp_pot02.swf</file>
      <x>392.6</x>
      <y>298.7</y>
      <xscale>0.84</xscale>
      <yscale>0.84</yscale>
      <face>1</face>
      <rotation>0</rotation>
    </prop>
    <prop id="PROP213" index="9">
      <file>common.ncc_stp_goldcoins.swf</file>
      <x>358.7</x>
      <y>279.8</y>
      <xscale>0.84</xscale>
      <yscale>0.84</yscale>
      <face>1</face>
      <rotation>0</rotation>
    </prop>
    <effectAsset id="EFFECT11" themecode="common" index="13">
      <effect x="0" y="0" w="374.7" h="211.1945455" rotate="0" id="cut" type="ZOOM" isCut="true" isPan="false"/>
      <x>142.3</x>
      <y>80.0647273</y>
      <width>374.7</width>
      <height>241.1705455</height>
      <speech>0</speech>
    </effectAsset>
    <effectAsset id="EFFECT3" themecode="common" index="11">
      <effect x="0" y="0" w="550" h="310" rotate="0" id="fadeOutEx" type="FADING" isIn="false" isOut="true"/>
      <x>47</x>
      <y>24</y>
      <width>550</width>
      <height>354</height>
      <speech>0</speech>
    </effectAsset>
    <effectAsset id="EFFECT5" themecode="common" index="12">
      <effect x="0" y="0" w="32" h="20" rotate="0" id="effect_grayscale" type="GRAYSCALE"/>
      <x>565</x>
      <y>335.7018182</y>
      <width>32</width>
      <height>20.5963636</height>
      <speech>0</speech>
    </effectAsset>
  </scene>
</film>
