<?xml version="1.0" encoding="utf-8"?>
<cc_char xscale="1" yscale="1" hxscale="0.97" hyscale="0.97" headdx="0" headdy="0" version="2.0"><color r="ccSkinColor">0xE2C294</color><color r="ccEyeLib">0x996666</color><color r="ccEyeIris">0x988986</color><color r="ccGlassesFrame">0xBE10B0</color><color r="ccGlassesLens">0x737373</color><color r="ccMouthLip">0xB7796A</color><color r="ccEyebrow">0x321F1B</color><color r="ccBackMajor">0x000000</color><color r="ccBackMinor">0x000000</color><color r="ccHandMain">0x660033</color><color r="ccHairMajor">0xF2E784</color><color r="ccLowerMain">0x2D2928</color><color r="ccUpperMain">0x37294E</color><color r="ccUpperMinor">0x37294E</color><component type="bodyshape" component_id="default" theme_id="cc2" x="0" y="0" xscale="1" yscale="1" offset="0" rotation="0" gobucks="0" gopoints="0"/><component type="freeaction" component_id="default" theme_id="cc2" x="0" y="0" xscale="1" yscale="1" offset="0" rotation="0" gobucks="0" gopoints="0"/><component type="faceshape" component_id="001" theme_id="cc2" x="-6" y="5" xscale="0.88" yscale="1.05" offset="0" rotation="1" gobucks="0" gopoints="0"/><component type="eye" component_id="001" theme_id="cc2" x="-2" y="3" xscale="0.86" yscale="0.6" offset="-1" rotation="-3" gobucks="20" gopoints="0"/><component type="eyebrow" component_id="001" theme_id="cc2" x="-2" y="4" xscale="1" yscale="1" offset="0" rotation="2" gobucks="0" gopoints="0"/><component type="mouth" component_id="007" theme_id="cc2" x="-7" y="0" xscale="0.58" yscale="0.51" offset="0" rotation="0" gobucks="20" gopoints="0"/><component type="nose" component_id="010" theme_id="cc2" x="3" y="1" xscale="1.24" yscale="1" offset="0" rotation="0" gobucks="20" gopoints="0"/><component type="hair" component_id="078" theme_id="cc2" x="-7" y="-4" xscale="0.97" yscale="0.87" offset="0" rotation="1" gobucks="60" gopoints="0"/><library type="GoHands" component_id="002" theme_id="cc2" gobucks="0" gopoints="0"/><library type="GoLower" component_id="017" theme_id="cc2" gobucks="15" gopoints="0"/><library type="GoUpper" component_id="083" theme_id="cc2" gobucks="40" gopoints="0"/></cc_char>