<?xml version="1.0"?>
<film copyable="0" duration="2.5" published="0" pshare="0" isWide="1">
  <meta>
    <title>Eye Movement</title>
    <tag/>
    <hiddenTag/>
    <desc></desc>
    <mver><![CDATA[4]]></mver>
    <studio>a76d829cef09f7bb9bef739f686c0449acbaded8</studio>
    <thumbnail index="0"/>
    <palette>
      <color value="333333"/>
      <color value="999999"/>
      <color value="fbfbfb"/>
      <color value="669999"/>
      <color value="55bbaa"/>
      <color value="7fbb11"/>
      <color value="15709b"/>
      <color value="9a5d1"/>
      <color value="6ab8d6"/>
      <color value="da2021"/>
      <color value="fecd31"/>
      <color value="28c6c1"/>
      <color value="37444f"/>
      <color value="0"/>
    </palette>
  </meta>
  <scene id="SCENE1" adelay="60" lock="N" index="0" color="16777215" guid="F1222CBD-716C-6E38-FA9D-16991486A684">
    <durationSetting countMinimum="1" countTransition="1" countAction="1" countBubble="1" countSpeech="1"/>
    <char id="AVATOR130" index="1" raceCode="1">
      <action face="1" motionface="1">ugc.328843693.stand.xml</action>
      <head id="PROP12" raceCode="1">
        <file>ugc.328843693.head.head_asleep.xml</file>
      </head>
      <x>311.905</x>
      <y>394.568061</y>
      <xscale>3.0388889</xscale>
      <yscale>3.0388889</yscale>
      <rotation>0</rotation>
    </char>
    <prop id="PROP3" index="3">
      <file>common.circle01.swf</file>
      <x>227.5947845,244.0447845</x>
      <y>141.6395691,142.4</y>
      <xscale>0.208618,0.208618</xscale>
      <yscale>0.208618,0.208618</yscale>
      <face>1,1</face>
      <rotation>0,0</rotation>
      <color r="ccColorA">0</color>
      <assetMotion ver="2"/>
    </prop>
    <prop id="PROP5" index="5">
      <file>common.circle01.swf</file>
      <x>286.2447845,302.6447845</x>
      <y>141.5895691,144.45</y>
      <xscale>0.2360687,0.2182007</xscale>
      <yscale>0.2360687,0.2182007</yscale>
      <face>1,1</face>
      <rotation>0,0</rotation>
      <color r="ccColorA">0</color>
      <assetMotion ver="2"/>
    </prop>
    <prop id="PROP8" index="4">
      <file>common.circle01.swf</file>
      <x>300.7565067</x>
      <y>144.5630134</y>
      <xscale>0.7397325</xscale>
      <yscale>0.7397325</yscale>
      <face>1</face>
      <rotation>0</rotation>
      <color r="ccColorA">16514043</color>
    </prop>
    <prop id="PROP10" index="2">
      <file>common.circle01.swf</file>
      <x>239.4598459</x>
      <y>144.5696918</y>
      <xscale>0.6495233</xscale>
      <yscale>0.6495233</yscale>
      <face>1</face>
      <rotation>0</rotation>
      <color r="ccColorA">16514043</color>
    </prop>
    <effectAsset id="EFFECT1" themecode="common" index="6">
      <effect x="0" y="0" w="550" h="310" rotate="0" id="cut" type="ZOOM" isCut="true" isPan="false"/>
      <x>47</x>
      <y>24</y>
      <width>550</width>
      <height>354</height>
      <speech>0</speech>
    </effectAsset>
    <aTranList>
      <aTran id="0" target="PROP3" type="MotionPath" atype="Prop" direction="2" section="6" timing="3" duration="24" delay="0">null</aTran>
      <aTran id="1" target="PROP5" type="MotionPath" atype="Prop" direction="2" section="6" timing="3" duration="24" delay="0">null</aTran>
    </aTranList>
  </scene>
</film>
