<?xml version="1.0"?>
<film copyable="0" duration="60.0" published="0" pshare="0" isWide="1">
  <meta>
    <title>Are you on the list?</title>
    <tag/>
    <hiddenTag/>
    <desc></desc>
    <mver><![CDATA[4]]></mver>
    <studio>a76d829cef09f7bb9bef739f686c0449acbaded8</studio>
    <thumbnail index="0"/>
    <palette>
      <color value="333333"/>
      <color value="999999"/>
      <color value="fbfbfb"/>
      <color value="669999"/>
      <color value="55bbaa"/>
      <color value="7fbb11"/>
      <color value="15709b"/>
      <color value="9a5d1"/>
      <color value="6ab8d6"/>
      <color value="da2021"/>
      <color value="fecd31"/>
      <color value="28c6c1"/>
      <color value="37444f"/>
    </palette>
  </meta>
  <scene id="SCENE23" adelay="69" lock="Y" index="0" color="16777215" guid="D7D0196F-195F-EF3E-4811-91406BB2349B">
    <bg id="cbg_disco_entrance_BG2" index="0">
      <file>custom.disco_bg.swf</file>
    </bg>
    <prop id="PROP13" index="1">
      <file>custom.disco_logo.swf</file>
      <x>151.6</x>
      <y>40.1</y>
      <xscale>1</xscale>
      <yscale>1</yscale>
      <face>1</face>
      <rotation>0</rotation>
    </prop>
    <prop id="PROP14" index="2">
      <file>custom.msp_disco_door.msp_disco_door_disco_door_open.swf</file>
      <x>154</x>
      <y>201</y>
      <xscale>1</xscale>
      <yscale>1</yscale>
      <face>1</face>
      <rotation>0</rotation>
    </prop>
    <prop id="PROP21" index="3">
      <file>custom.disco_stand.swf</file>
      <x>363.4</x>
      <y>283.1</y>
      <xscale>1</xscale>
      <yscale>1</yscale>
      <face>1</face>
      <rotation>0</rotation>
    </prop>
    <effectAsset id="EFFECT38" themecode="common" index="4">
      <effect x="0" y="0" w="550" h="310" rotate="0" id="cut" type="ZOOM" isCut="true" isPan="false"/>
      <x>47</x>
      <y>24</y>
      <width>550</width>
      <height>354</height>
      <speech>0</speech>
    </effectAsset>
  </scene>
  <scene id="SCENE24" adelay="60" lock="N" index="1" color="16777215" guid="DCED3BCA-409F-D215-3812-09E8273ED6DD">
    <durationSetting countMinimum="1" countTransition="1" countAction="1" countBubble="1" countSpeech="1"/>
    <bubbleAsset id="BUBBLE326" index="1">
      <x>241</x>
      <y>149</y>
      <xscale>1</xscale>
      <yscale>1</yscale>
      <rotation>0</rotation>
      <fx>easeNone</fx>
      <fxdur>0</fxdur>
      <bubble x="0" y="0" w="180" h="90" rotate="0" type="BLANK" hasTail="0" colorStyle="1" autoTextResize="true">
        <body rgb="16777215" shadow="1" bgAlpha="0" linergb="0" tailx="180" taily="110" paddingHorizontal="0" paddingVertical="0"/>
        <text rgb="0" alpha="100" font="Accidental Presidency" size="60" align="center" bold="false" italic="false" embed="true">opening:1</text>
        <url target="top"><![CDATA[]]></url>
      </bubble>
    </bubbleAsset>
    <effectAsset id="EFFECT40" themecode="common" index="2">
      <effect x="0" y="0" w="550" h="310" rotate="0" id="cut" type="ZOOM" isCut="true" isPan="false"/>
      <x>47</x>
      <y>24</y>
      <width>550</width>
      <height>354</height>
      <speech>0</speech>
    </effectAsset>
  </scene>
  <scene id="SCENE25" adelay="69" lock="Y" index="2" color="16777215" guid="B102C4E0-9151-2C5C-5652-3686AAFE20C0">
    <bg id="cbg_disco_entrance_BG2" index="0">
      <file>custom.disco_bg.swf</file>
    </bg>
    <char id="AVATOR133" index="3" raceCode="1">
      <action face="1" motionface="1">ugc.15688438.stand.xml</action>
      <x>393.5</x>
      <y>216.5</y>
      <xscale>0.93</xscale>
      <yscale>0.93</yscale>
      <rotation>0</rotation>
    </char>
    <char id="AVATOR134" index="4" raceCode="1">
      <action face="1" motionface="1">ugc.15689601.stand.xml</action>
      <x>301</x>
      <y>219.4</y>
      <xscale>0.87</xscale>
      <yscale>0.87</yscale>
      <rotation>0</rotation>
    </char>
    <char id="AVATOR137" index="5" raceCode="1">
      <action face="1" motionface="1">ugc.15690034.stand.xml</action>
      <head id="PROP50" raceCode="1">
        <file>ugc.15690034.head.head_talk_happy.xml</file>
      </head>
      <x>593.2</x>
      <y>224.4</y>
      <xscale>0.87</xscale>
      <yscale>0.87</yscale>
      <rotation>0</rotation>
    </char>
    <char id="AVATOR141" index="6" raceCode="1">
      <action face="-1" motionface="1">ugc.15692834.stand.xml</action>
      <x>508.5</x>
      <y>224</y>
      <xscale>0.9</xscale>
      <yscale>0.9</yscale>
      <rotation>0</rotation>
    </char>
    <char id="AVATOR142" index="7" raceCode="1">
      <action face="1" motionface="1">ugc.15693158.talk_phone.xml</action>
      <x>201.5</x>
      <y>218</y>
      <xscale>0.93</xscale>
      <yscale>0.93</yscale>
      <rotation>0</rotation>
    </char>
    <prop id="PROP81" index="1">
      <file>custom.disco_logo.swf</file>
      <x>151.6</x>
      <y>40.1</y>
      <xscale>1</xscale>
      <yscale>1</yscale>
      <face>1</face>
      <rotation>0</rotation>
    </prop>
    <prop id="PROP82" index="2">
      <file>custom.msp_disco_door.msp_disco_door_disco_door_open.swf</file>
      <x>154</x>
      <y>201</y>
      <xscale>1</xscale>
      <yscale>1</yscale>
      <face>1</face>
      <rotation>0</rotation>
    </prop>
    <prop id="PROP89" index="8">
      <file>custom.disco_stand.swf</file>
      <x>363.4</x>
      <y>283.1</y>
      <xscale>1</xscale>
      <yscale>1</yscale>
      <face>1</face>
      <rotation>0</rotation>
    </prop>
    <effectAsset id="EFFECT0" themecode="common" index="9">
      <effect x="0" y="0" w="550" h="310" rotate="0" id="fadeInEx" type="FADING" isIn="true" isOut="false"/>
      <x>47</x>
      <y>24</y>
      <width>550</width>
      <height>354</height>
      <speech>0</speech>
    </effectAsset>
    <effectAsset id="EFFECT42" themecode="common" index="10">
      <effect x="0" y="0" w="550" h="310" rotate="0" id="cut" type="ZOOM" isCut="true" isPan="false"/>
      <x>47</x>
      <y>24</y>
      <width>550</width>
      <height>354</height>
      <speech>0</speech>
    </effectAsset>
  </scene>
  <scene id="SCENE26" adelay="53" lock="Y" index="3" color="16777215" guid="4CAFCF96-9149-BE58-676A-BF2E8AE1DDA6">
    <bg id="cbg_disco_entrance_BG2" index="0">
      <file>custom.disco_bg.swf</file>
    </bg>
    <char id="AVATOR133" index="3" raceCode="1">
      <action face="1" motionface="1">ugc.15688438.stand.xml</action>
      <x>393.5</x>
      <y>216.5</y>
      <xscale>0.93</xscale>
      <yscale>0.93</yscale>
      <rotation>0</rotation>
    </char>
    <char id="AVATOR134" index="4" raceCode="1">
      <action face="-1" motionface="1">ugc.15689601.stand.xml</action>
      <x>301</x>
      <y>219.4</y>
      <xscale>0.87</xscale>
      <yscale>0.87</yscale>
      <rotation>0</rotation>
    </char>
    <char id="AVATOR141" index="5" raceCode="1">
      <action face="-1" motionface="1">ugc.15692834.stand.xml</action>
      <x>508.5</x>
      <y>224</y>
      <xscale>0.9</xscale>
      <yscale>0.9</yscale>
      <rotation>0</rotation>
    </char>
    <char id="AVATOR142" index="6" raceCode="1">
      <action face="1" motionface="1">ugc.15693158.talk_phone.xml</action>
      <x>201.5</x>
      <y>218</y>
      <xscale>0.93</xscale>
      <yscale>0.93</yscale>
      <rotation>0</rotation>
    </char>
    <char id="AVATOR243" index="7" raceCode="1">
      <action face="1" motionface="1">ugc.15690034.stand.xml</action>
      <head id="PROP51" raceCode="1">
        <file>ugc.15690034.head.head_talk_happy.xml</file>
      </head>
      <x>593.2</x>
      <y>224.4</y>
      <xscale>0.87</xscale>
      <yscale>0.87</yscale>
      <rotation>0</rotation>
    </char>
    <prop id="PROP90" index="1">
      <file>custom.disco_logo.swf</file>
      <x>151.6</x>
      <y>40.1</y>
      <xscale>1</xscale>
      <yscale>1</yscale>
      <face>1</face>
      <rotation>0</rotation>
    </prop>
    <prop id="PROP91" index="2">
      <file>custom.msp_disco_door.msp_disco_door_disco_door_open.swf</file>
      <x>154</x>
      <y>201</y>
      <xscale>1</xscale>
      <yscale>1</yscale>
      <face>1</face>
      <rotation>0</rotation>
    </prop>
    <prop id="PROP98" index="8">
      <file>custom.disco_stand.swf</file>
      <x>363.4</x>
      <y>283.1</y>
      <xscale>1</xscale>
      <yscale>1</yscale>
      <face>1</face>
      <rotation>0</rotation>
    </prop>
    <effectAsset id="EFFECT7" themecode="common" index="9">
      <effect x="0" y="0" w="504.7" h="284.4672727" rotate="0" id="zoom" type="ZOOM" isCut="false" isPan="false"/>
      <x>82.2</x>
      <y>36.5783636</y>
      <width>504.7</width>
      <height>324.8432727</height>
      <speech>0</speech>
    </effectAsset>
  </scene>
  <scene id="SCENE27" adelay="60" lock="N" index="4" color="16777215" guid="F4E9E914-B91A-05AC-AF2E-912B84033083">
    <durationSetting countMinimum="1" countTransition="1" countAction="1" countBubble="1" countSpeech="1"/>
    <bubbleAsset id="BUBBLE328" index="1">
      <x>216</x>
      <y>141</y>
      <xscale>1</xscale>
      <yscale>1</yscale>
      <rotation>0</rotation>
      <fx>easeNone</fx>
      <fxdur>0</fxdur>
      <bubble x="0" y="0" w="180" h="90" rotate="0" type="BLANK" hasTail="0" colorStyle="1" autoTextResize="true">
        <body rgb="16777215" shadow="1" bgAlpha="0" linergb="0" tailx="180" taily="110" paddingHorizontal="0" paddingVertical="0"/>
        <text rgb="0" alpha="100" font="Accidental Presidency" size="48" align="center" bold="false" italic="false" embed="true">character:1</text>
        <url target="top"><![CDATA[]]></url>
      </bubble>
    </bubbleAsset>
    <effectAsset id="EFFECT45" themecode="common" index="2">
      <effect x="0" y="0" w="550" h="310" rotate="0" id="cut" type="ZOOM" isCut="true" isPan="false"/>
      <x>47</x>
      <y>24</y>
      <width>550</width>
      <height>354</height>
      <speech>0</speech>
    </effectAsset>
  </scene>
  <scene id="SCENE28" adelay="60" lock="N" index="5" color="16777215" guid="E8DACB75-8165-7996-9160-04D654C1066C">
    <durationSetting countMinimum="1" countTransition="1" countAction="1" countBubble="1" countSpeech="1"/>
    <char id="AVATOR329" index="1" raceCode="1">
      <action face="1" motionface="1">ugc.15688438.stand.xml</action>
      <x>393.5</x>
      <y>216.5</y>
      <xscale>0.93</xscale>
      <yscale>0.93</yscale>
      <rotation>0</rotation>
    </char>
    <effectAsset id="EFFECT47" themecode="common" index="2">
      <effect x="0" y="0" w="550" h="310" rotate="0" id="cut" type="ZOOM" isCut="true" isPan="false"/>
      <x>47</x>
      <y>24</y>
      <width>550</width>
      <height>354</height>
      <speech>0</speech>
    </effectAsset>
  </scene>
  <scene id="SCENE29" adelay="60" lock="N" index="6" color="16777215" guid="E78E11B9-01B4-0FFA-3AEF-0EE55178AD7B">
    <durationSetting countMinimum="1" countTransition="1" countAction="1" countBubble="1" countSpeech="1"/>
    <bubbleAsset id="BUBBLE331" index="1">
      <x>182</x>
      <y>156</y>
      <xscale>1</xscale>
      <yscale>1</yscale>
      <rotation>0</rotation>
      <fx>easeNone</fx>
      <fxdur>0</fxdur>
      <bubble x="0" y="0" w="180" h="90" rotate="0" type="BLANK" hasTail="0" colorStyle="1" autoTextResize="true">
        <body rgb="16777215" shadow="1" bgAlpha="0" linergb="0" tailx="180" taily="110" paddingHorizontal="0" paddingVertical="0"/>
        <text rgb="0" alpha="100" font="Accidental Presidency" size="47" align="center" bold="false" italic="false" embed="true">character:2</text>
        <url target="top"><![CDATA[]]></url>
      </bubble>
    </bubbleAsset>
    <effectAsset id="EFFECT49" themecode="common" index="2">
      <effect x="0" y="0" w="550" h="310" rotate="0" id="cut" type="ZOOM" isCut="true" isPan="false"/>
      <x>47</x>
      <y>24</y>
      <width>550</width>
      <height>354</height>
      <speech>0</speech>
    </effectAsset>
  </scene>
  <scene id="SCENE30" adelay="60" lock="N" index="7" color="16777215" guid="F8D7D71F-DD81-A242-CC2F-769C86186511">
    <durationSetting countMinimum="1" countTransition="1" countAction="1" countBubble="1" countSpeech="1"/>
    <char id="AVATOR332" index="1" raceCode="1">
      <action face="-1" motionface="1">ugc.15689601.stand.xml</action>
      <x>301</x>
      <y>219.4</y>
      <xscale>0.87</xscale>
      <yscale>0.87</yscale>
      <rotation>0</rotation>
    </char>
    <effectAsset id="EFFECT51" themecode="common" index="2">
      <effect x="0" y="0" w="550" h="310" rotate="0" id="cut" type="ZOOM" isCut="true" isPan="false"/>
      <x>47</x>
      <y>24</y>
      <width>550</width>
      <height>354</height>
      <speech>0</speech>
    </effectAsset>
  </scene>
  <scene id="SCENE31" adelay="60" lock="N" index="8" color="16777215" guid="C02DEB57-8F8C-D241-0790-BE46795FB301">
    <durationSetting countMinimum="1" countTransition="1" countAction="1" countBubble="1" countSpeech="1"/>
    <bubbleAsset id="BUBBLE334" index="1">
      <x>182</x>
      <y>156</y>
      <xscale>1</xscale>
      <yscale>1</yscale>
      <rotation>0</rotation>
      <fx>easeNone</fx>
      <fxdur>0</fxdur>
      <bubble x="0" y="0" w="180" h="90" rotate="0" type="BLANK" hasTail="0" colorStyle="1" autoTextResize="true">
        <body rgb="16777215" shadow="1" bgAlpha="0" linergb="0" tailx="180" taily="110" paddingHorizontal="0" paddingVertical="0"/>
        <text rgb="0" alpha="100" font="Accidental Presidency" size="74" align="center" bold="false" italic="false" embed="true">2:talk:1</text>
        <url target="top"><![CDATA[]]></url>
      </bubble>
    </bubbleAsset>
    <effectAsset id="EFFECT53" themecode="common" index="2">
      <effect x="0" y="0" w="550" h="310" rotate="0" id="cut" type="ZOOM" isCut="true" isPan="false"/>
      <x>47</x>
      <y>24</y>
      <width>550</width>
      <height>354</height>
      <speech>0</speech>
    </effectAsset>
  </scene>
  <scene id="SCENE32" adelay="53" lock="Y" index="9" color="16777215" guid="EE32AA01-AF50-649B-EBCE-2AEC411154FC">
    <bg id="cbg_disco_entrance_BG2" index="0">
      <file>custom.disco_bg.swf</file>
    </bg>
    <char id="AVATOR133" index="3" raceCode="1">
      <action face="1" motionface="1">ugc.15688438.stand.xml</action>
      <x>393.5</x>
      <y>216.5</y>
      <xscale>0.93</xscale>
      <yscale>0.93</yscale>
      <rotation>0</rotation>
    </char>
    <char id="AVATOR134" index="4" raceCode="1">
      <action face="-1" motionface="1">ugc.15689601.talk.xml</action>
      <head id="PROP52" raceCode="1">
        <file>ugc.15689601.head.head_neutral.xml</file>
      </head>
      <x>301</x>
      <y>219.4</y>
      <xscale>0.87</xscale>
      <yscale>0.87</yscale>
      <rotation>0</rotation>
    </char>
    <char id="AVATOR137" index="5" raceCode="1">
      <action face="1" motionface="1">ugc.15690034.stand.xml</action>
      <head id="PROP53" raceCode="1">
        <file>ugc.15690034.head.head_talk_happy.xml</file>
      </head>
      <x>593.2</x>
      <y>224.4</y>
      <xscale>0.87</xscale>
      <yscale>0.87</yscale>
      <rotation>0</rotation>
    </char>
    <char id="AVATOR141" index="6" raceCode="1">
      <action face="-1" motionface="1">ugc.15692834.stand.xml</action>
      <x>508.5</x>
      <y>224</y>
      <xscale>0.9</xscale>
      <yscale>0.9</yscale>
      <rotation>0</rotation>
    </char>
    <char id="AVATOR142" index="7" raceCode="1">
      <action face="1" motionface="1">ugc.15693158.talk_phone.xml</action>
      <x>201.5</x>
      <y>218</y>
      <xscale>0.93</xscale>
      <yscale>0.93</yscale>
      <rotation>0</rotation>
    </char>
    <prop id="PROP76" index="1">
      <file>custom.disco_logo.swf</file>
      <x>151.6</x>
      <y>40.1</y>
      <xscale>1</xscale>
      <yscale>1</yscale>
      <face>1</face>
      <rotation>0</rotation>
    </prop>
    <prop id="PROP94" index="2">
      <file>custom.msp_disco_door.msp_disco_door_disco_door_open.swf</file>
      <x>154</x>
      <y>201</y>
      <xscale>1</xscale>
      <yscale>1</yscale>
      <face>1</face>
      <rotation>0</rotation>
    </prop>
    <prop id="PROP103" index="8">
      <file>custom.disco_stand.swf</file>
      <x>363.4</x>
      <y>283.1</y>
      <xscale>1</xscale>
      <yscale>1</yscale>
      <face>1</face>
      <rotation>0</rotation>
    </prop>
    <effectAsset id="EFFECT7" themecode="common" index="9">
      <effect x="0" y="0" w="504.7" h="284.4672727" rotate="0" id="cut" type="ZOOM" isCut="true" isPan="false"/>
      <x>82.2</x>
      <y>36.5783636</y>
      <width>504.7</width>
      <height>324.8432727</height>
      <speech>0</speech>
    </effectAsset>
  </scene>
  <scene id="SCENE33" adelay="60" lock="N" index="10" color="16777215" guid="33915154-6D23-B6AE-B979-9A4E1279C6CD">
    <durationSetting countMinimum="1" countTransition="1" countAction="1" countBubble="1" countSpeech="1"/>
    <bubbleAsset id="BUBBLE336" index="1">
      <x>182</x>
      <y>156</y>
      <xscale>1</xscale>
      <yscale>1</yscale>
      <rotation>0</rotation>
      <fx>easeNone</fx>
      <fxdur>0</fxdur>
      <bubble x="0" y="0" w="180" h="90" rotate="0" type="BLANK" hasTail="0" colorStyle="1" autoTextResize="true">
        <body rgb="16777215" shadow="1" bgAlpha="0" linergb="0" tailx="180" taily="110" paddingHorizontal="0" paddingVertical="0"/>
        <text rgb="0" alpha="100" font="Accidental Presidency" size="74" align="center" bold="false" italic="false" embed="true">2:talk:2</text>
        <url target="top"><![CDATA[]]></url>
      </bubble>
    </bubbleAsset>
    <effectAsset id="EFFECT56" themecode="common" index="2">
      <effect x="0" y="0" w="550" h="310" rotate="0" id="cut" type="ZOOM" isCut="true" isPan="false"/>
      <x>47</x>
      <y>24</y>
      <width>550</width>
      <height>354</height>
      <speech>0</speech>
    </effectAsset>
  </scene>
  <scene id="SCENE34" adelay="70" lock="Y" index="11" color="16777215" guid="36881649-C6CC-680D-A5DB-2A26180D5B1C">
    <char id="AVATOR133" index="2" raceCode="1">
      <action face="1" motionface="1">ugc.15688438.stand.xml</action>
      <x>408.5</x>
      <y>219.5</y>
      <xscale>0.93</xscale>
      <yscale>0.93</yscale>
      <rotation>0</rotation>
    </char>
    <char id="AVATOR134" index="3" raceCode="1">
      <action face="-1" motionface="1">ugc.15689601.talk.xml</action>
      <head id="PROP54" raceCode="1">
        <file>ugc.15689601.head.head_neutral.xml</file>
      </head>
      <x>297</x>
      <y>224.4</y>
      <xscale>0.87</xscale>
      <yscale>0.87</yscale>
      <rotation>0</rotation>
    </char>
    <prop id="PROP64" index="1">
      <file>ugc.17837710.jpg</file>
      <x>352</x>
      <y>161.5</y>
      <xscale>0.23</xscale>
      <yscale>0.23</yscale>
      <face>1</face>
      <rotation>0</rotation>
    </prop>
    <prop id="PROP58" index="4">
      <file>custom.disco_stand.swf</file>
      <x>363.4</x>
      <y>283.1</y>
      <xscale>1</xscale>
      <yscale>1</yscale>
      <face>1</face>
      <rotation>0</rotation>
    </prop>
    <effectAsset id="EFFECT4" themecode="common" index="5">
      <effect x="0" y="0" w="226.8" h="127.8327273" rotate="0" id="cut" type="ZOOM" isCut="true" isPan="false"/>
      <x>237.1</x>
      <y>90.0116364</y>
      <width>226.8</width>
      <height>145.9767273</height>
      <speech>0</speech>
    </effectAsset>
  </scene>
  <scene id="SCENE35" adelay="60" lock="N" index="12" color="16777215" guid="5639D3E7-9F3C-0B43-16D7-2486F47470B3">
    <durationSetting countMinimum="1" countTransition="1" countAction="1" countBubble="1" countSpeech="1"/>
    <bubbleAsset id="BUBBLE337" index="1">
      <x>182</x>
      <y>156</y>
      <xscale>1</xscale>
      <yscale>1</yscale>
      <rotation>0</rotation>
      <fx>easeNone</fx>
      <fxdur>0</fxdur>
      <bubble x="0" y="0" w="180" h="90" rotate="0" type="BLANK" hasTail="0" colorStyle="1" autoTextResize="true">
        <body rgb="16777215" shadow="1" bgAlpha="0" linergb="0" tailx="180" taily="110" paddingHorizontal="0" paddingVertical="0"/>
        <text rgb="0" alpha="100" font="Accidental Presidency" size="74" align="center" bold="false" italic="false" embed="true">2:talk:3</text>
        <url target="top"><![CDATA[]]></url>
      </bubble>
    </bubbleAsset>
    <effectAsset id="EFFECT59" themecode="common" index="2">
      <effect x="0" y="0" w="550" h="310" rotate="0" id="cut" type="ZOOM" isCut="true" isPan="false"/>
      <x>47</x>
      <y>24</y>
      <width>550</width>
      <height>354</height>
      <speech>0</speech>
    </effectAsset>
  </scene>
  <scene id="SCENE36" adelay="60" lock="N" index="13" color="16777215" guid="09641C78-56F4-3ABD-1642-F3517CEF29F2">
    <durationSetting countMinimum="1" countTransition="1" countAction="1" countBubble="1" countSpeech="1"/>
    <char id="AVATOR134" index="2" raceCode="1">
      <action face="-1" motionface="1">ugc.15689601.stand.xml</action>
      <head id="PROP55" raceCode="1">
        <file>ugc.15689601.head.head_neutral.xml</file>
      </head>
      <x>297</x>
      <y>224.4</y>
      <xscale>0.87</xscale>
      <yscale>0.87</yscale>
      <rotation>0</rotation>
    </char>
    <prop id="PROP150" index="1">
      <file>ugc.17530357.jpg</file>
      <x>303.8</x>
      <y>152.2</y>
      <xscale>0.17</xscale>
      <yscale>0.17</yscale>
      <face>1</face>
      <rotation>0</rotation>
    </prop>
    <effectAsset id="EFFECT4" themecode="common" index="3">
      <effect x="0" y="0" w="163.9" h="92.38" rotate="0" id="cut" type="ZOOM" isCut="true" isPan="false"/>
      <x>220.5</x>
      <y>100.304</y>
      <width>163.9</width>
      <height>105.492</height>
      <speech>0</speech>
    </effectAsset>
  </scene>
  <scene id="SCENE37" adelay="60" lock="N" index="14" color="16777215" guid="346B67F5-E57E-A769-B5FE-01819F536632">
    <durationSetting countMinimum="1" countTransition="1" countAction="1" countBubble="1" countSpeech="1"/>
    <bubbleAsset id="BUBBLE335" index="1">
      <x>182</x>
      <y>156</y>
      <xscale>1</xscale>
      <yscale>1</yscale>
      <rotation>0</rotation>
      <fx>easeNone</fx>
      <fxdur>0</fxdur>
      <bubble x="0" y="0" w="180" h="90" rotate="0" type="BLANK" hasTail="0" colorStyle="1" autoTextResize="true">
        <body rgb="16777215" shadow="1" bgAlpha="0" linergb="0" tailx="180" taily="110" paddingHorizontal="0" paddingVertical="0"/>
        <text rgb="0" alpha="100" font="Accidental Presidency" size="74" align="center" bold="false" italic="false" embed="true">1:talk:1</text>
        <url target="top"><![CDATA[]]></url>
      </bubble>
    </bubbleAsset>
    <effectAsset id="EFFECT62" themecode="common" index="2">
      <effect x="0" y="0" w="550" h="310" rotate="0" id="cut" type="ZOOM" isCut="true" isPan="false"/>
      <x>47</x>
      <y>24</y>
      <width>550</width>
      <height>354</height>
      <speech>0</speech>
    </effectAsset>
  </scene>
  <scene id="SCENE38" adelay="115" lock="N" index="15" color="16777215" guid="978005FB-55F3-5D7E-6BD6-3CD8A2392E1B">
    <durationSetting countMinimum="1" countTransition="1" countAction="1" countBubble="1" countSpeech="1"/>
    <bg id="cbg_disco_entrance_BG2" index="0">
      <file>custom.disco_bg.swf</file>
    </bg>
    <char id="AVATOR133" index="3" raceCode="1">
      <action face="1" motionface="1">ugc.15688438.talk.xml</action>
      <head id="PROP56" raceCode="1">
        <file>ugc.15688438.head.head_neutral.xml</file>
      </head>
      <x>393.5</x>
      <y>216.5</y>
      <xscale>0.93</xscale>
      <yscale>0.93</yscale>
      <rotation>0</rotation>
    </char>
    <char id="AVATOR134" index="4" raceCode="1">
      <action face="-1" motionface="1">ugc.15689601.stand.xml</action>
      <x>301</x>
      <y>219.4</y>
      <xscale>0.87</xscale>
      <yscale>0.87</yscale>
      <rotation>0</rotation>
    </char>
    <char id="AVATOR137" index="5" raceCode="1">
      <action face="1" motionface="1">ugc.15690034.stand.xml</action>
      <head id="PROP59" raceCode="1">
        <file>ugc.15690034.head.head_talk_happy.xml</file>
      </head>
      <x>593.2</x>
      <y>224.4</y>
      <xscale>0.87</xscale>
      <yscale>0.87</yscale>
      <rotation>0</rotation>
    </char>
    <char id="AVATOR141" index="6" raceCode="1">
      <action face="-1" motionface="1">ugc.15692834.stand.xml</action>
      <x>508.5</x>
      <y>224</y>
      <xscale>0.9</xscale>
      <yscale>0.9</yscale>
      <rotation>0</rotation>
    </char>
    <char id="AVATOR142" index="7" raceCode="1">
      <action face="1" motionface="1">ugc.15693158.talk_phone.xml</action>
      <x>201.5</x>
      <y>218</y>
      <xscale>0.93</xscale>
      <yscale>0.93</yscale>
      <rotation>0</rotation>
    </char>
    <prop id="PROP116" index="1">
      <file>custom.disco_logo.swf</file>
      <x>151.6</x>
      <y>40.1</y>
      <xscale>1</xscale>
      <yscale>1</yscale>
      <face>1</face>
      <rotation>0</rotation>
    </prop>
    <prop id="PROP117" index="2">
      <file>custom.msp_disco_door.msp_disco_door_disco_door_open.swf</file>
      <x>154</x>
      <y>201</y>
      <xscale>1</xscale>
      <yscale>1</yscale>
      <face>1</face>
      <rotation>0</rotation>
    </prop>
    <prop id="PROP124" index="8">
      <file>custom.disco_stand.swf</file>
      <x>363.4</x>
      <y>283.1</y>
      <xscale>1</xscale>
      <yscale>1</yscale>
      <face>1</face>
      <rotation>0</rotation>
    </prop>
    <effectAsset id="EFFECT7" themecode="common" index="9">
      <effect x="0" y="0" w="504.7" h="284.4672727" rotate="0" id="cut" type="ZOOM" isCut="true" isPan="false"/>
      <x>82.2</x>
      <y>36.5783636</y>
      <width>504.7</width>
      <height>324.8432727</height>
      <speech>0</speech>
    </effectAsset>
  </scene>
  <scene id="SCENE39" adelay="60" lock="N" index="16" color="16777215" guid="A788CDF8-38C8-8E24-1AFD-4818877C396F">
    <durationSetting countMinimum="1" countTransition="1" countAction="1" countBubble="1" countSpeech="1"/>
    <bubbleAsset id="BUBBLE493" index="1">
      <x>182</x>
      <y>156</y>
      <xscale>1</xscale>
      <yscale>1</yscale>
      <rotation>0</rotation>
      <fx>easeNone</fx>
      <fxdur>0</fxdur>
      <bubble x="0" y="0" w="180" h="90" rotate="0" type="BLANK" hasTail="0" colorStyle="1" autoTextResize="true">
        <body rgb="16777215" shadow="1" bgAlpha="0" linergb="0" tailx="180" taily="110" paddingHorizontal="0" paddingVertical="0"/>
        <text rgb="0" alpha="100" font="Accidental Presidency" size="74" align="center" bold="false" italic="false" embed="true">1:talk:2</text>
        <url target="top"><![CDATA[]]></url>
      </bubble>
    </bubbleAsset>
    <effectAsset id="EFFECT65" themecode="common" index="2">
      <effect x="0" y="0" w="550" h="310" rotate="0" id="cut" type="ZOOM" isCut="true" isPan="false"/>
      <x>47</x>
      <y>24</y>
      <width>550</width>
      <height>354</height>
      <speech>0</speech>
    </effectAsset>
  </scene>
  <scene id="SCENE40" adelay="101" lock="N" index="17" color="16777215" guid="FFB14752-44C6-344A-D788-459477CEDE0A">
    <durationSetting countMinimum="1" countTransition="1" countAction="1" countBubble="1" countSpeech="1"/>
    <char id="AVATOR133" index="2" raceCode="1">
      <action face="1" motionface="1">ugc.15688438.talk.xml</action>
      <head id="PROP61" raceCode="1">
        <file>ugc.15688438.head.head_neutral.xml</file>
      </head>
      <x>408.5</x>
      <y>219.5</y>
      <xscale>0.93</xscale>
      <yscale>0.93</yscale>
      <rotation>0</rotation>
    </char>
    <char id="AVATOR134" index="3" raceCode="1">
      <action face="-1" motionface="1">ugc.15689601.stand.xml</action>
      <x>297</x>
      <y>224.4</y>
      <xscale>0.87</xscale>
      <yscale>0.87</yscale>
      <rotation>0</rotation>
    </char>
    <prop id="PROP106" index="1">
      <file>ugc.17837710.jpg</file>
      <x>352</x>
      <y>161.5</y>
      <xscale>0.23</xscale>
      <yscale>0.23</yscale>
      <face>1</face>
      <rotation>0</rotation>
    </prop>
    <prop id="PROP111" index="4">
      <file>custom.disco_stand.swf</file>
      <x>363.4</x>
      <y>283.1</y>
      <xscale>1</xscale>
      <yscale>1</yscale>
      <face>1</face>
      <rotation>0</rotation>
    </prop>
    <effectAsset id="EFFECT4" themecode="common" index="5">
      <effect x="0" y="0" w="226.8" h="127.8327273" rotate="0" id="cut" type="ZOOM" isCut="true" isPan="false"/>
      <x>237.1</x>
      <y>90.0116364</y>
      <width>226.8</width>
      <height>145.9767273</height>
      <speech>0</speech>
    </effectAsset>
  </scene>
  <scene id="SCENE41" adelay="60" lock="N" index="18" color="16777215" guid="D614A988-AD87-EA78-63EB-F1153A3CC39B">
    <durationSetting countMinimum="1" countTransition="1" countAction="1" countBubble="1" countSpeech="1"/>
    <bubbleAsset id="BUBBLE338" index="1">
      <x>182</x>
      <y>156</y>
      <xscale>1</xscale>
      <yscale>1</yscale>
      <rotation>0</rotation>
      <fx>easeNone</fx>
      <fxdur>0</fxdur>
      <bubble x="0" y="0" w="180" h="90" rotate="0" type="BLANK" hasTail="0" colorStyle="1" autoTextResize="true">
        <body rgb="16777215" shadow="1" bgAlpha="0" linergb="0" tailx="180" taily="110" paddingHorizontal="0" paddingVertical="0"/>
        <text rgb="0" alpha="100" font="Accidental Presidency" size="74" align="center" bold="false" italic="false" embed="true">1:talk:3</text>
        <url target="top"><![CDATA[]]></url>
      </bubble>
    </bubbleAsset>
    <effectAsset id="EFFECT68" themecode="common" index="2">
      <effect x="0" y="0" w="550" h="310" rotate="0" id="cut" type="ZOOM" isCut="true" isPan="false"/>
      <x>47</x>
      <y>24</y>
      <width>550</width>
      <height>354</height>
      <speech>0</speech>
    </effectAsset>
  </scene>
  <scene id="SCENE42" adelay="60" lock="N" index="19" color="16777215" guid="832FFA8E-92C9-D9EF-4E8E-EBADA0534D8D">
    <durationSetting countMinimum="1" countTransition="1" countAction="1" countBubble="1" countSpeech="1"/>
    <char id="AVATOR133" index="2" raceCode="1">
      <action face="1" motionface="1">ugc.15688438.stand.xml</action>
      <head id="PROP63" raceCode="1">
        <file>ugc.15688438.head.head_neutral.xml</file>
      </head>
      <x>309.5</x>
      <y>224.5</y>
      <xscale>0.93</xscale>
      <yscale>0.93</yscale>
      <rotation>0</rotation>
    </char>
    <prop id="PROP113" index="1">
      <file>ugc.22875104.jpg</file>
      <x>303.7</x>
      <y>155.7</y>
      <xscale>0.2</xscale>
      <yscale>0.2</yscale>
      <face>1</face>
      <rotation>0</rotation>
    </prop>
    <effectAsset id="EFFECT4" themecode="common" index="3">
      <effect x="0" y="0" w="196.7" h="110.8672727" rotate="0" id="cut" type="ZOOM" isCut="true" isPan="false"/>
      <x>204.1</x>
      <y>89.7983636</y>
      <width>196.7</width>
      <height>126.6032727</height>
      <speech>0</speech>
    </effectAsset>
  </scene>
  <scene id="SCENE43" adelay="60" lock="N" index="20" color="16777215" guid="E5ED8C50-A982-FEBC-9D8B-2021B6F1D247">
    <durationSetting countMinimum="1" countTransition="1" countAction="1" countBubble="1" countSpeech="1"/>
    <bubbleAsset id="BUBBLE339" index="1">
      <x>182</x>
      <y>156</y>
      <xscale>1</xscale>
      <yscale>1</yscale>
      <rotation>0</rotation>
      <fx>easeNone</fx>
      <fxdur>0</fxdur>
      <bubble x="0" y="0" w="180" h="90" rotate="0" type="BLANK" hasTail="0" colorStyle="1" autoTextResize="true">
        <body rgb="16777215" shadow="1" bgAlpha="0" linergb="0" tailx="180" taily="110" paddingHorizontal="0" paddingVertical="0"/>
        <text rgb="0" alpha="100" font="Accidental Presidency" size="65" align="center" bold="false" italic="false" embed="true">closing:1</text>
        <url target="top"><![CDATA[]]></url>
      </bubble>
    </bubbleAsset>
    <effectAsset id="EFFECT71" themecode="common" index="2">
      <effect x="0" y="0" w="550" h="310" rotate="0" id="cut" type="ZOOM" isCut="true" isPan="false"/>
      <x>47</x>
      <y>24</y>
      <width>550</width>
      <height>354</height>
      <speech>0</speech>
    </effectAsset>
  </scene>
  <scene id="SCENE44" adelay="70" lock="Y" index="21" color="16777215" guid="A2C6BD87-66F4-FCDB-94D5-B4D3BF8E337A">
    <bg id="cbg_disco_entrance_BG2" index="0">
      <file>custom.disco_bg.swf</file>
    </bg>
    <char id="AVATOR133" index="3" raceCode="1">
      <action face="1" motionface="1">ugc.15688438.stand.xml</action>
      <x>393.5</x>
      <y>216.5</y>
      <xscale>0.93</xscale>
      <yscale>0.93</yscale>
      <rotation>0</rotation>
    </char>
    <char id="AVATOR134" index="4" raceCode="1">
      <action face="-1" motionface="1">ugc.15689601.stand.xml</action>
      <x>301</x>
      <y>219.4</y>
      <xscale>0.87</xscale>
      <yscale>0.87</yscale>
      <rotation>0</rotation>
    </char>
    <char id="AVATOR137" index="5" raceCode="1">
      <action face="1" motionface="1">ugc.15690034.stand.xml</action>
      <head id="PROP65" raceCode="1">
        <file>ugc.15690034.head.head_talk_happy.xml</file>
      </head>
      <x>593.2</x>
      <y>224.4</y>
      <xscale>0.87</xscale>
      <yscale>0.87</yscale>
      <rotation>0</rotation>
    </char>
    <char id="AVATOR141" index="6" raceCode="1">
      <action face="-1" motionface="1">ugc.15692834.stand.xml</action>
      <x>508.5</x>
      <y>224</y>
      <xscale>0.9</xscale>
      <yscale>0.9</yscale>
      <rotation>0</rotation>
    </char>
    <char id="AVATOR142" index="7" raceCode="1">
      <action face="1" motionface="1">ugc.15693158.talk_phone.xml</action>
      <x>201.5</x>
      <y>218</y>
      <xscale>0.93</xscale>
      <yscale>0.93</yscale>
      <rotation>0</rotation>
    </char>
    <prop id="PROP92" index="1">
      <file>custom.disco_logo.swf</file>
      <x>151.6</x>
      <y>40.1</y>
      <xscale>1</xscale>
      <yscale>1</yscale>
      <face>1</face>
      <rotation>0</rotation>
    </prop>
    <prop id="PROP93" index="2">
      <file>custom.msp_disco_door.msp_disco_door_disco_door_open.swf</file>
      <x>154</x>
      <y>201</y>
      <xscale>1</xscale>
      <yscale>1</yscale>
      <face>1</face>
      <rotation>0</rotation>
    </prop>
    <prop id="PROP104" index="8">
      <file>custom.disco_stand.swf</file>
      <x>363.4</x>
      <y>283.1</y>
      <xscale>1</xscale>
      <yscale>1</yscale>
      <face>1</face>
      <rotation>0</rotation>
    </prop>
    <effectAsset id="EFFECT10" themecode="common" index="9">
      <effect x="0" y="0" w="550" h="310" rotate="0" id="fadeOutEx" type="FADING" isIn="false" isOut="true"/>
      <x>47</x>
      <y>24</y>
      <width>550</width>
      <height>354</height>
      <speech>0</speech>
    </effectAsset>
    <effectAsset id="EFFECT7" themecode="common" index="10">
      <effect x="0" y="0" w="504.7" h="284.4672727" rotate="0" id="zoom" type="ZOOM" isCut="false" isPan="false"/>
      <x>82.2</x>
      <y>36.5783636</y>
      <width>504.7</width>
      <height>324.8432727</height>
      <speech>0</speech>
    </effectAsset>
  </scene>
</film>
