<?xml version="1.0" encoding="utf-8"?>
<theme id="ugc" name="ugc">
    <char id="15688438" name="Untitled" published="0" facing="left" thumb="stand.xml" default="stand.xml" motion="walk.xml" isCC="Y" is_premium="N" money="0" sharing="0" cc_theme_id="family"><tags/><action id="stand.xml" name="Stand" loop="Y" totalframe="1" enable="Y"/><motion id="walk.xml" name="Walk" loop="Y" totalframe="24" enable="Y"/><motion id="run.xml" name="Run" loop="Y" totalframe="20" enable="Y"/><action id="sit.xml" name="Sit" loop="Y" totalframe="1" enable="Y"/><action id="lie.xml" name="Lie down" loop="Y" totalframe="1" enable="Y"/><action id="kneel.xml" name="Kneel down" loop="Y" totalframe="1" enable="Y"/><action id="xarms.xml" name="Crossed arms" loop="Y" totalframe="1" enable="Y"/><category name="emotion"><action id="excited.xml" name="Excited / Cheers" loop="Y" totalframe="80" enable="Y"/><action id="taunt.xml" name="Taunt" loop="Y" totalframe="60" enable="Y"/><action id="chuckle.xml" name="Chuckle" loop="Y" totalframe="6" enable="Y"/><action id="laugh.xml" name="Laugh" loop="Y" totalframe="6" enable="Y"/><action id="sad.xml" name="Sad" loop="Y" totalframe="60" enable="Y"/><action id="fearful.xml" name="Fearful" loop="Y" totalframe="60" enable="Y"/></category><action id="pt_at.xml" name="Point at" loop="Y" totalframe="30" enable="Y"/><action id="talk_phone.xml" name="Talk on phone" loop="Y" totalframe="115" enable="Y"/><action id="dance.xml" name="Dance" loop="Y" totalframe="23" enable="Y"/><action id="talk.xml" name="Talk" loop="Y" totalframe="100" enable="Y"/><facial id="head_talk_a.xml" name="Talk neutral A" enable="Y"/><facial id="head_talk_b.xml" name="Talk neutral B" enable="Y"/><facial id="head_talk_angry.xml" name="Talk angry" enable="Y"/><facial id="head_talk_happy.xml" name="Talk happy" enable="Y"/><facial id="head_talk_sad.xml" name="Talk sad" enable="Y"/><facial id="head_happy.xml" name="Happy" enable="Y"/><facial id="head_sad.xml" name="Sad" enable="Y"/><facial id="head_angry.xml" name="Angry" enable="Y"/><facial id="head_neutral.xml" name="Neutral" enable="Y"/><facial id="head_laugh.xml" name="Laugh" enable="Y"/><facial id="head_cry.xml" name="Cry" enable="Y"/><facial id="head_shocked.xml" name="Shocked" enable="Y"/><facial id="head_surprised.xml" name="Surprised" enable="Y"/><facial id="head_thinking.xml" name="Thinking" enable="Y"/><facial id="head_sick.xml" name="Sick" enable="Y"/><facial id="head_asleep.xml" name="Asleep" enable="Y"/><facial id="head_yawn.xml" name="Yawn" enable="Y"/><facial id="head_chewing.xml" name="Chewing" enable="Y"/><facial id="head_disgusted.xml" name="Disgusted" enable="Y"/><facial id="head_schemeing.xml" name="Schemeing" enable="Y"/><facial id="head_talk_cry.xml" name="Talk while crying" enable="Y"/><facial id="head_taunt.xml" name="Taunt" enable="Y"/><colorset enable="Y"><color r="ccSkinColor" oc="0xFFE1C4">0xFFCE95</color><color r="ccEyeLib">0xFFCE95</color><color r="ccEyeIris">0x000000</color><color r="ccGlassesFrame">0xBE10B0</color><color r="ccGlassesLens">0x737373</color><color r="ccMouthLip">0x891258</color><color r="ccMustache">0x000000</color><color r="ccBeard">0xFFFFFF</color><color r="ccEyebrow">0x996633</color><color r="ccHairMajor">0x996633</color><color r="ccHairMinor">0x640F0F</color><color r="ccUpperMain" oc="0x336699">0x333333</color><color r="ccUpperMinor" oc="0xE5E5E5">0xFFFFFF</color><color r="ccLowerMain" oc="0xCCBC9A">0x336699</color><color r="ccLowerMinor" oc="0xEEEEEE">0xFFFFFF</color></colorset><c_parts><c_area oc="0xFFE1C4">ccSkinColor</c_area><c_area>ccEyeLib</c_area><c_area>ccEyeIris</c_area><c_area>ccGlassesFrame</c_area><c_area>ccGlassesLens</c_area><c_area>ccMouthLip</c_area><c_area>ccMustache</c_area><c_area>ccBeard</c_area><c_area>ccEyebrow</c_area><c_area>ccHairMajor</c_area><c_area>ccHairMinor</c_area><c_area oc="0x336699">ccUpperMain</c_area><c_area oc="0xE5E5E5">ccUpperMinor</c_area><c_area oc="0xCCBC9A">ccLowerMain</c_area><c_area oc="0xEEEEEE">ccLowerMinor</c_area></c_parts></char>
    <char id="15689601" name="Untitled" published="0" facing="left" thumb="stand.xml" default="stand.xml" motion="walk.xml" isCC="Y" is_premium="N" money="0" sharing="0" cc_theme_id="family"><tags/><action id="stand.xml" name="Stand" loop="Y" totalframe="1" enable="Y"/><motion id="walk.xml" name="Walk" loop="Y" totalframe="21" enable="Y"/><motion id="run.xml" name="Run" loop="Y" totalframe="20" enable="Y"/><action id="sit.xml" name="Sit" loop="Y" totalframe="1" enable="Y"/><action id="lie.xml" name="Lie down" loop="Y" totalframe="60" enable="Y"/><action id="kneel.xml" name="Kneel down" loop="Y" totalframe="100" enable="Y"/><action id="xarms.xml" name="Crossed arms" loop="Y" totalframe="1" enable="Y"/><category name="emotion"><action id="excited.xml" name="Excited / Cheers" loop="Y" totalframe="50" enable="Y"/><action id="taunt.xml" name="Taunt" loop="Y" totalframe="106" enable="Y"/><action id="chuckle.xml" name="Chuckle" loop="Y" totalframe="79" enable="Y"/><action id="laugh.xml" name="Laugh" loop="Y" totalframe="70" enable="Y"/><action id="sad.xml" name="Sad" loop="Y" totalframe="100" enable="Y"/><action id="fearful.xml" name="Fearful" loop="Y" totalframe="50" enable="Y"/></category><action id="pt_at.xml" name="Point at" loop="Y" totalframe="60" enable="Y"/><action id="talk_phone.xml" name="Talk on phone" loop="Y" totalframe="110" enable="Y"/><action id="dance.xml" name="Dance" loop="Y" totalframe="66" enable="Y"/><action id="talk.xml" name="Talk" loop="Y" totalframe="125" enable="Y"/><facial id="head_talk_a.xml" name="Talk neutral A" enable="Y"/><facial id="head_talk_b.xml" name="Talk neutral B" enable="Y"/><facial id="head_talk_angry.xml" name="Talk angry" enable="Y"/><facial id="head_talk_happy.xml" name="Talk happy" enable="Y"/><facial id="head_talk_sad.xml" name="Talk sad" enable="Y"/><facial id="head_happy.xml" name="Happy" enable="Y"/><facial id="head_sad.xml" name="Sad" enable="Y"/><facial id="head_angry.xml" name="Angry" enable="Y"/><facial id="head_neutral.xml" name="Neutral" enable="Y"/><facial id="head_laugh.xml" name="Laugh" enable="Y"/><facial id="head_cry.xml" name="Cry" enable="Y"/><facial id="head_shocked.xml" name="Shocked" enable="Y"/><facial id="head_surprised.xml" name="Surprised" enable="Y"/><facial id="head_thinking.xml" name="Thinking" enable="Y"/><facial id="head_sick.xml" name="Sick" enable="Y"/><facial id="head_asleep.xml" name="Asleep" enable="Y"/><facial id="head_yawn.xml" name="Yawn" enable="Y"/><facial id="head_chewing.xml" name="Chewing" enable="Y"/><facial id="head_disgusted.xml" name="Disgusted" enable="Y"/><facial id="head_schemeing.xml" name="Schemeing" enable="Y"/><facial id="head_talk_cry.xml" name="Talk while crying" enable="Y"/><facial id="head_taunt.xml" name="Taunt" enable="Y"/><colorset enable="Y"><color r="ccSkinColor" oc="0xFFE1C4">0xFFCE95</color><color r="ccEyeLib">0xFD8E6D</color><color r="ccEyeIris">0x000000</color><color r="ccGlassesFrame">0xFF0000</color><color r="ccGlassesLens">0xFF0000</color><color r="ccMouthLip">0xFF6666</color><color r="ccMustache">0x8B6F18</color><color r="ccBeard">0xC29B22</color><color r="ccEyebrow">0x000000</color><color r="ccHairMajor">0x431D09</color><color r="ccHairMinor">0x8B6F18</color><color r="ccUpperMain" oc="0x336699">0xFFFFFF</color><color r="ccUpperMinor" oc="0xE5E5E5">0x333333</color><color r="ccLowerMain" oc="0xCCBC9A">0x333333</color><color r="ccLowerMinor" oc="0xEEEEEE">0x666666</color></colorset><c_parts><c_area oc="0xFFE1C4">ccSkinColor</c_area><c_area>ccEyeLib</c_area><c_area>ccEyeIris</c_area><c_area>ccGlassesFrame</c_area><c_area>ccGlassesLens</c_area><c_area>ccMouthLip</c_area><c_area>ccMustache</c_area><c_area>ccBeard</c_area><c_area>ccEyebrow</c_area><c_area>ccHairMajor</c_area><c_area>ccHairMinor</c_area><c_area oc="0x336699">ccUpperMain</c_area><c_area oc="0xE5E5E5">ccUpperMinor</c_area><c_area oc="0xCCBC9A">ccLowerMain</c_area><c_area oc="0xEEEEEE">ccLowerMinor</c_area></c_parts></char>
    <char id="15690034" name="Untitled" published="0" facing="left" thumb="stand.xml" default="stand.xml" motion="walk.xml" isCC="Y" is_premium="N" money="0" sharing="0" cc_theme_id="family"><tags/><action id="stand.xml" name="Stand" loop="Y" totalframe="1" enable="Y"/><motion id="walk.xml" name="Walk" loop="Y" totalframe="24" enable="Y"/><motion id="run.xml" name="Run" loop="Y" totalframe="20" enable="Y"/><action id="sit.xml" name="Sit" loop="Y" totalframe="1" enable="Y"/><action id="lie.xml" name="Lie down" loop="Y" totalframe="1" enable="Y"/><action id="kneel.xml" name="Kneel down" loop="Y" totalframe="1" enable="Y"/><action id="xarms.xml" name="Crossed arms" loop="Y" totalframe="1" enable="Y"/><category name="emotion"><action id="excited.xml" name="Excited / Cheers" loop="Y" totalframe="80" enable="Y"/><action id="taunt.xml" name="Taunt" loop="Y" totalframe="60" enable="Y"/><action id="chuckle.xml" name="Chuckle" loop="Y" totalframe="6" enable="Y"/><action id="laugh.xml" name="Laugh" loop="Y" totalframe="6" enable="Y"/><action id="sad.xml" name="Sad" loop="Y" totalframe="60" enable="Y"/><action id="fearful.xml" name="Fearful" loop="Y" totalframe="60" enable="Y"/></category><action id="pt_at.xml" name="Point at" loop="Y" totalframe="30" enable="Y"/><action id="talk_phone.xml" name="Talk on phone" loop="Y" totalframe="115" enable="Y"/><action id="dance.xml" name="Dance" loop="Y" totalframe="23" enable="Y"/><action id="talk.xml" name="Talk" loop="Y" totalframe="100" enable="Y"/><facial id="head_talk_a.xml" name="Talk neutral A" enable="Y"/><facial id="head_talk_b.xml" name="Talk neutral B" enable="Y"/><facial id="head_talk_angry.xml" name="Talk angry" enable="Y"/><facial id="head_talk_happy.xml" name="Talk happy" enable="Y"/><facial id="head_talk_sad.xml" name="Talk sad" enable="Y"/><facial id="head_happy.xml" name="Happy" enable="Y"/><facial id="head_sad.xml" name="Sad" enable="Y"/><facial id="head_angry.xml" name="Angry" enable="Y"/><facial id="head_neutral.xml" name="Neutral" enable="Y"/><facial id="head_laugh.xml" name="Laugh" enable="Y"/><facial id="head_cry.xml" name="Cry" enable="Y"/><facial id="head_shocked.xml" name="Shocked" enable="Y"/><facial id="head_surprised.xml" name="Surprised" enable="Y"/><facial id="head_thinking.xml" name="Thinking" enable="Y"/><facial id="head_sick.xml" name="Sick" enable="Y"/><facial id="head_asleep.xml" name="Asleep" enable="Y"/><facial id="head_yawn.xml" name="Yawn" enable="Y"/><facial id="head_chewing.xml" name="Chewing" enable="Y"/><facial id="head_disgusted.xml" name="Disgusted" enable="Y"/><facial id="head_schemeing.xml" name="Schemeing" enable="Y"/><facial id="head_talk_cry.xml" name="Talk while crying" enable="Y"/><facial id="head_taunt.xml" name="Taunt" enable="Y"/><colorset enable="Y"><color r="ccSkinColor" oc="0xFFE1C4">0xFFCE95</color><color r="ccEyeLib">0xFFCE95</color><color r="ccEyeIris">0x000000</color><color r="ccGlassesFrame">0xE01B0C</color><color r="ccGlassesLens">0x872914</color><color r="ccMouthLip">0xCA3030</color><color r="ccMustache">0xC29B22</color><color r="ccBeard">0xC29B22</color><color r="ccEyebrow">0x360202</color><color r="ccHairMajor">0x360202</color><color r="ccHairMinor">0xC1BFB8</color><color r="ccUpperMain" oc="0x336699">0x006699</color><color r="ccUpperMinor" oc="0xE5E5E5">0xFFFFFF</color><color r="ccLowerMain" oc="0xCCBC9A">0x666666</color><color r="ccLowerMinor" oc="0xEEEEEE">0x333333</color></colorset><c_parts><c_area oc="0xFFE1C4">ccSkinColor</c_area><c_area>ccEyeLib</c_area><c_area>ccEyeIris</c_area><c_area>ccGlassesFrame</c_area><c_area>ccGlassesLens</c_area><c_area>ccMouthLip</c_area><c_area>ccMustache</c_area><c_area>ccBeard</c_area><c_area>ccEyebrow</c_area><c_area>ccHairMajor</c_area><c_area>ccHairMinor</c_area><c_area oc="0x336699">ccUpperMain</c_area><c_area oc="0xE5E5E5">ccUpperMinor</c_area><c_area oc="0xCCBC9A">ccLowerMain</c_area><c_area oc="0xEEEEEE">ccLowerMinor</c_area></c_parts></char>
    <char id="15692834" name="Untitled" published="0" facing="left" thumb="stand.xml" default="stand.xml" motion="walk.xml" isCC="Y" is_premium="N" money="0" sharing="0" cc_theme_id="family"><tags/><action id="stand.xml" name="Stand" loop="Y" totalframe="1" enable="Y"/><motion id="walk.xml" name="Walk" loop="Y" totalframe="21" enable="Y"/><motion id="run.xml" name="Run" loop="Y" totalframe="20" enable="Y"/><action id="sit.xml" name="Sit" loop="Y" totalframe="1" enable="Y"/><action id="lie.xml" name="Lie down" loop="Y" totalframe="60" enable="Y"/><action id="kneel.xml" name="Kneel down" loop="Y" totalframe="100" enable="Y"/><action id="xarms.xml" name="Crossed arms" loop="Y" totalframe="1" enable="Y"/><category name="emotion"><action id="excited.xml" name="Excited / Cheers" loop="Y" totalframe="50" enable="Y"/><action id="taunt.xml" name="Taunt" loop="Y" totalframe="106" enable="Y"/><action id="chuckle.xml" name="Chuckle" loop="Y" totalframe="79" enable="Y"/><action id="laugh.xml" name="Laugh" loop="Y" totalframe="70" enable="Y"/><action id="sad.xml" name="Sad" loop="Y" totalframe="100" enable="Y"/><action id="fearful.xml" name="Fearful" loop="Y" totalframe="50" enable="Y"/></category><action id="pt_at.xml" name="Point at" loop="Y" totalframe="60" enable="Y"/><action id="talk_phone.xml" name="Talk on phone" loop="Y" totalframe="110" enable="Y"/><action id="dance.xml" name="Dance" loop="Y" totalframe="66" enable="Y"/><action id="talk.xml" name="Talk" loop="Y" totalframe="125" enable="Y"/><facial id="head_talk_a.xml" name="Talk neutral A" enable="Y"/><facial id="head_talk_b.xml" name="Talk neutral B" enable="Y"/><facial id="head_talk_angry.xml" name="Talk angry" enable="Y"/><facial id="head_talk_happy.xml" name="Talk happy" enable="Y"/><facial id="head_talk_sad.xml" name="Talk sad" enable="Y"/><facial id="head_happy.xml" name="Happy" enable="Y"/><facial id="head_sad.xml" name="Sad" enable="Y"/><facial id="head_angry.xml" name="Angry" enable="Y"/><facial id="head_neutral.xml" name="Neutral" enable="Y"/><facial id="head_laugh.xml" name="Laugh" enable="Y"/><facial id="head_cry.xml" name="Cry" enable="Y"/><facial id="head_shocked.xml" name="Shocked" enable="Y"/><facial id="head_surprised.xml" name="Surprised" enable="Y"/><facial id="head_thinking.xml" name="Thinking" enable="Y"/><facial id="head_sick.xml" name="Sick" enable="Y"/><facial id="head_asleep.xml" name="Asleep" enable="Y"/><facial id="head_yawn.xml" name="Yawn" enable="Y"/><facial id="head_chewing.xml" name="Chewing" enable="Y"/><facial id="head_disgusted.xml" name="Disgusted" enable="Y"/><facial id="head_schemeing.xml" name="Schemeing" enable="Y"/><facial id="head_talk_cry.xml" name="Talk while crying" enable="Y"/><facial id="head_taunt.xml" name="Taunt" enable="Y"/><colorset enable="Y"><color r="ccSkinColor" oc="0xFFE1C4">0xFEBD9D</color><color r="ccEyeLib">0xFEBD9D</color><color r="ccEyeIris">0x480808</color><color r="ccGlassesFrame">0x000000</color><color r="ccGlassesLens">0x737373</color><color r="ccMouthLip">0xFF6666</color><color r="ccMustache">0x360202</color><color r="ccBeard">0xC29B22</color><color r="ccEyebrow">0x000000</color><color r="ccHairMajor">0x663300</color><color r="ccHairMinor">0x660066</color><color r="ccUpperMain" oc="0x336699">0x336633</color><color r="ccUpperMinor" oc="0xE5E5E5">0x66CC66</color><color r="ccLowerMain" oc="0xCCBC9A">0x333300</color><color r="ccLowerMinor" oc="0xEEEEEE">0x333333</color><color r="ccDecMajor" targetComponent="ID719">0x360202</color></colorset><c_parts><c_area oc="0xFFE1C4">ccSkinColor</c_area><c_area>ccEyeLib</c_area><c_area>ccEyeIris</c_area><c_area>ccGlassesFrame</c_area><c_area>ccGlassesLens</c_area><c_area>ccMouthLip</c_area><c_area>ccMustache</c_area><c_area>ccBeard</c_area><c_area>ccEyebrow</c_area><c_area>ccHairMajor</c_area><c_area>ccHairMinor</c_area><c_area oc="0x336699">ccUpperMain</c_area><c_area oc="0xE5E5E5">ccUpperMinor</c_area><c_area oc="0xCCBC9A">ccLowerMain</c_area><c_area oc="0xEEEEEE">ccLowerMinor</c_area><c_area>ccDecMajor</c_area></c_parts></char>
    <char id="15693158" name="Untitled" published="0" facing="left" thumb="stand.xml" default="stand.xml" motion="walk.xml" isCC="Y" is_premium="N" money="0" sharing="0" cc_theme_id="family"><tags/><action id="stand.xml" name="Stand" loop="Y" totalframe="1" enable="Y"/><motion id="walk.xml" name="Walk" loop="Y" totalframe="24" enable="Y"/><motion id="run.xml" name="Run" loop="Y" totalframe="20" enable="Y"/><action id="sit.xml" name="Sit" loop="Y" totalframe="1" enable="Y"/><action id="lie.xml" name="Lie down" loop="Y" totalframe="1" enable="Y"/><action id="kneel.xml" name="Kneel down" loop="Y" totalframe="1" enable="Y"/><action id="xarms.xml" name="Crossed arms" loop="Y" totalframe="1" enable="Y"/><category name="emotion"><action id="excited.xml" name="Excited / Cheers" loop="Y" totalframe="80" enable="Y"/><action id="taunt.xml" name="Taunt" loop="Y" totalframe="60" enable="Y"/><action id="chuckle.xml" name="Chuckle" loop="Y" totalframe="6" enable="Y"/><action id="laugh.xml" name="Laugh" loop="Y" totalframe="6" enable="Y"/><action id="sad.xml" name="Sad" loop="Y" totalframe="60" enable="Y"/><action id="fearful.xml" name="Fearful" loop="Y" totalframe="60" enable="Y"/></category><action id="pt_at.xml" name="Point at" loop="Y" totalframe="30" enable="Y"/><action id="talk_phone.xml" name="Talk on phone" loop="Y" totalframe="115" enable="Y"/><action id="dance.xml" name="Dance" loop="Y" totalframe="23" enable="Y"/><action id="talk.xml" name="Talk" loop="Y" totalframe="100" enable="Y"/><facial id="head_talk_a.xml" name="Talk neutral A" enable="Y"/><facial id="head_talk_b.xml" name="Talk neutral B" enable="Y"/><facial id="head_talk_angry.xml" name="Talk angry" enable="Y"/><facial id="head_talk_happy.xml" name="Talk happy" enable="Y"/><facial id="head_talk_sad.xml" name="Talk sad" enable="Y"/><facial id="head_happy.xml" name="Happy" enable="Y"/><facial id="head_sad.xml" name="Sad" enable="Y"/><facial id="head_angry.xml" name="Angry" enable="Y"/><facial id="head_neutral.xml" name="Neutral" enable="Y"/><facial id="head_laugh.xml" name="Laugh" enable="Y"/><facial id="head_cry.xml" name="Cry" enable="Y"/><facial id="head_shocked.xml" name="Shocked" enable="Y"/><facial id="head_surprised.xml" name="Surprised" enable="Y"/><facial id="head_thinking.xml" name="Thinking" enable="Y"/><facial id="head_sick.xml" name="Sick" enable="Y"/><facial id="head_asleep.xml" name="Asleep" enable="Y"/><facial id="head_yawn.xml" name="Yawn" enable="Y"/><facial id="head_chewing.xml" name="Chewing" enable="Y"/><facial id="head_disgusted.xml" name="Disgusted" enable="Y"/><facial id="head_schemeing.xml" name="Schemeing" enable="Y"/><facial id="head_talk_cry.xml" name="Talk while crying" enable="Y"/><facial id="head_taunt.xml" name="Taunt" enable="Y"/><colorset enable="Y"><color r="ccSkinColor" oc="0xFFE1C4">0xFEBD9D</color><color r="ccEyeLib">0xFEBD9D</color><color r="ccEyeIris">0x000000</color><color r="ccGlassesFrame">0xBE10B0</color><color r="ccGlassesLens">0x737373</color><color r="ccMouthLip">0x891258</color><color r="ccMustache">0x000000</color><color r="ccBeard">0x996600</color><color r="ccEyebrow">0x663300</color><color r="ccHairMajor">0x663333</color><color r="ccHairMinor">0x640F0F</color><color r="ccUpperMain" oc="0x336699">0x666666</color><color r="ccUpperMinor" oc="0xE5E5E5">0x996666</color><color r="ccLowerMain" oc="0xCCBC9A">0x333333</color><color r="ccLowerMinor" oc="0xEEEEEE">0x333300</color><color r="ccDecMajor" targetComponent="ID2112">0xFF9966</color></colorset><c_parts><c_area oc="0xFFE1C4">ccSkinColor</c_area><c_area>ccEyeLib</c_area><c_area>ccEyeIris</c_area><c_area>ccGlassesFrame</c_area><c_area>ccGlassesLens</c_area><c_area>ccMouthLip</c_area><c_area>ccMustache</c_area><c_area>ccBeard</c_area><c_area>ccEyebrow</c_area><c_area>ccHairMajor</c_area><c_area>ccHairMinor</c_area><c_area oc="0x336699">ccUpperMain</c_area><c_area oc="0xE5E5E5">ccUpperMinor</c_area><c_area oc="0xCCBC9A">ccLowerMain</c_area><c_area oc="0xEEEEEE">ccLowerMinor</c_area><c_area>ccDecMajor</c_area></c_parts></char>
    <prop subtype="0" id="17530357.jpg" name="entrance" enable="N" holdable="0" headable="0" placeable="1" facing="left" width="0" height="0" duration="0" enc_asset_id="04BFy4YEkkPc" signature="liBd5vJGkjDkpomPdqpKiA4na_XIQ7dbGOaKAPpCFLEsPlOGwoRgxSM37cgdq4T6EniWiTAosMUusX83pwSvP_wqT1VhGee1xweRB4BxtjAjDUN5FBZhEHxyRU66165Ez1qjXzYq0a191p6XC64ntplJXpVp0HWvWvDGd021NCoKv8i0N9O5vPBFBqJR4="/>
    <prop subtype="0" id="17837710.jpg" name="entrance03" enable="Y" holdable="0" headable="0" placeable="1" facing="left" width="0" height="0" duration="0" enc_asset_id="0tteBjkmI7jw" signature="cZv_lRs7quaqGw+R_6_Ehwx4kP84Xqe1Pr8XkMJjBcPc0Uq+FNecRwf3Fw9t3uB7sBU97PNBu5e4jpDeTUaI+UJnFZABorkUDgTRGhem8B31Iv2EivILamLPlxRgjbGYUamj8MK7LjTWt57C78zJEXKGfzWLTvCPWQQiB7xxR00_iTMt0+aajEd+NLF6U="/>
    <prop subtype="0" id="22875104.jpg" name="01" enable="Y" holdable="0" headable="0" placeable="1" facing="left" width="0" height="0" duration="0" enc_asset_id="00AxjLuzmuQM" signature="JgdfgmpEx7DIMYCfyuua8w6Ga9dmsS2eMOtj4NqO1vokzSFwBKakcreT2oWL3z_0eXTObQ4XFb1eERSLdFZcGcJxjvmwIfRHYdLLQW3XpbgesdESr02KxO2yVF0jSn7+uzScA5cGKjWvpzJLXXLUO62iNySEjOI+AHzWDKNL5yJG8RF29s5+KeAhSpUw=="/>
</theme>