<?xml version="1.0"?>
<film copyable="0" duration="62.8" published="0" pshare="0" isWide="1">
  <meta>
    <title>You forgot the eggs, didn't you!?</title>
    <tag/>
    <hiddenTag/>
    <desc></desc>
    <mver><![CDATA[4]]></mver>
    <studio>a76d829cef09f7bb9bef739f686c0449acbaded8</studio>
    <thumbnail index="0"/>
    <palette>
      <color value="333333"/>
      <color value="999999"/>
      <color value="fbfbfb"/>
      <color value="669999"/>
      <color value="55bbaa"/>
      <color value="7fbb11"/>
      <color value="15709b"/>
      <color value="9a5d1"/>
      <color value="6ab8d6"/>
      <color value="da2021"/>
      <color value="fecd31"/>
      <color value="28c6c1"/>
      <color value="37444f"/>
    </palette>
  </meta>
  <scene id="SCENE23" adelay="60" lock="N" index="0" color="16777215" guid="8A024DED-2904-D94E-F992-441C9CFE0236">
    <durationSetting countMinimum="1" countTransition="1" countAction="1" countBubble="1" countSpeech="1"/>
    <bg id="cbg_kitchen_BG76" index="0">
      <file>custom.kitchen_bg.swf</file>
    </bg>
    <prop id="PROP42" index="1">
      <file>custom.kitchen_refig.swf</file>
      <x>528</x>
      <y>201</y>
      <xscale>1</xscale>
      <yscale>1</yscale>
      <face>1</face>
      <rotation>0</rotation>
    </prop>
    <prop id="PROP43" index="2">
      <file>custom.kitchen_cup.swf</file>
      <x>423</x>
      <y>211</y>
      <xscale>1</xscale>
      <yscale>1</yscale>
      <face>1</face>
      <rotation>0</rotation>
    </prop>
    <effectAsset id="EFFECT0" themecode="common" index="3">
      <effect x="0" y="0" w="550" h="310" rotate="0" id="fadeInEx" type="FADING" isIn="true" isOut="false"/>
      <x>47</x>
      <y>24</y>
      <width>550</width>
      <height>354</height>
      <speech>0</speech>
    </effectAsset>
    <effectAsset id="EFFECT37" themecode="common" index="4">
      <effect x="0" y="0" w="550" h="310" rotate="0" id="cut" type="ZOOM" isCut="true" isPan="false"/>
      <x>47</x>
      <y>24</y>
      <width>550</width>
      <height>354</height>
      <speech>0</speech>
    </effectAsset>
  </scene>
  <scene id="SCENE24" adelay="60" lock="N" index="1" color="16777215" guid="4C8F2C75-18E4-5324-67E1-68DD6BE2362E">
    <durationSetting countMinimum="1" countTransition="1" countAction="1" countBubble="1" countSpeech="1"/>
    <bubbleAsset id="BUBBLE204" index="1">
      <x>238</x>
      <y>143</y>
      <xscale>1</xscale>
      <yscale>1</yscale>
      <rotation>0</rotation>
      <fx>easeNone</fx>
      <fxdur>0</fxdur>
      <bubble x="0" y="0" w="180" h="90" rotate="0" type="BLANK" hasTail="0" colorStyle="1" autoTextResize="true">
        <body rgb="16777215" shadow="1" bgAlpha="0" linergb="0" tailx="180" taily="110" paddingHorizontal="0" paddingVertical="0"/>
        <text rgb="0" alpha="100" font="Accidental Presidency" size="60" align="center" bold="false" italic="false" embed="true">opening:1</text>
        <url target="top"><![CDATA[]]></url>
      </bubble>
    </bubbleAsset>
    <effectAsset id="EFFECT39" themecode="common" index="2">
      <effect x="0" y="0" w="550" h="310" rotate="0" id="cut" type="ZOOM" isCut="true" isPan="false"/>
      <x>47</x>
      <y>24</y>
      <width>550</width>
      <height>354</height>
      <speech>0</speech>
    </effectAsset>
  </scene>
  <scene id="SCENE25" adelay="60" lock="N" index="2" color="16777215" guid="1DD8D7D3-F8A1-D260-352E-46986F6A118E">
    <durationSetting countMinimum="1" countTransition="1" countAction="1" countBubble="1" countSpeech="1"/>
    <bg id="cbg_kitchen_BG76" index="0">
      <file>custom.kitchen_bg.swf</file>
    </bg>
    <char id="AVATOR133" index="3" raceCode="1">
      <action face="1" motionface="1">ugc.15688438.stand.xml</action>
      <x>308</x>
      <y>232</y>
      <xscale>1</xscale>
      <yscale>1</yscale>
      <rotation>0</rotation>
    </char>
    <char id="AVATOR134" index="4" raceCode="1">
      <action face="1,1" motionface="1">ugc.15689601.walk.xml</action>
      <x>716,445</x>
      <y>235,234</y>
      <xscale>1,1</xscale>
      <yscale>1,1</yscale>
      <rotation>0,0</rotation>
      <assetMotion ver="1"/>
    </char>
    <prop id="cbg_kitchen_PROP50" index="1">
      <file>custom.kitchen_refig.swf</file>
      <x>528</x>
      <y>201</y>
      <xscale>1</xscale>
      <yscale>1</yscale>
      <face>1</face>
      <rotation>0</rotation>
    </prop>
    <prop id="cbg_kitchen_PROP51" index="2">
      <file>custom.kitchen_cup.swf</file>
      <x>423</x>
      <y>211</y>
      <xscale>1</xscale>
      <yscale>1</yscale>
      <face>1</face>
      <rotation>0</rotation>
    </prop>
    <effectAsset id="EFFECT0" themecode="common" index="5">
      <effect x="0" y="0" w="550" h="310" rotate="0" id="fadeInEx" type="FADING" isIn="true" isOut="false"/>
      <x>47</x>
      <y>24</y>
      <width>550</width>
      <height>354</height>
      <speech>0</speech>
    </effectAsset>
    <effectAsset id="EFFECT1" themecode="common" index="6">
      <effect x="0" y="0" w="485.2" h="273.4763636" rotate="0" id="zoom" type="ZOOM" isCut="false" isPan="false"/>
      <x>93.9</x>
      <y>49.0038182</y>
      <width>485.2</width>
      <height>312.2923636</height>
      <speech>0</speech>
    </effectAsset>
  </scene>
  <scene id="SCENE26" adelay="24" lock="Y" index="3" color="16777215" guid="58552E7C-67A7-A72D-913C-1BDD0117765B">
    <bg id="cbg_kitchen_BG76" index="0">
      <file>custom.kitchen_bg.swf</file>
    </bg>
    <char id="AVATOR133" index="3" raceCode="1">
      <action face="-1" motionface="1">ugc.15688438.stand.xml</action>
      <x>308</x>
      <y>232</y>
      <xscale>1</xscale>
      <yscale>1</yscale>
      <rotation>0</rotation>
    </char>
    <char id="AVATOR134" index="4" raceCode="1">
      <action face="1" motionface="1">ugc.15689601.stand.xml</action>
      <x>445</x>
      <y>234</y>
      <xscale>1</xscale>
      <yscale>1</yscale>
      <rotation>0</rotation>
    </char>
    <prop id="PROP29" index="1">
      <file>custom.kitchen_refig.swf</file>
      <x>528</x>
      <y>201</y>
      <xscale>1</xscale>
      <yscale>1</yscale>
      <face>1</face>
      <rotation>0</rotation>
    </prop>
    <prop id="PROP7" index="2">
      <file>custom.kitchen_cup.swf</file>
      <x>423</x>
      <y>211</y>
      <xscale>1</xscale>
      <yscale>1</yscale>
      <face>1</face>
      <rotation>0</rotation>
    </prop>
    <effectAsset id="EFFECT1" themecode="common" index="5">
      <effect x="0" y="0" w="485.2" h="273.4763636" rotate="0" id="cut" type="ZOOM" isCut="true" isPan="false"/>
      <x>93.9</x>
      <y>49.0038182</y>
      <width>485.2</width>
      <height>312.2923636</height>
      <speech>0</speech>
    </effectAsset>
  </scene>
  <scene id="SCENE27" adelay="60" lock="N" index="4" color="16777215" guid="3EC33A83-B930-4EBE-8512-295278A5E0EB">
    <durationSetting countMinimum="1" countTransition="1" countAction="1" countBubble="1" countSpeech="1"/>
    <bubbleAsset id="BUBBLE205" index="1">
      <x>237</x>
      <y>156</y>
      <xscale>1</xscale>
      <yscale>1</yscale>
      <rotation>0</rotation>
      <fx>easeNone</fx>
      <fxdur>0</fxdur>
      <bubble x="0" y="0" w="180" h="90" rotate="0" type="BLANK" hasTail="0" colorStyle="1" autoTextResize="true">
        <body rgb="16777215" shadow="1" bgAlpha="0" linergb="0" tailx="180" taily="110" paddingHorizontal="0" paddingVertical="0"/>
        <text rgb="0" alpha="100" font="Accidental Presidency" size="48" align="center" bold="false" italic="false" embed="true">character:1</text>
        <url target="top"><![CDATA[]]></url>
      </bubble>
    </bubbleAsset>
    <effectAsset id="EFFECT43" themecode="common" index="2">
      <effect x="0" y="0" w="550" h="310" rotate="0" id="cut" type="ZOOM" isCut="true" isPan="false"/>
      <x>47</x>
      <y>24</y>
      <width>550</width>
      <height>354</height>
      <speech>0</speech>
    </effectAsset>
  </scene>
  <scene id="SCENE28" adelay="60" lock="N" index="5" color="16777215" guid="11D432FC-9ACB-4964-EB64-297417BA58BA">
    <durationSetting countMinimum="1" countTransition="1" countAction="1" countBubble="1" countSpeech="1"/>
    <char id="AVATOR207" index="1" raceCode="1">
      <action face="-1" motionface="1">ugc.15688438.stand.xml</action>
      <x>318</x>
      <y>209</y>
      <xscale>1</xscale>
      <yscale>1</yscale>
      <rotation>0</rotation>
    </char>
    <effectAsset id="EFFECT45" themecode="common" index="2">
      <effect x="0" y="0" w="550" h="310" rotate="0" id="cut" type="ZOOM" isCut="true" isPan="false"/>
      <x>47</x>
      <y>24</y>
      <width>550</width>
      <height>354</height>
      <speech>0</speech>
    </effectAsset>
  </scene>
  <scene id="SCENE29" adelay="60" lock="N" index="6" color="16777215" guid="33953575-887E-F990-0492-F5E5A2128587">
    <durationSetting countMinimum="1" countTransition="1" countAction="1" countBubble="1" countSpeech="1"/>
    <bubbleAsset id="BUBBLE209" index="1">
      <x>237</x>
      <y>156</y>
      <xscale>1</xscale>
      <yscale>1</yscale>
      <rotation>0</rotation>
      <fx>easeNone</fx>
      <fxdur>0</fxdur>
      <bubble x="0" y="0" w="180" h="90" rotate="0" type="BLANK" hasTail="0" colorStyle="1" autoTextResize="true">
        <body rgb="16777215" shadow="1" bgAlpha="0" linergb="0" tailx="180" taily="110" paddingHorizontal="0" paddingVertical="0"/>
        <text rgb="0" alpha="100" font="Accidental Presidency" size="47" align="center" bold="false" italic="false" embed="true">character:2</text>
        <url target="top"><![CDATA[]]></url>
      </bubble>
    </bubbleAsset>
    <effectAsset id="EFFECT47" themecode="common" index="2">
      <effect x="0" y="0" w="550" h="310" rotate="0" id="cut" type="ZOOM" isCut="true" isPan="false"/>
      <x>47</x>
      <y>24</y>
      <width>550</width>
      <height>354</height>
      <speech>0</speech>
    </effectAsset>
  </scene>
  <scene id="SCENE30" adelay="60" lock="N" index="7" color="16777215" guid="E9427CFC-EFCD-D8EB-EE9C-2069C46BDCEC">
    <durationSetting countMinimum="1" countTransition="1" countAction="1" countBubble="1" countSpeech="1"/>
    <char id="AVATOR212" index="1" raceCode="1">
      <action face="1" motionface="1">ugc.15689601.stand.xml</action>
      <x>330</x>
      <y>217</y>
      <xscale>1</xscale>
      <yscale>1</yscale>
      <rotation>0</rotation>
    </char>
    <effectAsset id="EFFECT49" themecode="common" index="2">
      <effect x="0" y="0" w="550" h="310" rotate="0" id="cut" type="ZOOM" isCut="true" isPan="false"/>
      <x>47</x>
      <y>24</y>
      <width>550</width>
      <height>354</height>
      <speech>0</speech>
    </effectAsset>
  </scene>
  <scene id="SCENE31" adelay="60" lock="N" index="8" color="16777215" guid="FB6A0D62-0006-5249-70FB-818E228D90FC">
    <durationSetting countMinimum="1" countTransition="1" countAction="1" countBubble="1" countSpeech="1"/>
    <bubbleAsset id="BUBBLE214" index="1">
      <x>262</x>
      <y>154</y>
      <xscale>1</xscale>
      <yscale>1</yscale>
      <rotation>0</rotation>
      <fx>easeNone</fx>
      <fxdur>0</fxdur>
      <bubble x="0" y="0" w="180" h="90" rotate="0" type="BLANK" hasTail="0" colorStyle="1" autoTextResize="true">
        <body rgb="16777215" shadow="1" bgAlpha="0" linergb="0" tailx="180" taily="110" paddingHorizontal="0" paddingVertical="0"/>
        <text rgb="0" alpha="100" font="Accidental Presidency" size="74" align="center" bold="false" italic="false" embed="true">1:talk:1</text>
        <url target="top"><![CDATA[]]></url>
      </bubble>
    </bubbleAsset>
    <effectAsset id="EFFECT51" themecode="common" index="2">
      <effect x="0" y="0" w="550" h="310" rotate="0" id="cut" type="ZOOM" isCut="true" isPan="false"/>
      <x>47</x>
      <y>24</y>
      <width>550</width>
      <height>354</height>
      <speech>0</speech>
    </effectAsset>
  </scene>
  <scene id="SCENE32" adelay="101" lock="N" index="9" color="16777215" guid="1B08A492-FCDB-DD00-F316-72E8EC836AC8">
    <durationSetting countMinimum="1" countTransition="1" countAction="1" countBubble="1" countSpeech="1"/>
    <char id="AVATOR133" index="2" raceCode="1">
      <action face="-1" motionface="1">ugc.15688438.talk.xml</action>
      <head id="PROP34" raceCode="1">
        <file>ugc.15688438.head.head_neutral.xml</file>
      </head>
      <x>308</x>
      <y>232</y>
      <xscale>1</xscale>
      <yscale>1</yscale>
      <rotation>0</rotation>
    </char>
    <char id="AVATOR134" index="3" raceCode="1">
      <action face="1" motionface="1">ugc.15689601.stand.xml</action>
      <x>445</x>
      <y>234</y>
      <xscale>1</xscale>
      <yscale>1</yscale>
      <rotation>0</rotation>
    </char>
    <prop id="PROP18" index="1">
      <file>ugc.17833629.jpg</file>
      <x>375.5</x>
      <y>164.7</y>
      <xscale>0.34</xscale>
      <yscale>0.34</yscale>
      <face>1</face>
      <rotation>0</rotation>
    </prop>
    <effectAsset id="EFFECT1" themecode="common" index="4">
      <effect x="0" y="0" w="351.9" h="198.3436364" rotate="0" id="cut" type="ZOOM" isCut="true" isPan="false"/>
      <x>199.5</x>
      <y>51.9021818</y>
      <width>351.9</width>
      <height>226.4956364</height>
      <speech>0</speech>
    </effectAsset>
  </scene>
  <scene id="SCENE33" adelay="60" lock="N" index="10" color="16777215" guid="0B75380D-015F-6B02-D8A1-6494EB54C4E9">
    <durationSetting countMinimum="1" countTransition="1" countAction="1" countBubble="1" countSpeech="1"/>
    <bubbleAsset id="BUBBLE215" index="1">
      <x>242</x>
      <y>169</y>
      <xscale>1</xscale>
      <yscale>1</yscale>
      <rotation>0</rotation>
      <fx>easeNone</fx>
      <fxdur>0</fxdur>
      <bubble x="0" y="0" w="180" h="90" rotate="0" type="BLANK" hasTail="0" colorStyle="1" autoTextResize="true">
        <body rgb="16777215" shadow="1" bgAlpha="0" linergb="0" tailx="180" taily="110" paddingHorizontal="0" paddingVertical="0"/>
        <text rgb="0" alpha="100" font="Accidental Presidency" size="74" align="center" bold="false" italic="false" embed="true">2:talk:1</text>
        <url target="top"><![CDATA[]]></url>
      </bubble>
    </bubbleAsset>
    <effectAsset id="EFFECT54" themecode="common" index="2">
      <effect x="0" y="0" w="550" h="310" rotate="0" id="cut" type="ZOOM" isCut="true" isPan="false"/>
      <x>47</x>
      <y>24</y>
      <width>550</width>
      <height>354</height>
      <speech>0</speech>
    </effectAsset>
  </scene>
  <scene id="SCENE34" adelay="125" lock="N" index="11" color="16777215" guid="DB61800D-733B-0BB4-754C-808748D32E4E">
    <durationSetting countMinimum="1" countTransition="1" countAction="1" countBubble="1" countSpeech="1"/>
    <char id="AVATOR133" index="2" raceCode="1">
      <action face="-1" motionface="1">ugc.15688438.stand.xml</action>
      <x>308</x>
      <y>232</y>
      <xscale>1</xscale>
      <yscale>1</yscale>
      <rotation>0</rotation>
    </char>
    <char id="AVATOR134" index="3" raceCode="1">
      <action face="1" motionface="1">ugc.15689601.talk.xml</action>
      <head id="PROP35" raceCode="1">
        <file>ugc.15689601.head.head_neutral.xml</file>
      </head>
      <x>445</x>
      <y>234</y>
      <xscale>1</xscale>
      <yscale>1</yscale>
      <rotation>0</rotation>
    </char>
    <prop id="PROP21" index="1">
      <file>ugc.17833629.jpg</file>
      <x>375.5</x>
      <y>164.7</y>
      <xscale>0.34</xscale>
      <yscale>0.34</yscale>
      <face>1</face>
      <rotation>0</rotation>
    </prop>
    <effectAsset id="EFFECT1" themecode="common" index="4">
      <effect x="0" y="0" w="351.9" h="198.3436364" rotate="0" id="cut" type="ZOOM" isCut="true" isPan="false"/>
      <x>199.5</x>
      <y>51.9021818</y>
      <width>351.9</width>
      <height>226.4956364</height>
      <speech>0</speech>
    </effectAsset>
  </scene>
  <scene id="SCENE35" adelay="60" lock="N" index="12" color="16777215" guid="0F0C4481-E0D7-7F61-DD61-16576BB058CF">
    <durationSetting countMinimum="1" countTransition="1" countAction="1" countBubble="1" countSpeech="1"/>
    <bubbleAsset id="BUBBLE217" index="1">
      <x>260</x>
      <y>173</y>
      <xscale>1</xscale>
      <yscale>1</yscale>
      <rotation>0</rotation>
      <fx>easeNone</fx>
      <fxdur>0</fxdur>
      <bubble x="0" y="0" w="180" h="90" rotate="0" type="BLANK" hasTail="0" colorStyle="1" autoTextResize="true">
        <body rgb="16777215" shadow="1" bgAlpha="0" linergb="0" tailx="180" taily="110" paddingHorizontal="0" paddingVertical="0"/>
        <text rgb="0" alpha="100" font="Accidental Presidency" size="74" align="center" bold="false" italic="false" embed="true">1:talk:2</text>
        <url target="top"><![CDATA[]]></url>
      </bubble>
    </bubbleAsset>
    <effectAsset id="EFFECT57" themecode="common" index="2">
      <effect x="0" y="0" w="550" h="310" rotate="0" id="cut" type="ZOOM" isCut="true" isPan="false"/>
      <x>47</x>
      <y>24</y>
      <width>550</width>
      <height>354</height>
      <speech>0</speech>
    </effectAsset>
  </scene>
  <scene id="SCENE36" adelay="60" lock="N" index="13" color="16777215" guid="09488121-A5F8-E6BB-3A59-38F1D424C8C0">
    <durationSetting countMinimum="1" countTransition="1" countAction="1" countBubble="1" countSpeech="1"/>
    <char id="AVATOR133" index="2" raceCode="1">
      <action face="-1" motionface="1">ugc.15688438.stand.xml</action>
      <head id="PROP38" raceCode="1">
        <file>ugc.15688438.head.head_neutral.xml</file>
      </head>
      <x>308</x>
      <y>232</y>
      <xscale>1</xscale>
      <yscale>1</yscale>
      <rotation>0</rotation>
    </char>
    <prop id="PROP49" index="1">
      <file>ugc.17533898.jpg</file>
      <x>322</x>
      <y>137.5</y>
      <xscale>0.28</xscale>
      <yscale>0.28</yscale>
      <face>1</face>
      <rotation>0</rotation>
    </prop>
    <effectAsset id="EFFECT1" themecode="common" index="3">
      <effect x="0" y="0" w="236.4" h="133.2436364" rotate="0" id="cut" type="ZOOM" isCut="true" isPan="false"/>
      <x>198.8</x>
      <y>63.7721818</y>
      <width>236.4</width>
      <height>152.1556364</height>
      <speech>0</speech>
    </effectAsset>
  </scene>
  <scene id="SCENE37" adelay="60" lock="N" index="14" color="16777215" guid="1507B7B6-3B4F-A394-9092-D88371211E4C">
    <durationSetting countMinimum="1" countTransition="1" countAction="1" countBubble="1" countSpeech="1"/>
    <bubbleAsset id="BUBBLE218" index="1">
      <x>242</x>
      <y>164</y>
      <xscale>1</xscale>
      <yscale>1</yscale>
      <rotation>0</rotation>
      <fx>easeNone</fx>
      <fxdur>0</fxdur>
      <bubble x="0" y="0" w="180" h="90" rotate="0" type="BLANK" hasTail="0" colorStyle="1" autoTextResize="true">
        <body rgb="16777215" shadow="1" bgAlpha="0" linergb="0" tailx="180" taily="110" paddingHorizontal="0" paddingVertical="0"/>
        <text rgb="0" alpha="100" font="Accidental Presidency" size="74" align="center" bold="false" italic="false" embed="true">2:talk:2</text>
        <url target="top"><![CDATA[]]></url>
      </bubble>
    </bubbleAsset>
    <effectAsset id="EFFECT60" themecode="common" index="2">
      <effect x="0" y="0" w="550" h="310" rotate="0" id="cut" type="ZOOM" isCut="true" isPan="false"/>
      <x>47</x>
      <y>24</y>
      <width>550</width>
      <height>354</height>
      <speech>0</speech>
    </effectAsset>
  </scene>
  <scene id="SCENE38" adelay="60" lock="N" index="15" color="16777215" guid="1E56C885-8411-783A-84B2-AF29EB5A5CF4">
    <durationSetting countMinimum="1" countTransition="1" countAction="1" countBubble="1" countSpeech="1"/>
    <char id="AVATOR175" index="2" raceCode="1">
      <action face="1" motionface="1">ugc.15689601.stand.xml</action>
      <head id="PROP39" raceCode="1">
        <file>ugc.15689601.head.head_neutral.xml</file>
      </head>
      <x>445</x>
      <y>234</y>
      <xscale>1</xscale>
      <yscale>1</yscale>
      <rotation>0</rotation>
    </char>
    <prop id="PROP51" index="1">
      <file>ugc.17533919.jpg</file>
      <x>421.3</x>
      <y>148.7</y>
      <xscale>0.25</xscale>
      <yscale>0.25</yscale>
      <face>1</face>
      <rotation>0</rotation>
    </prop>
    <effectAsset id="EFFECT1" themecode="common" index="3">
      <effect x="0" y="0" w="233.4" h="131.5527273" rotate="0" id="cut" type="ZOOM" isCut="true" isPan="false"/>
      <x>302.1</x>
      <y>72.2876364</y>
      <width>233.4</width>
      <height>150.2247273</height>
      <speech>0</speech>
    </effectAsset>
  </scene>
  <scene id="SCENE39" adelay="60" lock="N" index="16" color="16777215" guid="5A62F874-F2B0-ED66-5D33-A7340E3763FE">
    <durationSetting countMinimum="1" countTransition="1" countAction="1" countBubble="1" countSpeech="1"/>
    <bubbleAsset id="BUBBLE219" index="1">
      <x>260</x>
      <y>173</y>
      <xscale>1</xscale>
      <yscale>1</yscale>
      <rotation>0</rotation>
      <fx>easeNone</fx>
      <fxdur>0</fxdur>
      <bubble x="0" y="0" w="180" h="90" rotate="0" type="BLANK" hasTail="0" colorStyle="1" autoTextResize="true">
        <body rgb="16777215" shadow="1" bgAlpha="0" linergb="0" tailx="180" taily="110" paddingHorizontal="0" paddingVertical="0"/>
        <text rgb="0" alpha="100" font="Accidental Presidency" size="74" align="center" bold="false" italic="false" embed="true">1:talk:3</text>
        <url target="top"><![CDATA[]]></url>
      </bubble>
    </bubbleAsset>
    <effectAsset id="EFFECT63" themecode="common" index="2">
      <effect x="0" y="0" w="550" h="310" rotate="0" id="cut" type="ZOOM" isCut="true" isPan="false"/>
      <x>47</x>
      <y>24</y>
      <width>550</width>
      <height>354</height>
      <speech>0</speech>
    </effectAsset>
  </scene>
  <scene id="SCENE40" adelay="101" lock="N" index="17" color="16777215" guid="F84FFB89-A5AD-F991-6581-6058EAC9A13E">
    <durationSetting countMinimum="1" countTransition="1" countAction="1" countBubble="1" countSpeech="1"/>
    <bg id="cbg_kitchen_BG76" index="0">
      <file>custom.kitchen_bg.swf</file>
    </bg>
    <char id="AVATOR133" index="3" raceCode="1">
      <action face="-1" motionface="1">ugc.15688438.talk.xml</action>
      <head id="PROP44" raceCode="1">
        <file>ugc.15688438.head.head_neutral.xml</file>
      </head>
      <x>308</x>
      <y>232</y>
      <xscale>1</xscale>
      <yscale>1</yscale>
      <rotation>0</rotation>
    </char>
    <char id="AVATOR134" index="4" raceCode="1">
      <action face="1" motionface="1">ugc.15689601.stand.xml</action>
      <x>445</x>
      <y>234</y>
      <xscale>1</xscale>
      <yscale>1</yscale>
      <rotation>0</rotation>
    </char>
    <prop id="PROP32" index="1">
      <file>custom.kitchen_refig.swf</file>
      <x>528</x>
      <y>201</y>
      <xscale>1</xscale>
      <yscale>1</yscale>
      <face>1</face>
      <rotation>0</rotation>
    </prop>
    <prop id="PROP33" index="2">
      <file>custom.kitchen_cup.swf</file>
      <x>423</x>
      <y>211</y>
      <xscale>1</xscale>
      <yscale>1</yscale>
      <face>1</face>
      <rotation>0</rotation>
    </prop>
    <effectAsset id="EFFECT1" themecode="common" index="5">
      <effect x="0" y="0" w="496.6" h="279.9018182" rotate="0" id="cut" type="ZOOM" isCut="true" isPan="false"/>
      <x>100.4</x>
      <y>42.0850909</y>
      <width>496.6</width>
      <height>319.6298182</height>
      <speech>0</speech>
    </effectAsset>
  </scene>
  <scene id="SCENE41" adelay="60" lock="N" index="18" color="16777215" guid="2647BDB0-C98A-5950-7E50-1A8BE8132B69">
    <durationSetting countMinimum="1" countTransition="1" countAction="1" countBubble="1" countSpeech="1"/>
    <bubbleAsset id="BUBBLE220" index="1">
      <x>234</x>
      <y>156</y>
      <xscale>1</xscale>
      <yscale>1</yscale>
      <rotation>0</rotation>
      <fx>easeNone</fx>
      <fxdur>0</fxdur>
      <bubble x="0" y="0" w="180" h="90" rotate="0" type="BLANK" hasTail="0" colorStyle="1" autoTextResize="true">
        <body rgb="16777215" shadow="1" bgAlpha="0" linergb="0" tailx="180" taily="110" paddingHorizontal="0" paddingVertical="0"/>
        <text rgb="0" alpha="100" font="Accidental Presidency" size="74" align="center" bold="false" italic="false" embed="true">2:talk:3</text>
        <url target="top"><![CDATA[]]></url>
      </bubble>
    </bubbleAsset>
    <effectAsset id="EFFECT66" themecode="common" index="2">
      <effect x="0" y="0" w="550" h="310" rotate="0" id="cut" type="ZOOM" isCut="true" isPan="false"/>
      <x>47</x>
      <y>24</y>
      <width>550</width>
      <height>354</height>
      <speech>0</speech>
    </effectAsset>
  </scene>
  <scene id="SCENE42" adelay="125" lock="N" index="19" color="16777215" guid="D1367671-177D-37A7-17F8-785210C6CBFF">
    <durationSetting countMinimum="1" countTransition="1" countAction="1" countBubble="1" countSpeech="1"/>
    <bg id="cbg_kitchen_BG76" index="0">
      <file>custom.kitchen_bg.swf</file>
    </bg>
    <char id="AVATOR133" index="3" raceCode="1">
      <action face="-1" motionface="1">ugc.15688438.xarms.xml</action>
      <x>308</x>
      <y>232</y>
      <xscale>1</xscale>
      <yscale>1</yscale>
      <rotation>0</rotation>
    </char>
    <char id="AVATOR134" index="4" raceCode="1">
      <action face="1" motionface="1">ugc.15689601.talk.xml</action>
      <head id="PROP45" raceCode="1">
        <file>ugc.15689601.head.head_neutral.xml</file>
      </head>
      <x>445</x>
      <y>234</y>
      <xscale>1</xscale>
      <yscale>1</yscale>
      <rotation>0</rotation>
    </char>
    <prop id="PROP36" index="1">
      <file>custom.kitchen_refig.swf</file>
      <x>528</x>
      <y>201</y>
      <xscale>1</xscale>
      <yscale>1</yscale>
      <face>1</face>
      <rotation>0</rotation>
    </prop>
    <prop id="PROP37" index="2">
      <file>custom.kitchen_cup.swf</file>
      <x>423</x>
      <y>211</y>
      <xscale>1</xscale>
      <yscale>1</yscale>
      <face>1</face>
      <rotation>0</rotation>
    </prop>
    <effectAsset id="EFFECT1" themecode="common" index="5">
      <effect x="0" y="0" w="496.6" h="279.9018182" rotate="0" id="cut" type="ZOOM" isCut="true" isPan="false"/>
      <x>100.4</x>
      <y>42.0850909</y>
      <width>496.6</width>
      <height>319.6298182</height>
      <speech>0</speech>
    </effectAsset>
  </scene>
  <scene id="SCENE43" adelay="60" lock="N" index="20" color="16777215" guid="6E1359AD-43D2-25A6-CEC4-C933A71F7958">
    <durationSetting countMinimum="1" countTransition="1" countAction="1" countBubble="1" countSpeech="1"/>
    <bubbleAsset id="BUBBLE221" index="1">
      <x>271</x>
      <y>143</y>
      <xscale>1</xscale>
      <yscale>1</yscale>
      <rotation>0</rotation>
      <fx>easeNone</fx>
      <fxdur>0</fxdur>
      <bubble x="0" y="0" w="180" h="90" rotate="0" type="BLANK" hasTail="0" colorStyle="1" autoTextResize="true">
        <body rgb="16777215" shadow="1" bgAlpha="0" linergb="0" tailx="180" taily="110" paddingHorizontal="0" paddingVertical="0"/>
        <text rgb="0" alpha="100" font="Accidental Presidency" size="65" align="center" bold="false" italic="false" embed="true">closing:1</text>
        <url target="top"><![CDATA[]]></url>
      </bubble>
    </bubbleAsset>
    <effectAsset id="EFFECT69" themecode="common" index="2">
      <effect x="0" y="0" w="550" h="310" rotate="0" id="cut" type="ZOOM" isCut="true" isPan="false"/>
      <x>47</x>
      <y>24</y>
      <width>550</width>
      <height>354</height>
      <speech>0</speech>
    </effectAsset>
  </scene>
  <scene id="SCENE44" adelay="72" lock="Y" index="21" color="16777215" guid="C828EC56-8451-CCFF-AA97-665F8F6C0615">
    <bg id="cbg_kitchen_BG76" index="0">
      <file>custom.kitchen_bg.swf</file>
    </bg>
    <char id="AVATOR133" index="3" raceCode="1" faceCamera="true">
      <action face="-1" motionface="1">ugc.15688438.xarms.xml</action>
      <x>308</x>
      <y>232</y>
      <xscale>1</xscale>
      <yscale>1</yscale>
      <rotation>0</rotation>
    </char>
    <char id="AVATOR134" index="4" raceCode="1" faceCamera="true">
      <action face="1" motionface="1">ugc.15689601.stand.xml</action>
      <x>445</x>
      <y>234</y>
      <xscale>1</xscale>
      <yscale>1</yscale>
      <rotation>0</rotation>
    </char>
    <prop id="PROP40" index="1">
      <file>custom.kitchen_refig.swf</file>
      <x>528</x>
      <y>201</y>
      <xscale>1</xscale>
      <yscale>1</yscale>
      <face>1</face>
      <rotation>0</rotation>
    </prop>
    <prop id="PROP41" index="2">
      <file>custom.kitchen_cup.swf</file>
      <x>423</x>
      <y>211</y>
      <xscale>1</xscale>
      <yscale>1</yscale>
      <face>1</face>
      <rotation>0</rotation>
    </prop>
    <effectAsset id="EFFECT1" themecode="common" index="6">
      <effect x="0" y="0" w="496.6" h="279.9018182" rotate="0" id="cut" type="ZOOM" isCut="true" isPan="false"/>
      <x>100.4</x>
      <y>42.0850909</y>
      <width>496.6</width>
      <height>319.6298182</height>
      <speech>0</speech>
    </effectAsset>
    <effectAsset id="EFFECT10" themecode="common" index="5">
      <effect x="0" y="0" w="550" h="310" rotate="0" id="fadeOutEx" type="FADING" isIn="false" isOut="true"/>
      <x>47</x>
      <y>24</y>
      <width>550</width>
      <height>354</height>
      <speech>0</speech>
    </effectAsset>
  </scene>
</film>
