<?xml version="1.0"?>
<film copyable="0" duration="61.1" published="0" pshare="0" isWide="1">
  <meta>
    <title>Baby</title>
    <tag/>
    <hiddenTag/>
    <desc></desc>
    <mver><![CDATA[4]]></mver>
    <studio>a76d829cef09f7bb9bef739f686c0449acbaded8</studio>
    <thumbnail index="0"/>
    <palette>
      <color value="333333"/>
      <color value="999999"/>
      <color value="fbfbfb"/>
      <color value="669999"/>
      <color value="55bbaa"/>
      <color value="7fbb11"/>
      <color value="15709b"/>
      <color value="9a5d1"/>
      <color value="6ab8d6"/>
      <color value="da2021"/>
      <color value="fecd31"/>
      <color value="28c6c1"/>
      <color value="37444f"/>
    </palette>
  </meta>
  <scene id="SCENE94" adelay="87" lock="Y" index="46" color="16777215" guid="159E471A-9D0C-A6B5-0462-8C0CAAF535C4">
    <prop id="PROP242" index="1">
      <file>ugc.134381503.swf</file>
      <x>322.889698</x>
      <y>213.5787487</y>
      <xscale>1</xscale>
      <yscale>1</yscale>
      <face>1</face>
      <rotation>0</rotation>
    </prop>
    <effectAsset id="EFFECT92" themecode="common" index="3">
      <effect x="0" y="0" w="550" h="310" rotate="0" id="cut" type="ZOOM" isCut="true" isPan="false"/>
      <x>47</x>
      <y>24</y>
      <width>550</width>
      <height>354</height>
      <speech>0</speech>
    </effectAsset>
    <effectAsset id="EFFECT94" index="2">
      <effect id="130628688.swf" type="ANIME"/>
      <x>47</x>
      <y>24</y>
      <xscale>1</xscale>
      <yscale>1</yscale>
      <file>ugc.130628688.swf</file>
    </effectAsset>
    <trans id="null" index="3">
      <fx dur="12" type="fl.Fade.out" ease="easeNone"/>
    </trans>
  </scene>
</film>
