<?xml version="1.0"?>
<film copyable="0" duration="59.6" published="0" pshare="0" isWide="1">
  <meta>
    <title>I'll get a small latte...</title>
    <tag/>
    <hiddenTag/>
    <desc></desc>
    <mver><![CDATA[4]]></mver>
    <studio>a76d829cef09f7bb9bef739f686c0449acbaded8</studio>
    <thumbnail index="0"/>
    <palette>
      <color value="333333"/>
      <color value="999999"/>
      <color value="fbfbfb"/>
      <color value="669999"/>
      <color value="55bbaa"/>
      <color value="7fbb11"/>
      <color value="15709b"/>
      <color value="9a5d1"/>
      <color value="6ab8d6"/>
      <color value="da2021"/>
      <color value="fecd31"/>
      <color value="28c6c1"/>
      <color value="37444f"/>
    </palette>
  </meta>
  <scene id="SCENE24" adelay="72" lock="Y" index="0" color="16777215" guid="0971BFC4-07B7-C81F-EF1E-78F742CCBB7E">
    <bg id="cbg_coffee_shop_BG9" index="0">
      <file>custom.coffee_shop_bg.swf</file>
    </bg>
    <prop id="PROP156" index="1">
      <file>custom.coffee_shop_table.swf</file>
      <x>156</x>
      <y>255</y>
      <xscale>0.45</xscale>
      <yscale>0.45</yscale>
      <face>1</face>
      <rotation>0.1</rotation>
    </prop>
    <prop id="PROP157" index="2">
      <file>custom.coffee_shop_counter.swf</file>
      <x>451</x>
      <y>298</y>
      <xscale>1</xscale>
      <yscale>1</yscale>
      <face>1</face>
      <rotation>0</rotation>
    </prop>
    <prop id="PROP159" index="3">
      <file>custom.coffee_shop_chair.swf</file>
      <x>60</x>
      <y>306</y>
      <xscale>0.74</xscale>
      <yscale>0.74</yscale>
      <face>-1</face>
      <rotation>0</rotation>
    </prop>
    <prop id="PROP163" index="4">
      <file>custom.coffee_shop_chair.swf</file>
      <x>175</x>
      <y>310</y>
      <xscale>0.75</xscale>
      <yscale>0.75</yscale>
      <face>1</face>
      <rotation>0</rotation>
    </prop>
    <prop id="PROP165" index="5">
      <file>custom.coffee_shop_table.swf</file>
      <x>123</x>
      <y>317</y>
      <xscale>0.87</xscale>
      <yscale>0.87</yscale>
      <face>1</face>
      <rotation>0.1</rotation>
    </prop>
    <prop id="PROP167" index="6">
      <file>custom.coffee_shop_chair.swf</file>
      <x>423</x>
      <y>352</y>
      <xscale>1</xscale>
      <yscale>1</yscale>
      <face>1</face>
      <rotation>0</rotation>
    </prop>
    <prop id="PROP168" index="7">
      <file>custom.coffee_shop_chair.swf</file>
      <x>247</x>
      <y>341</y>
      <xscale>1</xscale>
      <yscale>1</yscale>
      <face>-1</face>
      <rotation>0</rotation>
    </prop>
    <prop id="PROP169" index="8">
      <file>custom.coffee_shop_table.swf</file>
      <x>341</x>
      <y>355</y>
      <xscale>1</xscale>
      <yscale>1</yscale>
      <face>1</face>
      <rotation>0</rotation>
    </prop>
    <effectAsset id="EFFECT38" themecode="common" index="9">
      <effect x="0" y="0" w="550" h="310" rotate="0" id="cut" type="ZOOM" isCut="true" isPan="false"/>
      <x>47</x>
      <y>24</y>
      <width>550</width>
      <height>354</height>
      <speech>0</speech>
    </effectAsset>
  </scene>
  <scene id="SCENE25" adelay="60" lock="N" index="1" color="16777215" guid="A39AC70D-51BF-0ED2-9EDF-50EDDA981CC7">
    <durationSetting countMinimum="1" countTransition="1" countAction="1" countBubble="1" countSpeech="1"/>
    <bubbleAsset id="BUBBLE328" index="1">
      <x>265</x>
      <y>172</y>
      <xscale>1</xscale>
      <yscale>1</yscale>
      <rotation>0</rotation>
      <fx>easeNone</fx>
      <fxdur>0</fxdur>
      <bubble x="0" y="0" w="180" h="90" rotate="0" type="BLANK" hasTail="0" colorStyle="1" autoTextResize="true">
        <body rgb="16777215" shadow="1" bgAlpha="0" linergb="0" tailx="180" taily="110" paddingHorizontal="0" paddingVertical="0"/>
        <text rgb="0" alpha="100" font="Accidental Presidency" size="60" align="center" bold="false" italic="false" embed="true">opening:1</text>
        <url target="top"><![CDATA[]]></url>
      </bubble>
    </bubbleAsset>
    <effectAsset id="EFFECT40" themecode="common" index="2">
      <effect x="0" y="0" w="550" h="310" rotate="0" id="cut" type="ZOOM" isCut="true" isPan="false"/>
      <x>47</x>
      <y>24</y>
      <width>550</width>
      <height>354</height>
      <speech>0</speech>
    </effectAsset>
  </scene>
  <scene id="SCENE26" adelay="72" lock="Y" index="2" color="16777215" guid="B5216C8C-8780-F7CE-950C-C2A807AF3F87">
    <bg id="cbg_coffee_shop_BG9" index="0">
      <file>custom.coffee_shop_bg.swf</file>
    </bg>
    <char id="AVATOR66" index="1" raceCode="1">
      <action face="1" motionface="1">ugc.15689601.stand.xml</action>
      <x>466</x>
      <y>249</y>
      <xscale>0.65</xscale>
      <yscale>0.65</yscale>
      <rotation>0</rotation>
    </char>
    <char id="AVATOR177" index="5" raceCode="1">
      <action face="-1" motionface="1">ugc.15690034.sit.xml</action>
      <x>99</x>
      <y>240</y>
      <xscale>0.49</xscale>
      <yscale>0.49</yscale>
      <rotation>0</rotation>
    </char>
    <char id="AVATOR178" index="7" raceCode="1">
      <action face="-1" motionface="1">ugc.15693158.sit.xml</action>
      <x>64</x>
      <y>274</y>
      <xscale>0.69</xscale>
      <yscale>0.69</yscale>
      <rotation>0</rotation>
    </char>
    <char id="AVATOR67" index="9" raceCode="1">
      <action face="-1,-1" motionface="-1">ugc.15688438.walk.xml</action>
      <x>273,373</x>
      <y>262,255</y>
      <xscale>0.78,0.73</xscale>
      <yscale>0.78,0.73</yscale>
      <rotation>0,0</rotation>
      <assetMotion ver="1"/>
    </char>
    <prop id="PROP58" index="2">
      <file>custom.coffee_shop_table.swf</file>
      <x>156</x>
      <y>255</y>
      <xscale>0.45</xscale>
      <yscale>0.45</yscale>
      <face>1</face>
      <rotation>0.1</rotation>
    </prop>
    <prop id="PROP59" index="3">
      <file>custom.coffee_shop_counter.swf</file>
      <x>451</x>
      <y>298</y>
      <xscale>1</xscale>
      <yscale>1</yscale>
      <face>1</face>
      <rotation>0</rotation>
    </prop>
    <prop id="PROP60" index="4">
      <file>custom.coffee_shop_chair.swf</file>
      <x>60</x>
      <y>306</y>
      <xscale>0.74</xscale>
      <yscale>0.74</yscale>
      <face>-1</face>
      <rotation>0</rotation>
    </prop>
    <prop id="PROP61" index="6">
      <file>custom.coffee_shop_chair.swf</file>
      <x>175</x>
      <y>310</y>
      <xscale>0.75</xscale>
      <yscale>0.75</yscale>
      <face>1</face>
      <rotation>0</rotation>
    </prop>
    <prop id="PROP62" index="8">
      <file>custom.coffee_shop_table.swf</file>
      <x>123</x>
      <y>317</y>
      <xscale>0.87</xscale>
      <yscale>0.87</yscale>
      <face>1</face>
      <rotation>0.1</rotation>
    </prop>
    <prop id="PROP63" index="10">
      <file>custom.coffee_shop_chair.swf</file>
      <x>423</x>
      <y>352</y>
      <xscale>1</xscale>
      <yscale>1</yscale>
      <face>1</face>
      <rotation>0</rotation>
    </prop>
    <prop id="PROP64" index="11">
      <file>custom.coffee_shop_chair.swf</file>
      <x>247</x>
      <y>341</y>
      <xscale>1</xscale>
      <yscale>1</yscale>
      <face>-1</face>
      <rotation>0</rotation>
    </prop>
    <prop id="PROP65" index="12">
      <file>custom.coffee_shop_table.swf</file>
      <x>341</x>
      <y>355</y>
      <xscale>1</xscale>
      <yscale>1</yscale>
      <face>1</face>
      <rotation>0</rotation>
    </prop>
    <effectAsset id="EFFECT0" themecode="common" index="13">
      <effect x="0" y="0" w="550" h="310" rotate="0" id="fadeInEx" type="FADING" isIn="true" isOut="false"/>
      <x>47</x>
      <y>24</y>
      <width>550</width>
      <height>354</height>
      <speech>0</speech>
      <st>1</st>
      <et>36</et>
    </effectAsset>
    <effectAsset id="EFFECT2" themecode="common" index="14">
      <effect x="0" y="0" w="404" h="227.7090909" rotate="0" id="zoom" type="ZOOM" isCut="false" isPan="false"/>
      <x>193</x>
      <y>91.9854545</y>
      <width>404</width>
      <height>260.0290909</height>
      <speech>0</speech>
    </effectAsset>
  </scene>
  <scene id="SCENE27" adelay="17" lock="Y" index="3" color="16777215" guid="782586C5-023F-B5BE-BAC0-D2035D2416E5">
    <bg id="cbg_coffee_shop_BG9" index="0">
      <file>custom.coffee_shop_bg.swf</file>
    </bg>
    <char id="AVATOR66" index="1" raceCode="1">
      <action face="1" motionface="1">ugc.15689601.stand.xml</action>
      <x>466</x>
      <y>249</y>
      <xscale>0.65</xscale>
      <yscale>0.65</yscale>
      <rotation>0</rotation>
    </char>
    <char id="AVATOR67" index="7" raceCode="1">
      <action face="-1" motionface="1">ugc.15688438.stand.xml</action>
      <x>373</x>
      <y>255</y>
      <xscale>0.73</xscale>
      <yscale>0.73</yscale>
      <rotation>0</rotation>
    </char>
    <prop id="PROP37" index="2">
      <file>custom.coffee_shop_table.swf</file>
      <x>156</x>
      <y>255</y>
      <xscale>0.45</xscale>
      <yscale>0.45</yscale>
      <face>1</face>
      <rotation>0.1</rotation>
    </prop>
    <prop id="PROP22" index="3">
      <file>custom.coffee_shop_counter.swf</file>
      <x>451</x>
      <y>298</y>
      <xscale>1</xscale>
      <yscale>1</yscale>
      <face>1</face>
      <rotation>0</rotation>
    </prop>
    <prop id="PROP40" index="4">
      <file>custom.coffee_shop_chair.swf</file>
      <x>60</x>
      <y>306</y>
      <xscale>0.74</xscale>
      <yscale>0.74</yscale>
      <face>-1</face>
      <rotation>0</rotation>
    </prop>
    <prop id="PROP41" index="5">
      <file>custom.coffee_shop_chair.swf</file>
      <x>175</x>
      <y>310</y>
      <xscale>0.75</xscale>
      <yscale>0.75</yscale>
      <face>1</face>
      <rotation>0</rotation>
    </prop>
    <prop id="PROP25" index="6">
      <file>custom.coffee_shop_table.swf</file>
      <x>114</x>
      <y>310</y>
      <xscale>0.87</xscale>
      <yscale>0.87</yscale>
      <face>1</face>
      <rotation>0.1</rotation>
    </prop>
    <prop id="PROP45" index="8">
      <file>custom.coffee_shop_chair.swf</file>
      <x>423</x>
      <y>352</y>
      <xscale>1</xscale>
      <yscale>1</yscale>
      <face>1</face>
      <rotation>0</rotation>
    </prop>
    <prop id="PROP28" index="9">
      <file>custom.coffee_shop_chair.swf</file>
      <x>247</x>
      <y>341</y>
      <xscale>1</xscale>
      <yscale>1</yscale>
      <face>-1</face>
      <rotation>0</rotation>
    </prop>
    <prop id="PROP48" index="10">
      <file>custom.coffee_shop_table.swf</file>
      <x>341</x>
      <y>355</y>
      <xscale>1</xscale>
      <yscale>1</yscale>
      <face>1</face>
      <rotation>0</rotation>
    </prop>
    <effectAsset id="EFFECT2" themecode="common" index="11">
      <effect x="0" y="0" w="404" h="227.7090909" rotate="0" id="cut" type="ZOOM" isCut="true" isPan="false"/>
      <x>193</x>
      <y>91.9854545</y>
      <width>404</width>
      <height>260.0290909</height>
      <speech>0</speech>
    </effectAsset>
  </scene>
  <scene id="SCENE28" adelay="60" lock="N" index="4" color="16777215" guid="984CFC35-2E37-C37E-124A-AF69A890AE44">
    <durationSetting countMinimum="1" countTransition="1" countAction="1" countBubble="1" countSpeech="1"/>
    <bubbleAsset id="BUBBLE342" index="1">
      <x>263</x>
      <y>159</y>
      <xscale>1</xscale>
      <yscale>1</yscale>
      <rotation>0</rotation>
      <fx>easeNone</fx>
      <fxdur>0</fxdur>
      <bubble x="0" y="0" w="180" h="90" rotate="0" type="BLANK" hasTail="0" colorStyle="1" autoTextResize="true">
        <body rgb="16777215" shadow="1" bgAlpha="0" linergb="0" tailx="180" taily="110" paddingHorizontal="0" paddingVertical="0"/>
        <text rgb="0" alpha="100" font="Accidental Presidency" size="48" align="center" bold="false" italic="false" embed="true">character:1</text>
        <url target="top"><![CDATA[]]></url>
      </bubble>
    </bubbleAsset>
    <effectAsset id="EFFECT44" themecode="common" index="2">
      <effect x="0" y="0" w="550" h="310" rotate="0" id="cut" type="ZOOM" isCut="true" isPan="false"/>
      <x>47</x>
      <y>24</y>
      <width>550</width>
      <height>354</height>
      <speech>0</speech>
    </effectAsset>
  </scene>
  <scene id="SCENE29" adelay="60" lock="N" index="5" color="16777215" guid="3564C584-5C26-3021-7E47-871077B47CCF">
    <durationSetting countMinimum="1" countTransition="1" countAction="1" countBubble="1" countSpeech="1"/>
    <char id="AVATOR343" index="1" raceCode="1">
      <action face="-1" motionface="1">ugc.15688438.stand.xml</action>
      <x>325</x>
      <y>223</y>
      <xscale>1.14</xscale>
      <yscale>1.14</yscale>
      <rotation>0</rotation>
    </char>
    <effectAsset id="EFFECT46" themecode="common" index="2">
      <effect x="0" y="0" w="550" h="310" rotate="0" id="cut" type="ZOOM" isCut="true" isPan="false"/>
      <x>47</x>
      <y>24</y>
      <width>550</width>
      <height>354</height>
      <speech>0</speech>
    </effectAsset>
  </scene>
  <scene id="SCENE30" adelay="60" lock="N" index="6" color="16777215" guid="B8BC6B28-F992-6E8C-B2BC-198668685120">
    <durationSetting countMinimum="1" countTransition="1" countAction="1" countBubble="1" countSpeech="1"/>
    <bubbleAsset id="BUBBLE348" index="1">
      <x>263</x>
      <y>159</y>
      <xscale>1</xscale>
      <yscale>1</yscale>
      <rotation>0</rotation>
      <fx>easeNone</fx>
      <fxdur>0</fxdur>
      <bubble x="0" y="0" w="180" h="90" rotate="0" type="BLANK" hasTail="0" colorStyle="1" autoTextResize="true">
        <body rgb="16777215" shadow="1" bgAlpha="0" linergb="0" tailx="180" taily="110" paddingHorizontal="0" paddingVertical="0"/>
        <text rgb="0" alpha="100" font="Accidental Presidency" size="47" align="center" bold="false" italic="false" embed="true">character:2</text>
        <url target="top"><![CDATA[]]></url>
      </bubble>
    </bubbleAsset>
    <effectAsset id="EFFECT48" themecode="common" index="2">
      <effect x="0" y="0" w="550" h="310" rotate="0" id="cut" type="ZOOM" isCut="true" isPan="false"/>
      <x>47</x>
      <y>24</y>
      <width>550</width>
      <height>354</height>
      <speech>0</speech>
    </effectAsset>
  </scene>
  <scene id="SCENE31" adelay="60" lock="N" index="7" color="16777215" guid="136C4EB6-8067-E02E-4888-AAE9D709902F">
    <durationSetting countMinimum="1" countTransition="1" countAction="1" countBubble="1" countSpeech="1"/>
    <char id="AVATOR346" index="1" raceCode="1">
      <action face="1" motionface="1">ugc.15689601.stand.xml</action>
      <x>331</x>
      <y>228</y>
      <xscale>0.99</xscale>
      <yscale>0.99</yscale>
      <rotation>0</rotation>
    </char>
    <effectAsset id="EFFECT50" themecode="common" index="2">
      <effect x="0" y="0" w="550" h="310" rotate="0" id="cut" type="ZOOM" isCut="true" isPan="false"/>
      <x>47</x>
      <y>24</y>
      <width>550</width>
      <height>354</height>
      <speech>0</speech>
    </effectAsset>
  </scene>
  <scene id="SCENE32" adelay="60" lock="N" index="8" color="16777215" guid="B209BA03-FC68-A88B-56F3-DC5ED349E4F4">
    <durationSetting countMinimum="1" countTransition="1" countAction="1" countBubble="1" countSpeech="1"/>
    <bubbleAsset id="BUBBLE349" index="1">
      <x>231</x>
      <y>161</y>
      <xscale>1</xscale>
      <yscale>1</yscale>
      <rotation>0</rotation>
      <fx>easeNone</fx>
      <fxdur>0</fxdur>
      <bubble x="0" y="0" w="180" h="90" rotate="0" type="BLANK" hasTail="0" colorStyle="1" autoTextResize="true">
        <body rgb="16777215" shadow="1" bgAlpha="0" linergb="0" tailx="180" taily="110" paddingHorizontal="0" paddingVertical="0"/>
        <text rgb="0" alpha="100" font="Accidental Presidency" size="74" align="center" bold="false" italic="false" embed="true">1:talk:1</text>
        <url target="top"><![CDATA[]]></url>
      </bubble>
    </bubbleAsset>
    <effectAsset id="EFFECT52" themecode="common" index="2">
      <effect x="0" y="0" w="550" h="310" rotate="0" id="cut" type="ZOOM" isCut="true" isPan="false"/>
      <x>47</x>
      <y>24</y>
      <width>550</width>
      <height>354</height>
      <speech>0</speech>
    </effectAsset>
  </scene>
  <scene id="SCENE33" adelay="60" lock="N" index="9" color="16777215" guid="9DD13233-DA38-E41C-5F93-C97D858A4C96">
    <durationSetting countMinimum="1" countTransition="1" countAction="1" countBubble="1" countSpeech="1"/>
    <bg id="cbg_coffee_shop_BG9" index="0">
      <file>custom.coffee_shop_bg.swf</file>
    </bg>
    <char id="AVATOR66" index="1" raceCode="1">
      <action face="1" motionface="1">ugc.15689601.stand.xml</action>
      <x>466</x>
      <y>249</y>
      <xscale>0.65</xscale>
      <yscale>0.65</yscale>
      <rotation>0</rotation>
    </char>
    <char id="AVATOR67" index="7" raceCode="1">
      <action face="-1" motionface="1">ugc.15688438.stand.xml</action>
      <head id="PROP107" raceCode="1">
        <file>ugc.15688438.head.head_neutral.xml</file>
      </head>
      <x>373</x>
      <y>255</y>
      <xscale>0.73</xscale>
      <yscale>0.73</yscale>
      <rotation>0</rotation>
    </char>
    <prop id="PROP33" index="2">
      <file>custom.coffee_shop_table.swf</file>
      <x>156</x>
      <y>255</y>
      <xscale>0.45</xscale>
      <yscale>0.45</yscale>
      <face>1</face>
      <rotation>0.1</rotation>
    </prop>
    <prop id="PROP54" index="3">
      <file>custom.coffee_shop_counter.swf</file>
      <x>451</x>
      <y>298</y>
      <xscale>1</xscale>
      <yscale>1</yscale>
      <face>1</face>
      <rotation>0</rotation>
    </prop>
    <prop id="PROP35" index="4">
      <file>custom.coffee_shop_chair.swf</file>
      <x>60</x>
      <y>306</y>
      <xscale>0.74</xscale>
      <yscale>0.74</yscale>
      <face>-1</face>
      <rotation>0</rotation>
    </prop>
    <prop id="PROP57" index="5">
      <file>custom.coffee_shop_chair.swf</file>
      <x>175</x>
      <y>310</y>
      <xscale>0.75</xscale>
      <yscale>0.75</yscale>
      <face>1</face>
      <rotation>0</rotation>
    </prop>
    <prop id="PROP66" index="6">
      <file>custom.coffee_shop_table.swf</file>
      <x>114</x>
      <y>310</y>
      <xscale>0.87</xscale>
      <yscale>0.87</yscale>
      <face>1</face>
      <rotation>0.1</rotation>
    </prop>
    <prop id="PROP69" index="8">
      <file>custom.coffee_shop_chair.swf</file>
      <x>423</x>
      <y>352</y>
      <xscale>1</xscale>
      <yscale>1</yscale>
      <face>1</face>
      <rotation>0</rotation>
    </prop>
    <prop id="PROP70" index="9">
      <file>custom.coffee_shop_chair.swf</file>
      <x>247</x>
      <y>341</y>
      <xscale>1</xscale>
      <yscale>1</yscale>
      <face>-1</face>
      <rotation>0</rotation>
    </prop>
    <prop id="PROP71" index="10">
      <file>custom.coffee_shop_table.swf</file>
      <x>341</x>
      <y>355</y>
      <xscale>1</xscale>
      <yscale>1</yscale>
      <face>1</face>
      <rotation>0</rotation>
    </prop>
    <effectAsset id="EFFECT2" themecode="common" index="11">
      <effect x="0" y="0" w="404" h="227.7090909" rotate="0" id="cut" type="ZOOM" isCut="true" isPan="false"/>
      <x>193</x>
      <y>91.9854545</y>
      <width>404</width>
      <height>260.0290909</height>
      <speech>0</speech>
    </effectAsset>
  </scene>
  <scene id="SCENE34" adelay="60" lock="N" index="10" color="16777215" guid="E2EB3515-6A6E-BAB8-1C5C-320C708D0006">
    <durationSetting countMinimum="1" countTransition="1" countAction="1" countBubble="1" countSpeech="1"/>
    <bubbleAsset id="BUBBLE350" index="1">
      <x>227</x>
      <y>155</y>
      <xscale>1</xscale>
      <yscale>1</yscale>
      <rotation>0</rotation>
      <fx>easeNone</fx>
      <fxdur>0</fxdur>
      <bubble x="0" y="0" w="180" h="90" rotate="0" type="BLANK" hasTail="0" colorStyle="1" autoTextResize="true">
        <body rgb="16777215" shadow="1" bgAlpha="0" linergb="0" tailx="180" taily="110" paddingHorizontal="0" paddingVertical="0"/>
        <text rgb="0" alpha="100" font="Accidental Presidency" size="74" align="center" bold="false" italic="false" embed="true">1:talk:2</text>
        <url target="top"><![CDATA[]]></url>
      </bubble>
    </bubbleAsset>
    <effectAsset id="EFFECT55" themecode="common" index="2">
      <effect x="0" y="0" w="550" h="310" rotate="0" id="cut" type="ZOOM" isCut="true" isPan="false"/>
      <x>47</x>
      <y>24</y>
      <width>550</width>
      <height>354</height>
      <speech>0</speech>
    </effectAsset>
  </scene>
  <scene id="SCENE35" adelay="101" lock="N" index="11" color="16777215" guid="EE9B55A4-A925-2FBD-ADC4-736813CB0FE2">
    <durationSetting countMinimum="1" countTransition="1" countAction="1" countBubble="1" countSpeech="1"/>
    <bg id="cbg_coffee_shop_BG9" index="0">
      <file>custom.coffee_shop_bg.swf</file>
    </bg>
    <char id="AVATOR66" index="2" raceCode="1">
      <action face="1" motionface="1">ugc.15689601.stand.xml</action>
      <x>466</x>
      <y>249</y>
      <xscale>0.65</xscale>
      <yscale>0.65</yscale>
      <rotation>0</rotation>
    </char>
    <char id="AVATOR67" index="8" raceCode="1">
      <action face="-1" motionface="1">ugc.15688438.talk.xml</action>
      <head id="PROP108" raceCode="1">
        <file>ugc.15688438.head.head_neutral.xml</file>
      </head>
      <x>373</x>
      <y>255</y>
      <xscale>0.73</xscale>
      <yscale>0.73</yscale>
      <rotation>0</rotation>
    </char>
    <prop id="PROP161" index="1">
      <file>ugc.16968414.jpg</file>
      <x>320.7</x>
      <y>200.7</y>
      <xscale>0.63</xscale>
      <yscale>0.63</yscale>
      <face>1</face>
      <rotation>0</rotation>
    </prop>
    <prop id="PROP74" index="3">
      <file>custom.coffee_shop_table.swf</file>
      <x>156</x>
      <y>255</y>
      <xscale>0.45</xscale>
      <yscale>0.45</yscale>
      <face>1</face>
      <rotation>0.1</rotation>
    </prop>
    <prop id="PROP75" index="4">
      <file>custom.coffee_shop_chair.swf</file>
      <x>60</x>
      <y>306</y>
      <xscale>0.74</xscale>
      <yscale>0.74</yscale>
      <face>-1</face>
      <rotation>0</rotation>
    </prop>
    <prop id="PROP76" index="5">
      <file>custom.coffee_shop_chair.swf</file>
      <x>175</x>
      <y>310</y>
      <xscale>0.75</xscale>
      <yscale>0.75</yscale>
      <face>1</face>
      <rotation>0</rotation>
    </prop>
    <prop id="PROP77" index="6">
      <file>custom.coffee_shop_table.swf</file>
      <x>114</x>
      <y>310</y>
      <xscale>0.87</xscale>
      <yscale>0.87</yscale>
      <face>1</face>
      <rotation>0.1</rotation>
    </prop>
    <prop id="PROP153" index="7">
      <file>ugc.17512454.swf</file>
      <x>450.8</x>
      <y>296.1</y>
      <xscale>1</xscale>
      <yscale>1</yscale>
      <face>1</face>
      <rotation>0</rotation>
    </prop>
    <prop id="PROP81" index="9">
      <file>custom.coffee_shop_chair.swf</file>
      <x>425.9</x>
      <y>373.9</y>
      <xscale>1</xscale>
      <yscale>1</yscale>
      <face>1</face>
      <rotation>0</rotation>
    </prop>
    <prop id="PROP82" index="10">
      <file>custom.coffee_shop_chair.swf</file>
      <x>247</x>
      <y>341</y>
      <xscale>1</xscale>
      <yscale>1</yscale>
      <face>-1</face>
      <rotation>0</rotation>
    </prop>
    <prop id="PROP83" index="11">
      <file>custom.coffee_shop_table.swf</file>
      <x>341</x>
      <y>355</y>
      <xscale>1</xscale>
      <yscale>1</yscale>
      <face>1</face>
      <rotation>0</rotation>
    </prop>
    <effectAsset id="EFFECT2" themecode="common" index="12">
      <effect x="0" y="0" w="267.4" h="150.7163636" rotate="0" id="cut" type="ZOOM" isCut="true" isPan="false"/>
      <x>272.9</x>
      <y>126.9958182</y>
      <width>267.4</width>
      <height>172.1083636</height>
      <speech>0</speech>
    </effectAsset>
  </scene>
  <scene id="SCENE36" adelay="60" lock="N" index="12" color="16777215" guid="5AFD6F81-A4FF-EDB9-B1EF-A3741CA22E68">
    <durationSetting countMinimum="1" countTransition="1" countAction="1" countBubble="1" countSpeech="1"/>
    <bubbleAsset id="BUBBLE351" index="1">
      <x>224</x>
      <y>166</y>
      <xscale>1</xscale>
      <yscale>1</yscale>
      <rotation>0</rotation>
      <fx>easeNone</fx>
      <fxdur>0</fxdur>
      <bubble x="0" y="0" w="180" h="90" rotate="0" type="BLANK" hasTail="0" colorStyle="1" autoTextResize="true">
        <body rgb="16777215" shadow="1" bgAlpha="0" linergb="0" tailx="180" taily="110" paddingHorizontal="0" paddingVertical="0"/>
        <text rgb="0" alpha="100" font="Accidental Presidency" size="74" align="center" bold="false" italic="false" embed="true">1:talk:3</text>
        <url target="top"><![CDATA[]]></url>
      </bubble>
    </bubbleAsset>
    <effectAsset id="EFFECT58" themecode="common" index="2">
      <effect x="0" y="0" w="550" h="310" rotate="0" id="cut" type="ZOOM" isCut="true" isPan="false"/>
      <x>47</x>
      <y>24</y>
      <width>550</width>
      <height>354</height>
      <speech>0</speech>
    </effectAsset>
  </scene>
  <scene id="SCENE37" adelay="101" lock="N" index="13" color="16777215" guid="5C76DF46-EC2D-669D-16BA-974E81A10E0D">
    <durationSetting countMinimum="1" countTransition="1" countAction="1" countBubble="1" countSpeech="1"/>
    <bg id="cbg_coffee_shop_BG9" index="0">
      <file>custom.coffee_shop_bg.swf</file>
    </bg>
    <char id="AVATOR66" index="2" raceCode="1">
      <action face="1" motionface="1">ugc.15689601.stand.xml</action>
      <x>482</x>
      <y>249</y>
      <xscale>0.65</xscale>
      <yscale>0.65</yscale>
      <rotation>0</rotation>
    </char>
    <char id="AVATOR67" index="8" raceCode="1">
      <action face="-1" motionface="1">ugc.15688438.talk.xml</action>
      <head id="PROP113" raceCode="1">
        <file>ugc.15688438.head.head_neutral.xml</file>
      </head>
      <x>373</x>
      <y>255</y>
      <xscale>0.73</xscale>
      <yscale>0.73</yscale>
      <rotation>0</rotation>
    </char>
    <prop id="PROP151" index="1">
      <file>ugc.16955209.jpg</file>
      <x>420</x>
      <y>215</y>
      <xscale>0.43</xscale>
      <yscale>0.43</yscale>
      <face>1</face>
      <rotation>0</rotation>
    </prop>
    <prop id="PROP154" index="3">
      <file>ugc.17512454.swf</file>
      <x>450.8</x>
      <y>296.1</y>
      <xscale>1</xscale>
      <yscale>1</yscale>
      <face>1</face>
      <rotation>0</rotation>
    </prop>
    <prop id="PROP87" index="4">
      <file>custom.coffee_shop_table.swf</file>
      <x>156</x>
      <y>255</y>
      <xscale>0.45</xscale>
      <yscale>0.45</yscale>
      <face>1</face>
      <rotation>0.1</rotation>
    </prop>
    <prop id="PROP88" index="5">
      <file>custom.coffee_shop_chair.swf</file>
      <x>60</x>
      <y>306</y>
      <xscale>0.74</xscale>
      <yscale>0.74</yscale>
      <face>-1</face>
      <rotation>0</rotation>
    </prop>
    <prop id="PROP89" index="6">
      <file>custom.coffee_shop_chair.swf</file>
      <x>175</x>
      <y>310</y>
      <xscale>0.75</xscale>
      <yscale>0.75</yscale>
      <face>1</face>
      <rotation>0</rotation>
    </prop>
    <prop id="PROP90" index="7">
      <file>custom.coffee_shop_table.swf</file>
      <x>114</x>
      <y>310</y>
      <xscale>0.87</xscale>
      <yscale>0.87</yscale>
      <face>1</face>
      <rotation>0.1</rotation>
    </prop>
    <prop id="PROP93" index="9">
      <file>custom.coffee_shop_chair.swf</file>
      <x>423</x>
      <y>352</y>
      <xscale>1</xscale>
      <yscale>1</yscale>
      <face>1</face>
      <rotation>0</rotation>
    </prop>
    <prop id="PROP94" index="10">
      <file>custom.coffee_shop_chair.swf</file>
      <x>247</x>
      <y>341</y>
      <xscale>1</xscale>
      <yscale>1</yscale>
      <face>-1</face>
      <rotation>0</rotation>
    </prop>
    <prop id="PROP95" index="11">
      <file>custom.coffee_shop_table.swf</file>
      <x>341</x>
      <y>355</y>
      <xscale>1</xscale>
      <yscale>1</yscale>
      <face>1</face>
      <rotation>0</rotation>
    </prop>
    <effectAsset id="EFFECT2" themecode="common" index="12">
      <effect x="0" y="0" w="152.5" h="85.9545455" rotate="0" id="cut" type="ZOOM" isCut="true" isPan="false"/>
      <x>297.2</x>
      <y>145.0227273</y>
      <width>152.5</width>
      <height>98.1545455</height>
      <speech>0</speech>
    </effectAsset>
  </scene>
  <scene id="SCENE38" adelay="60" lock="N" index="14" color="16777215" guid="9BA24C81-193E-70F6-3B2D-02052283A880">
    <durationSetting countMinimum="1" countTransition="1" countAction="1" countBubble="1" countSpeech="1"/>
    <bubbleAsset id="BUBBLE352" index="1">
      <x>235</x>
      <y>155</y>
      <xscale>1</xscale>
      <yscale>1</yscale>
      <rotation>0</rotation>
      <fx>easeNone</fx>
      <fxdur>0</fxdur>
      <bubble x="0" y="0" w="180" h="90" rotate="0" type="BLANK" hasTail="0" colorStyle="1" autoTextResize="true">
        <body rgb="16777215" shadow="1" bgAlpha="0" linergb="0" tailx="180" taily="110" paddingHorizontal="0" paddingVertical="0"/>
        <text rgb="0" alpha="100" font="Accidental Presidency" size="74" align="center" bold="false" italic="false" embed="true">2:talk:1</text>
        <url target="top"><![CDATA[]]></url>
      </bubble>
    </bubbleAsset>
    <effectAsset id="EFFECT61" themecode="common" index="2">
      <effect x="0" y="0" w="550" h="310" rotate="0" id="cut" type="ZOOM" isCut="true" isPan="false"/>
      <x>47</x>
      <y>24</y>
      <width>550</width>
      <height>354</height>
      <speech>0</speech>
    </effectAsset>
  </scene>
  <scene id="SCENE39" adelay="72" lock="Y" index="15" color="16777215" guid="1E859F8B-EA93-AB7E-2013-2366D3ACAE10">
    <bg id="cbg_coffee_shop_BG9" index="0">
      <file>custom.coffee_shop_bg.swf</file>
    </bg>
    <char id="AVATOR66" index="1" raceCode="1">
      <action face="1" motionface="1">ugc.15689601.talk.xml</action>
      <head id="PROP114" raceCode="1">
        <file>ugc.15689601.head.head_neutral.xml</file>
      </head>
      <x>466</x>
      <y>249</y>
      <xscale>0.65</xscale>
      <yscale>0.65</yscale>
      <rotation>0</rotation>
    </char>
    <char id="AVATOR67" index="7" raceCode="1">
      <action face="-1" motionface="1">ugc.15688438.stand.xml</action>
      <x>373</x>
      <y>255</y>
      <xscale>0.73</xscale>
      <yscale>0.73</yscale>
      <rotation>0</rotation>
    </char>
    <prop id="PROP97" index="2">
      <file>custom.coffee_shop_table.swf</file>
      <x>156</x>
      <y>255</y>
      <xscale>0.45</xscale>
      <yscale>0.45</yscale>
      <face>1</face>
      <rotation>0.1</rotation>
    </prop>
    <prop id="PROP98" index="3">
      <file>custom.coffee_shop_chair.swf</file>
      <x>60</x>
      <y>306</y>
      <xscale>0.74</xscale>
      <yscale>0.74</yscale>
      <face>-1</face>
      <rotation>0</rotation>
    </prop>
    <prop id="PROP99" index="4">
      <file>custom.coffee_shop_chair.swf</file>
      <x>175</x>
      <y>310</y>
      <xscale>0.75</xscale>
      <yscale>0.75</yscale>
      <face>1</face>
      <rotation>0</rotation>
    </prop>
    <prop id="PROP100" index="5">
      <file>custom.coffee_shop_table.swf</file>
      <x>114</x>
      <y>310</y>
      <xscale>0.87</xscale>
      <yscale>0.87</yscale>
      <face>1</face>
      <rotation>0.1</rotation>
    </prop>
    <prop id="PROP101" index="6">
      <file>custom.coffee_shop_counter.swf</file>
      <x>451</x>
      <y>298</y>
      <xscale>1</xscale>
      <yscale>1</yscale>
      <face>1</face>
      <rotation>0</rotation>
    </prop>
    <prop id="PROP103" index="8">
      <file>custom.coffee_shop_chair.swf</file>
      <x>423</x>
      <y>352</y>
      <xscale>1</xscale>
      <yscale>1</yscale>
      <face>1</face>
      <rotation>0</rotation>
    </prop>
    <prop id="PROP104" index="9">
      <file>custom.coffee_shop_chair.swf</file>
      <x>247</x>
      <y>341</y>
      <xscale>1</xscale>
      <yscale>1</yscale>
      <face>-1</face>
      <rotation>0</rotation>
    </prop>
    <prop id="PROP105" index="10">
      <file>custom.coffee_shop_table.swf</file>
      <x>341</x>
      <y>355</y>
      <xscale>1</xscale>
      <yscale>1</yscale>
      <face>1</face>
      <rotation>0</rotation>
    </prop>
    <effectAsset id="EFFECT2" themecode="common" index="11">
      <effect x="0" y="0" w="404" h="227.7090909" rotate="0" id="cut" type="ZOOM" isCut="true" isPan="false"/>
      <x>193</x>
      <y>91.9854545</y>
      <width>404</width>
      <height>260.0290909</height>
      <speech>0</speech>
    </effectAsset>
  </scene>
  <scene id="SCENE40" adelay="60" lock="N" index="16" color="16777215" guid="D5C84D07-4979-C027-FC23-145036A8F4FA">
    <durationSetting countMinimum="1" countTransition="1" countAction="1" countBubble="1" countSpeech="1"/>
    <bubbleAsset id="BUBBLE353" index="1">
      <x>256</x>
      <y>161</y>
      <xscale>1</xscale>
      <yscale>1</yscale>
      <rotation>0</rotation>
      <fx>easeNone</fx>
      <fxdur>0</fxdur>
      <bubble x="0" y="0" w="180" h="90" rotate="0" type="BLANK" hasTail="0" colorStyle="1" autoTextResize="true">
        <body rgb="16777215" shadow="1" bgAlpha="0" linergb="0" tailx="180" taily="110" paddingHorizontal="0" paddingVertical="0"/>
        <text rgb="0" alpha="100" font="Accidental Presidency" size="74" align="center" bold="false" italic="false" embed="true">2:talk:2</text>
        <url target="top"><![CDATA[]]></url>
      </bubble>
    </bubbleAsset>
    <effectAsset id="EFFECT64" themecode="common" index="2">
      <effect x="0" y="0" w="550" h="310" rotate="0" id="cut" type="ZOOM" isCut="true" isPan="false"/>
      <x>47</x>
      <y>24</y>
      <width>550</width>
      <height>354</height>
      <speech>0</speech>
    </effectAsset>
  </scene>
  <scene id="SCENE41" adelay="60" lock="N" index="17" color="16777215" guid="516747F0-B15A-B8CB-1739-483DD5E8C8B3">
    <durationSetting countMinimum="1" countTransition="1" countAction="1" countBubble="1" countSpeech="1"/>
    <bg id="cbg_coffee_shop_BG9" index="0">
      <file>custom.coffee_shop_bg.swf</file>
    </bg>
    <char id="AVATOR66" index="2" raceCode="1">
      <action face="1" motionface="1">ugc.15689601.stand.xml</action>
      <head id="PROP118" raceCode="1">
        <file>ugc.15689601.head.head_neutral.xml</file>
      </head>
      <x>466</x>
      <y>249</y>
      <xscale>0.65</xscale>
      <yscale>0.65</yscale>
      <rotation>0</rotation>
    </char>
    <char id="AVATOR67" index="8" raceCode="1">
      <action face="-1" motionface="1">ugc.15688438.stand.xml</action>
      <x>373</x>
      <y>255</y>
      <xscale>0.73</xscale>
      <yscale>0.73</yscale>
      <rotation>0</rotation>
    </char>
    <prop id="PROP162" index="1">
      <file>ugc.16968414.jpg</file>
      <x>320.7</x>
      <y>200.7</y>
      <xscale>0.63</xscale>
      <yscale>0.63</yscale>
      <face>1</face>
      <rotation>0</rotation>
    </prop>
    <prop id="PROP109" index="3">
      <file>custom.coffee_shop_table.swf</file>
      <x>156</x>
      <y>255</y>
      <xscale>0.45</xscale>
      <yscale>0.45</yscale>
      <face>1</face>
      <rotation>0.1</rotation>
    </prop>
    <prop id="PROP110" index="4">
      <file>custom.coffee_shop_chair.swf</file>
      <x>60</x>
      <y>306</y>
      <xscale>0.74</xscale>
      <yscale>0.74</yscale>
      <face>-1</face>
      <rotation>0</rotation>
    </prop>
    <prop id="PROP111" index="5">
      <file>custom.coffee_shop_chair.swf</file>
      <x>175</x>
      <y>310</y>
      <xscale>0.75</xscale>
      <yscale>0.75</yscale>
      <face>1</face>
      <rotation>0</rotation>
    </prop>
    <prop id="PROP112" index="6">
      <file>custom.coffee_shop_table.swf</file>
      <x>114</x>
      <y>310</y>
      <xscale>0.87</xscale>
      <yscale>0.87</yscale>
      <face>1</face>
      <rotation>0.1</rotation>
    </prop>
    <prop id="PROP158" index="7">
      <file>ugc.17512454.swf</file>
      <x>450.8</x>
      <y>296.1</y>
      <xscale>1</xscale>
      <yscale>1</yscale>
      <face>1</face>
      <rotation>0</rotation>
    </prop>
    <prop id="PROP115" index="9">
      <file>custom.coffee_shop_chair.swf</file>
      <x>423</x>
      <y>366.3</y>
      <xscale>1</xscale>
      <yscale>1</yscale>
      <face>1</face>
      <rotation>0</rotation>
    </prop>
    <prop id="PROP116" index="10">
      <file>custom.coffee_shop_chair.swf</file>
      <x>247</x>
      <y>341</y>
      <xscale>1</xscale>
      <yscale>1</yscale>
      <face>-1</face>
      <rotation>0</rotation>
    </prop>
    <prop id="PROP117" index="11">
      <file>custom.coffee_shop_table.swf</file>
      <x>341</x>
      <y>355</y>
      <xscale>1</xscale>
      <yscale>1</yscale>
      <face>1</face>
      <rotation>0</rotation>
    </prop>
    <effectAsset id="EFFECT2" themecode="common" index="12">
      <effect x="0" y="0" w="267.4" h="150.7163636" rotate="0" id="cut" type="ZOOM" isCut="true" isPan="false"/>
      <x>272.9</x>
      <y>126.9958182</y>
      <width>267.4</width>
      <height>172.1083636</height>
      <speech>0</speech>
    </effectAsset>
  </scene>
  <scene id="SCENE42" adelay="60" lock="N" index="18" color="16777215" guid="8A2F37C9-3FE2-8E06-5367-BB941901AA43">
    <durationSetting countMinimum="1" countTransition="1" countAction="1" countBubble="1" countSpeech="1"/>
    <bubbleAsset id="BUBBLE354" index="1">
      <x>248</x>
      <y>154</y>
      <xscale>1</xscale>
      <yscale>1</yscale>
      <rotation>0</rotation>
      <fx>easeNone</fx>
      <fxdur>0</fxdur>
      <bubble x="0" y="0" w="180" h="90" rotate="0" type="BLANK" hasTail="0" colorStyle="1" autoTextResize="true">
        <body rgb="16777215" shadow="1" bgAlpha="0" linergb="0" tailx="180" taily="110" paddingHorizontal="0" paddingVertical="0"/>
        <text rgb="0" alpha="100" font="Accidental Presidency" size="74" align="center" bold="false" italic="false" embed="true">2:talk:3</text>
        <url target="top"><![CDATA[]]></url>
      </bubble>
    </bubbleAsset>
    <effectAsset id="EFFECT67" themecode="common" index="2">
      <effect x="0" y="0" w="550" h="310" rotate="0" id="cut" type="ZOOM" isCut="true" isPan="false"/>
      <x>47</x>
      <y>24</y>
      <width>550</width>
      <height>354</height>
      <speech>0</speech>
    </effectAsset>
  </scene>
  <scene id="SCENE43" adelay="60" lock="N" index="19" color="16777215" guid="DF4BA015-8DAF-9399-238F-2E559E51572C">
    <durationSetting countMinimum="1" countTransition="1" countAction="1" countBubble="1" countSpeech="1"/>
    <bg id="cbg_coffee_shop_BG9" index="0">
      <file>custom.coffee_shop_bg.swf</file>
    </bg>
    <char id="AVATOR66" index="2" raceCode="1">
      <action face="1" motionface="1">ugc.15689601.stand.xml</action>
      <head id="PROP119" raceCode="1">
        <file>ugc.15689601.head.head_neutral.xml</file>
      </head>
      <x>482</x>
      <y>249</y>
      <xscale>0.65</xscale>
      <yscale>0.65</yscale>
      <rotation>0</rotation>
    </char>
    <char id="AVATOR67" index="8" raceCode="1">
      <action face="-1" motionface="1">ugc.15688438.stand.xml</action>
      <x>373</x>
      <y>255</y>
      <xscale>0.73</xscale>
      <yscale>0.73</yscale>
      <rotation>0</rotation>
    </char>
    <prop id="PROP152" index="1">
      <file>ugc.16955209.jpg</file>
      <x>427</x>
      <y>214</y>
      <xscale>0.45</xscale>
      <yscale>0.45</yscale>
      <face>1</face>
      <rotation>0</rotation>
    </prop>
    <prop id="PROP123" index="3">
      <file>custom.coffee_shop_table.swf</file>
      <x>156</x>
      <y>255</y>
      <xscale>0.45</xscale>
      <yscale>0.45</yscale>
      <face>1</face>
      <rotation>0.1</rotation>
    </prop>
    <prop id="PROP122" index="4">
      <file>custom.coffee_shop_counter.swf</file>
      <x>451</x>
      <y>298</y>
      <xscale>1</xscale>
      <yscale>1</yscale>
      <face>1</face>
      <rotation>0</rotation>
    </prop>
    <prop id="PROP126" index="5">
      <file>custom.coffee_shop_chair.swf</file>
      <x>60</x>
      <y>306</y>
      <xscale>0.74</xscale>
      <yscale>0.74</yscale>
      <face>-1</face>
      <rotation>0</rotation>
    </prop>
    <prop id="PROP127" index="6">
      <file>custom.coffee_shop_chair.swf</file>
      <x>175</x>
      <y>310</y>
      <xscale>0.75</xscale>
      <yscale>0.75</yscale>
      <face>1</face>
      <rotation>0</rotation>
    </prop>
    <prop id="PROP125" index="7">
      <file>custom.coffee_shop_table.swf</file>
      <x>114</x>
      <y>310</y>
      <xscale>0.87</xscale>
      <yscale>0.87</yscale>
      <face>1</face>
      <rotation>0.1</rotation>
    </prop>
    <prop id="PROP132" index="9">
      <file>custom.coffee_shop_chair.swf</file>
      <x>423</x>
      <y>352</y>
      <xscale>1</xscale>
      <yscale>1</yscale>
      <face>1</face>
      <rotation>0</rotation>
    </prop>
    <prop id="PROP133" index="10">
      <file>custom.coffee_shop_chair.swf</file>
      <x>247</x>
      <y>341</y>
      <xscale>1</xscale>
      <yscale>1</yscale>
      <face>-1</face>
      <rotation>0</rotation>
    </prop>
    <prop id="PROP129" index="11">
      <file>custom.coffee_shop_table.swf</file>
      <x>341</x>
      <y>355</y>
      <xscale>1</xscale>
      <yscale>1</yscale>
      <face>1</face>
      <rotation>0</rotation>
    </prop>
    <effectAsset id="EFFECT2" themecode="common" index="12">
      <effect x="0" y="0" w="140.1" h="78.9654545" rotate="0" id="cut" type="ZOOM" isCut="true" isPan="false"/>
      <x>413.5</x>
      <y>148.0632727</y>
      <width>140.1</width>
      <height>90.1734545</height>
      <speech>0</speech>
    </effectAsset>
  </scene>
  <scene id="SCENE44" adelay="60" lock="N" index="20" color="16777215" guid="E831B25C-30DF-F0C9-4FD2-AE6FA8C5411E">
    <durationSetting countMinimum="1" countTransition="1" countAction="1" countBubble="1" countSpeech="1"/>
    <bubbleAsset id="BUBBLE355" index="1">
      <x>238</x>
      <y>163</y>
      <xscale>1</xscale>
      <yscale>1</yscale>
      <rotation>0</rotation>
      <fx>easeNone</fx>
      <fxdur>0</fxdur>
      <bubble x="0" y="0" w="180" h="90" rotate="0" type="BLANK" hasTail="0" colorStyle="1" autoTextResize="true">
        <body rgb="16777215" shadow="1" bgAlpha="0" linergb="0" tailx="180" taily="110" paddingHorizontal="0" paddingVertical="0"/>
        <text rgb="0" alpha="100" font="Accidental Presidency" size="65" align="center" bold="false" italic="false" embed="true">closing:1</text>
        <url target="top"><![CDATA[]]></url>
      </bubble>
    </bubbleAsset>
    <effectAsset id="EFFECT70" themecode="common" index="2">
      <effect x="0" y="0" w="550" h="310" rotate="0" id="cut" type="ZOOM" isCut="true" isPan="false"/>
      <x>47</x>
      <y>24</y>
      <width>550</width>
      <height>354</height>
      <speech>0</speech>
    </effectAsset>
  </scene>
  <scene id="SCENE45" adelay="12" lock="Y" index="21" color="16777215" guid="55A71760-E5BE-FB7D-7180-714339F6185E">
    <bg id="cbg_coffee_shop_BG9" index="0">
      <file>custom.coffee_shop_bg.swf</file>
    </bg>
    <char id="AVATOR66" index="1" raceCode="1">
      <action face="1" motionface="1">ugc.15689601.stand.xml</action>
      <x>466</x>
      <y>249</y>
      <xscale>0.65</xscale>
      <yscale>0.65</yscale>
      <rotation>0</rotation>
    </char>
    <char id="AVATOR67" index="7" raceCode="1">
      <action face="-1" motionface="1">ugc.15688438.stand.xml</action>
      <x>373</x>
      <y>255</y>
      <xscale>0.73</xscale>
      <yscale>0.73</yscale>
      <rotation>0</rotation>
    </char>
    <prop id="PROP136" index="2">
      <file>custom.coffee_shop_table.swf</file>
      <x>156</x>
      <y>255</y>
      <xscale>0.45</xscale>
      <yscale>0.45</yscale>
      <face>1</face>
      <rotation>0.1</rotation>
    </prop>
    <prop id="PROP137" index="3">
      <file>custom.coffee_shop_counter.swf</file>
      <x>451</x>
      <y>298</y>
      <xscale>1</xscale>
      <yscale>1</yscale>
      <face>1</face>
      <rotation>0</rotation>
    </prop>
    <prop id="PROP138" index="4">
      <file>custom.coffee_shop_chair.swf</file>
      <x>60</x>
      <y>306</y>
      <xscale>0.74</xscale>
      <yscale>0.74</yscale>
      <face>-1</face>
      <rotation>0</rotation>
    </prop>
    <prop id="PROP139" index="5">
      <file>custom.coffee_shop_chair.swf</file>
      <x>175</x>
      <y>310</y>
      <xscale>0.75</xscale>
      <yscale>0.75</yscale>
      <face>1</face>
      <rotation>0</rotation>
    </prop>
    <prop id="PROP140" index="6">
      <file>custom.coffee_shop_table.swf</file>
      <x>114</x>
      <y>310</y>
      <xscale>0.87</xscale>
      <yscale>0.87</yscale>
      <face>1</face>
      <rotation>0.1</rotation>
    </prop>
    <prop id="PROP142" index="8">
      <file>custom.coffee_shop_chair.swf</file>
      <x>423</x>
      <y>352</y>
      <xscale>1</xscale>
      <yscale>1</yscale>
      <face>1</face>
      <rotation>0</rotation>
    </prop>
    <prop id="PROP143" index="9">
      <file>custom.coffee_shop_chair.swf</file>
      <x>247</x>
      <y>341</y>
      <xscale>1</xscale>
      <yscale>1</yscale>
      <face>-1</face>
      <rotation>0</rotation>
    </prop>
    <prop id="PROP144" index="10">
      <file>custom.coffee_shop_table.swf</file>
      <x>341</x>
      <y>355</y>
      <xscale>1</xscale>
      <yscale>1</yscale>
      <face>1</face>
      <rotation>0</rotation>
    </prop>
    <effectAsset id="EFFECT2" themecode="common" index="11">
      <effect x="0" y="0" w="404" h="227.7090909" rotate="0" id="cut" type="ZOOM" isCut="true" isPan="false"/>
      <x>193</x>
      <y>91.9854545</y>
      <width>404</width>
      <height>260.0290909</height>
      <speech>0</speech>
    </effectAsset>
  </scene>
  <scene id="SCENE46" adelay="84" lock="Y" index="22" color="16777215" guid="DD414D57-93B3-7C7D-2A8C-E7561D45B9AC">
    <bg id="cbg_coffee_shop_BG9" index="0">
      <file>custom.coffee_shop_bg.swf</file>
    </bg>
    <char id="AVATOR66" index="1" raceCode="1">
      <action face="1" motionface="1">ugc.15689601.stand.xml</action>
      <x>466</x>
      <y>249</y>
      <xscale>0.65</xscale>
      <yscale>0.65</yscale>
      <rotation>0</rotation>
    </char>
    <char id="AVATOR67" index="7" raceCode="1">
      <action face="-1" motionface="1">ugc.15688438.stand.xml</action>
      <x>373</x>
      <y>255</y>
      <xscale>0.73</xscale>
      <yscale>0.73</yscale>
      <rotation>0</rotation>
    </char>
    <prop id="PROP146" index="2">
      <file>custom.coffee_shop_table.swf</file>
      <x>156</x>
      <y>255</y>
      <xscale>0.45</xscale>
      <yscale>0.45</yscale>
      <face>1</face>
      <rotation>0.1</rotation>
    </prop>
    <prop id="PROP147" index="3">
      <file>custom.coffee_shop_counter.swf</file>
      <x>451</x>
      <y>298</y>
      <xscale>1</xscale>
      <yscale>1</yscale>
      <face>1</face>
      <rotation>0</rotation>
    </prop>
    <prop id="PROP148" index="4">
      <file>custom.coffee_shop_chair.swf</file>
      <x>60</x>
      <y>306</y>
      <xscale>0.74</xscale>
      <yscale>0.74</yscale>
      <face>-1</face>
      <rotation>0</rotation>
    </prop>
    <prop id="PROP149" index="5">
      <file>custom.coffee_shop_chair.swf</file>
      <x>175</x>
      <y>310</y>
      <xscale>0.75</xscale>
      <yscale>0.75</yscale>
      <face>1</face>
      <rotation>0</rotation>
    </prop>
    <prop id="PROP150" index="6">
      <file>custom.coffee_shop_table.swf</file>
      <x>114</x>
      <y>310</y>
      <xscale>0.87</xscale>
      <yscale>0.87</yscale>
      <face>1</face>
      <rotation>0.1</rotation>
    </prop>
    <prop id="PROP160" index="8">
      <file>custom.coffee_shop_chair.swf</file>
      <x>423</x>
      <y>352</y>
      <xscale>1</xscale>
      <yscale>1</yscale>
      <face>1</face>
      <rotation>0</rotation>
    </prop>
    <prop id="PROP164" index="9">
      <file>custom.coffee_shop_chair.swf</file>
      <x>247</x>
      <y>341</y>
      <xscale>1</xscale>
      <yscale>1</yscale>
      <face>-1</face>
      <rotation>0</rotation>
    </prop>
    <prop id="PROP166" index="10">
      <file>custom.coffee_shop_table.swf</file>
      <x>341</x>
      <y>355</y>
      <xscale>1</xscale>
      <yscale>1</yscale>
      <face>1</face>
      <rotation>0</rotation>
    </prop>
    <effectAsset id="EFFECT2" themecode="common" index="12">
      <effect x="0" y="0" w="404" h="227.7090909" rotate="0" id="cut" type="ZOOM" isCut="true" isPan="false"/>
      <x>193</x>
      <y>91.9854545</y>
      <width>404</width>
      <height>260.0290909</height>
      <speech>0</speech>
    </effectAsset>
    <effectAsset id="EFFECT6" themecode="common" index="11">
      <effect x="0" y="0" w="550" h="310" rotate="0" id="fadeOutEx" type="FADING" isIn="false" isOut="true"/>
      <x>47</x>
      <y>24</y>
      <width>550</width>
      <height>354</height>
      <speech>0</speech>
      <st>1</st>
      <et>84</et>
    </effectAsset>
  </scene>
</film>
