<?xml version="1.0"?>
<film copyable="0" duration="34.0" published="0" pshare="0" isWide="1">
  <meta>
    <title>Matt Head</title>
    <tag/>
    <hiddenTag/>
    <desc></desc>
    <mver><![CDATA[4]]></mver>
    <studio>a76d829cef09f7bb9bef739f686c0449acbaded8</studio>
    <thumbnail index="0"/>
    <palette>
      <color value="333333"/>
      <color value="999999"/>
      <color value="fbfbfb"/>
      <color value="669999"/>
      <color value="55bbaa"/>
      <color value="7fbb11"/>
      <color value="15709b"/>
      <color value="9a5d1"/>
      <color value="6ab8d6"/>
      <color value="da2021"/>
      <color value="fecd31"/>
      <color value="28c6c1"/>
      <color value="37444f"/>
    </palette>
  </meta>
  <scene id="SCENE21" adelay="60" lock="N" index="10" color="16777215" guid="0D2B00BC-76B4-C85E-CF41-0C24957E204F">
    <durationSetting countMinimum="1" countTransition="1" countAction="1" countBubble="1" countSpeech="1"/>
    <char id="AVATOR416" index="1" raceCode="0">
      <action face="-1" motionface="1">retro.matt.stand.swf</action>
      <head id="PROP49">
        <file>ugc.1905888.swf</file>
      </head>
      <x>351</x>
      <y>246</y>
      <xscale>0.77</xscale>
      <yscale>0.77</yscale>
      <rotation>0</rotation>
    </char>
    <effectAsset id="EFFECT41" themecode="common" index="2">
      <effect x="0" y="0" w="550" h="310" rotate="0" id="cut" type="ZOOM" isCut="true" isPan="false"/>
      <x>47</x>
      <y>24</y>
      <width>550</width>
      <height>354</height>
      <speech>0</speech>
    </effectAsset>
  </scene>
</film>
