<?xml version="1.0"?>
<film copyable="0" duration="13.6" published="0" pshare="0" isWide="1">
  <meta>
    <title>Ship</title>
    <tag/>
    <hiddenTag/>
    <desc></desc>
    <mver><![CDATA[4]]></mver>
    <studio>a76d829cef09f7bb9bef739f686c0449acbaded8</studio>
    <thumbnail index="0"/>
    <palette>
      <color value="333333"/>
      <color value="999999"/>
      <color value="fbfbfb"/>
      <color value="669999"/>
      <color value="55bbaa"/>
      <color value="7fbb11"/>
      <color value="15709b"/>
      <color value="9a5d1"/>
      <color value="6ab8d6"/>
      <color value="da2021"/>
      <color value="fecd31"/>
      <color value="28c6c1"/>
      <color value="37444f"/>
    </palette>
  </meta>
  <scene id="SCENE2" adelay="327" lock="Y" index="0" color="16777215" guid="213514E6-FEDF-6ABE-E099-3AD562D8D910">
    <bg id="BG169" index="0">
      <file>ugc.1900832.jpg</file>
    </bg>
    <prop id="PROP20" index="1">
      <file>ugc.1169249.swf</file>
      <x>320</x>
      <y>287</y>
      <xscale>1</xscale>
      <yscale>1</yscale>
      <face>1</face>
      <rotation>0</rotation>
    </prop>
    <prop id="PROP28" index="2">
      <file>ugc.883405.swf</file>
      <x>15.9</x>
      <y>410.9</y>
      <xscale>3.23</xscale>
      <yscale>3.23</yscale>
      <face>-1</face>
      <rotation>0</rotation>
    </prop>
    <prop id="PROP3" index="3">
      <file>ugc.883405.swf</file>
      <x>613.9</x>
      <y>412.9</y>
      <xscale>3.23</xscale>
      <yscale>3.23</yscale>
      <face>1</face>
      <rotation>0</rotation>
    </prop>
    <effectAsset id="EFFECT1" themecode="common" index="4">
      <effect x="0" y="0" w="550" h="310" rotate="0" id="cut" type="ZOOM" isCut="true" isPan="false"/>
      <x>47</x>
      <y>24</y>
      <width>550</width>
      <height>354</height>
      <speech>0</speech>
    </effectAsset>
  </scene>
</film>
