<?xml version="1.0"?>
<film copyable="0" duration="59.0" published="0" pshare="0" isWide="1">
  <meta>
    <title>Subway Encounter</title>
    <tag/>
    <hiddenTag/>
    <desc></desc>
    <mver><![CDATA[4]]></mver>
    <studio>a76d829cef09f7bb9bef739f686c0449acbaded8</studio>
    <thumbnail index="0"/>
    <palette>
      <color value="333333"/>
      <color value="999999"/>
      <color value="fbfbfb"/>
      <color value="669999"/>
      <color value="55bbaa"/>
      <color value="7fbb11"/>
      <color value="15709b"/>
      <color value="9a5d1"/>
      <color value="6ab8d6"/>
      <color value="da2021"/>
      <color value="fecd31"/>
      <color value="28c6c1"/>
      <color value="37444f"/>
    </palette>
  </meta>
  <scene id="SCENE24" adelay="60" lock="N" index="0" color="16777215" guid="5C7F5029-542B-4081-69BB-A35EF9121626">
    <durationSetting countMinimum="1" countTransition="1" countAction="1" countBubble="1" countSpeech="1"/>
    <bg id="cbg_subway_train_BG137" index="0">
      <file>custom.subway_train_bg.swf</file>
    </bg>
    <prop id="PROP153" index="1">
      <file>custom.subway_train_chair02.swf</file>
      <x>164.4</x>
      <y>249.1</y>
      <xscale>1</xscale>
      <yscale>1</yscale>
      <face>1</face>
      <rotation>0</rotation>
    </prop>
    <prop id="PROP154" index="2">
      <file>custom.subway_train_door.swf</file>
      <x>510</x>
      <y>203</y>
      <xscale>1</xscale>
      <yscale>1</yscale>
      <face>1</face>
      <rotation>0</rotation>
    </prop>
    <prop id="PROP155" index="3">
      <file>custom.subway_train_chair.swf</file>
      <x>283</x>
      <y>289</y>
      <xscale>1</xscale>
      <yscale>1</yscale>
      <face>1</face>
      <rotation>0</rotation>
    </prop>
    <prop id="PROP157" index="4">
      <file>custom.subway_train_stand.swf</file>
      <x>282</x>
      <y>144</y>
      <xscale>1</xscale>
      <yscale>1</yscale>
      <face>1</face>
      <rotation>0</rotation>
    </prop>
    <effectAsset id="EFFECT44" themecode="common" index="5">
      <effect x="0" y="0" w="550" h="310" rotate="0" id="cut" type="ZOOM" isCut="true" isPan="false"/>
      <x>47</x>
      <y>24</y>
      <width>550</width>
      <height>354</height>
      <speech>0</speech>
    </effectAsset>
  </scene>
  <scene id="SCENE25" adelay="60" lock="N" index="1" color="16777215" guid="01AB1F61-D553-6D3F-7137-3C279774191F">
    <durationSetting countMinimum="1" countTransition="1" countAction="1" countBubble="1" countSpeech="1"/>
    <bubbleAsset id="BUBBLE529" index="1">
      <x>198</x>
      <y>137</y>
      <xscale>1</xscale>
      <yscale>1</yscale>
      <rotation>0</rotation>
      <fx>easeNone</fx>
      <fxdur>0</fxdur>
      <bubble x="0" y="0" w="180" h="90" rotate="0" type="BLANK" hasTail="0" colorStyle="1" autoTextResize="true">
        <body rgb="16777215" shadow="1" bgAlpha="0" linergb="0" tailx="180" taily="110" paddingHorizontal="0" paddingVertical="0"/>
        <text rgb="0" alpha="100" font="Accidental Presidency" size="60" align="center" bold="false" italic="false" embed="true">opening:1</text>
        <url target="top"><![CDATA[]]></url>
      </bubble>
    </bubbleAsset>
    <effectAsset id="EFFECT46" themecode="common" index="2">
      <effect x="0" y="0" w="550" h="310" rotate="0" id="cut" type="ZOOM" isCut="true" isPan="false"/>
      <x>47</x>
      <y>24</y>
      <width>550</width>
      <height>354</height>
      <speech>0</speech>
    </effectAsset>
  </scene>
  <scene id="SCENE26" adelay="120" lock="Y" index="2" color="16777215" guid="60ADCB11-0F5A-DF0E-57A5-59A420C1ACF4">
    <bg id="cbg_subwaystaton_BG246" index="0">
      <file>custom.subway_station_bg.swf</file>
    </bg>
    <char id="AVATOR255" index="7" raceCode="1">
      <action face="1" motionface="1">ugc.15688438.stand.xml</action>
      <x>166</x>
      <y>230</y>
      <xscale>0.68</xscale>
      <yscale>0.68</yscale>
      <rotation>0</rotation>
    </char>
    <prop id="PROP82" index="1">
      <file>custom.subway_station_train.swf</file>
      <x>573.4,148</x>
      <y>217,206</y>
      <xscale>0.37,1.02</xscale>
      <yscale>0.37,1.02</yscale>
      <face>1,1</face>
      <rotation>0,0</rotation>
      <assetMotion ver="1"/>
    </prop>
    <prop id="PROP83" index="2">
      <file>custom.subway_station_trash.swf</file>
      <x>257</x>
      <y>295</y>
      <xscale>1.23</xscale>
      <yscale>1.23</yscale>
      <face>1</face>
      <rotation>0</rotation>
    </prop>
    <prop id="PROP84" index="3">
      <file>custom.subway_station_stair.swf</file>
      <x>506</x>
      <y>196</y>
      <xscale>1</xscale>
      <yscale>1</yscale>
      <face>1</face>
      <rotation>0</rotation>
    </prop>
    <prop id="PROP85" index="4">
      <file>custom.subway_station_trash.swf</file>
      <x>578</x>
      <y>297</y>
      <xscale>1</xscale>
      <yscale>1</yscale>
      <face>1</face>
      <rotation>0</rotation>
    </prop>
    <prop id="PROP86" index="5">
      <file>custom.subway_station_prop01.swf</file>
      <x>319</x>
      <y>212</y>
      <xscale>1</xscale>
      <yscale>1</yscale>
      <face>1</face>
      <rotation>0</rotation>
    </prop>
    <prop id="PROP87" index="6">
      <file>custom.subway_station_trash.swf</file>
      <x>274</x>
      <y>254</y>
      <xscale>1.29</xscale>
      <yscale>1.29</yscale>
      <face>1</face>
      <rotation>0</rotation>
    </prop>
    <prop id="PROP89" index="8">
      <file>custom.subway_station_chair.swf</file>
      <x>287</x>
      <y>263</y>
      <xscale>1</xscale>
      <yscale>1</yscale>
      <face>1</face>
      <rotation>0</rotation>
    </prop>
    <prop id="PROP90" index="9">
      <file>custom.subway_station_trash.swf</file>
      <x>584</x>
      <y>261</y>
      <xscale>1</xscale>
      <yscale>1</yscale>
      <face>1</face>
      <rotation>0</rotation>
    </prop>
    <effectAsset id="EFFECT0" themecode="common" index="10">
      <effect x="0" y="0" w="550" h="310" rotate="0" id="fadeInEx" type="FADING" isIn="true" isOut="false"/>
      <x>47</x>
      <y>24</y>
      <width>550</width>
      <height>354</height>
      <speech>0</speech>
    </effectAsset>
    <effectAsset id="EFFECT48" themecode="common" index="11">
      <effect x="0" y="0" w="550" h="310" rotate="0" id="cut" type="ZOOM" isCut="true" isPan="false"/>
      <x>47</x>
      <y>24</y>
      <width>550</width>
      <height>354</height>
      <speech>0</speech>
    </effectAsset>
  </scene>
  <scene id="SCENE27" adelay="60" lock="N" index="3" color="16777215" guid="F2FD430E-DDA1-E506-95F3-197FA9F49E31">
    <durationSetting countMinimum="1" countTransition="1" countAction="1" countBubble="1" countSpeech="1"/>
    <bg id="cbg_subway_train_BG137" index="0">
      <file>custom.subway_train_bg.swf</file>
    </bg>
    <char id="AVATOR313" index="1" raceCode="1">
      <action face="1" motionface="1">ugc.15693158.stand.xml</action>
      <x>153.1</x>
      <y>211</y>
      <xscale>0.41</xscale>
      <yscale>0.41</yscale>
      <rotation>0</rotation>
    </char>
    <char id="AVATOR314" index="2" raceCode="1">
      <action face="-1" motionface="1">ugc.15696177.stand.xml</action>
      <x>112.3</x>
      <y>221.5</y>
      <xscale>0.43</xscale>
      <yscale>0.43</yscale>
      <rotation>0</rotation>
    </char>
    <char id="AVATOR315" index="6" raceCode="1">
      <action face="1" motionface="1">ugc.15689601.sit.xml</action>
      <x>313.8</x>
      <y>238.3</y>
      <xscale>1</xscale>
      <yscale>1</yscale>
      <rotation>0</rotation>
    </char>
    <char id="AVATOR255" index="8" raceCode="1">
      <action face="1,1" motionface="1">ugc.15688438.walk.xml</action>
      <x>428.7,158.8</x>
      <y>252.2,246.6</y>
      <xscale>1.21,1.01</xscale>
      <yscale>1.21,1.01</yscale>
      <rotation>0,0</rotation>
      <assetMotion ver="1"/>
    </char>
    <prop id="cbg_subway_train_PROP102" index="3">
      <file>custom.subway_train_chair02.swf</file>
      <x>164.4</x>
      <y>249.1</y>
      <xscale>1</xscale>
      <yscale>1</yscale>
      <face>1</face>
      <rotation>0</rotation>
    </prop>
    <prop id="cbg_subway_train_PROP99" index="4">
      <file>custom.subway_train_door.swf</file>
      <x>510</x>
      <y>203</y>
      <xscale>1</xscale>
      <yscale>1</yscale>
      <face>1</face>
      <rotation>0</rotation>
    </prop>
    <prop id="cbg_subway_train_PROP101" index="5">
      <file>custom.subway_train_chair.swf</file>
      <x>283</x>
      <y>289</y>
      <xscale>1</xscale>
      <yscale>1</yscale>
      <face>1</face>
      <rotation>0</rotation>
    </prop>
    <prop id="cbg_subway_train_PROP100" index="7">
      <file>custom.subway_train_stand.swf</file>
      <x>282</x>
      <y>144</y>
      <xscale>1</xscale>
      <yscale>1</yscale>
      <face>1</face>
      <rotation>0</rotation>
    </prop>
    <effectAsset id="EFFECT50" themecode="common" index="9">
      <effect x="0" y="0" w="550" h="310" rotate="0" id="cut" type="ZOOM" isCut="true" isPan="false"/>
      <x>47</x>
      <y>24</y>
      <width>550</width>
      <height>354</height>
      <speech>0</speech>
    </effectAsset>
  </scene>
  <scene id="SCENE28" adelay="48" lock="Y" index="4" color="16777215" guid="23B398E3-63B1-C233-B16B-42E08CA094D1">
    <bg id="cbg_subway_train_BG137" index="0">
      <file>custom.subway_train_bg.swf</file>
    </bg>
    <char id="AVATOR313" index="1" raceCode="1">
      <action face="1" motionface="1">ugc.15693158.stand.xml</action>
      <x>153.1</x>
      <y>211</y>
      <xscale>0.41</xscale>
      <yscale>0.41</yscale>
      <rotation>0</rotation>
    </char>
    <char id="AVATOR314" index="2" raceCode="1">
      <action face="-1" motionface="1">ugc.15696177.stand.xml</action>
      <x>112.3</x>
      <y>221.5</y>
      <xscale>0.43</xscale>
      <yscale>0.43</yscale>
      <rotation>0</rotation>
    </char>
    <char id="AVATOR315" index="6" raceCode="1">
      <action face="1" motionface="1">ugc.15689601.sit.xml</action>
      <x>313.8</x>
      <y>238.3</y>
      <xscale>1</xscale>
      <yscale>1</yscale>
      <rotation>0</rotation>
    </char>
    <char id="AVATOR255" index="8" raceCode="1">
      <action face="-1" motionface="1">ugc.15688438.stand.xml</action>
      <head id="PROP69" raceCode="1">
        <file>ugc.15688438.head.head_surprised.xml</file>
      </head>
      <x>158.8</x>
      <y>246.6</y>
      <xscale>1.01</xscale>
      <yscale>1.01</yscale>
      <rotation>0</rotation>
    </char>
    <prop id="PROP41" index="3">
      <file>custom.subway_train_chair02.swf</file>
      <x>164.4</x>
      <y>249.1</y>
      <xscale>1</xscale>
      <yscale>1</yscale>
      <face>1</face>
      <rotation>0</rotation>
    </prop>
    <prop id="PROP34" index="4">
      <file>custom.subway_train_door.swf</file>
      <x>510</x>
      <y>203</y>
      <xscale>1</xscale>
      <yscale>1</yscale>
      <face>1</face>
      <rotation>0</rotation>
    </prop>
    <prop id="PROP44" index="5">
      <file>custom.subway_train_chair.swf</file>
      <x>283</x>
      <y>289</y>
      <xscale>1</xscale>
      <yscale>1</yscale>
      <face>1</face>
      <rotation>0</rotation>
    </prop>
    <prop id="PROP37" index="7">
      <file>custom.subway_train_stand.swf</file>
      <x>282</x>
      <y>144</y>
      <xscale>1</xscale>
      <yscale>1</yscale>
      <face>1</face>
      <rotation>0</rotation>
    </prop>
    <effectAsset id="EFFECT52" themecode="common" index="9">
      <effect x="0" y="0" w="550" h="310" rotate="0" id="cut" type="ZOOM" isCut="true" isPan="false"/>
      <x>47</x>
      <y>24</y>
      <width>550</width>
      <height>354</height>
      <speech>0</speech>
    </effectAsset>
  </scene>
  <scene id="SCENE29" adelay="60" lock="N" index="5" color="16777215" guid="1E71107D-25A4-F6B6-27ED-9FB81CAD059B">
    <durationSetting countMinimum="1" countTransition="1" countAction="1" countBubble="1" countSpeech="1"/>
    <bubbleAsset id="BUBBLE530" index="1">
      <x>198</x>
      <y>137</y>
      <xscale>1</xscale>
      <yscale>1</yscale>
      <rotation>0</rotation>
      <fx>easeNone</fx>
      <fxdur>0</fxdur>
      <bubble x="0" y="0" w="180" h="90" rotate="0" type="BLANK" hasTail="0" colorStyle="1" autoTextResize="true">
        <body rgb="16777215" shadow="1" bgAlpha="0" linergb="0" tailx="180" taily="110" paddingHorizontal="0" paddingVertical="0"/>
        <text rgb="0" alpha="100" font="Accidental Presidency" size="48" align="center" bold="false" italic="false" embed="true">character:1</text>
        <url target="top"><![CDATA[]]></url>
      </bubble>
    </bubbleAsset>
    <effectAsset id="EFFECT54" themecode="common" index="2">
      <effect x="0" y="0" w="550" h="310" rotate="0" id="cut" type="ZOOM" isCut="true" isPan="false"/>
      <x>47</x>
      <y>24</y>
      <width>550</width>
      <height>354</height>
      <speech>0</speech>
    </effectAsset>
  </scene>
  <scene id="SCENE30" adelay="60" lock="N" index="6" color="16777215" guid="767D66DC-5EDA-EE32-0879-C02E43A95DB8">
    <durationSetting countMinimum="1" countTransition="1" countAction="1" countBubble="1" countSpeech="1"/>
    <char id="AVATOR531" index="1" raceCode="1">
      <action face="-1" motionface="1">ugc.15688438.stand.xml</action>
      <head id="PROP70" raceCode="1">
        <file>ugc.15688438.head.head_surprised.xml</file>
      </head>
      <x>158.8</x>
      <y>246.6</y>
      <xscale>1.01</xscale>
      <yscale>1.01</yscale>
      <rotation>0</rotation>
    </char>
    <effectAsset id="EFFECT56" themecode="common" index="2">
      <effect x="0" y="0" w="550" h="310" rotate="0" id="cut" type="ZOOM" isCut="true" isPan="false"/>
      <x>47</x>
      <y>24</y>
      <width>550</width>
      <height>354</height>
      <speech>0</speech>
    </effectAsset>
  </scene>
  <scene id="SCENE31" adelay="60" lock="N" index="7" color="16777215" guid="2C018252-0A2C-E75E-BBDA-94679843EA04">
    <durationSetting countMinimum="1" countTransition="1" countAction="1" countBubble="1" countSpeech="1"/>
    <bubbleAsset id="BUBBLE534" index="1">
      <x>198</x>
      <y>137</y>
      <xscale>1</xscale>
      <yscale>1</yscale>
      <rotation>0</rotation>
      <fx>easeNone</fx>
      <fxdur>0</fxdur>
      <bubble x="0" y="0" w="180" h="90" rotate="0" type="BLANK" hasTail="0" colorStyle="1" autoTextResize="true">
        <body rgb="16777215" shadow="1" bgAlpha="0" linergb="0" tailx="180" taily="110" paddingHorizontal="0" paddingVertical="0"/>
        <text rgb="0" alpha="100" font="Accidental Presidency" size="47" align="center" bold="false" italic="false" embed="true">character:2</text>
        <url target="top"><![CDATA[]]></url>
      </bubble>
    </bubbleAsset>
    <effectAsset id="EFFECT58" themecode="common" index="2">
      <effect x="0" y="0" w="550" h="310" rotate="0" id="cut" type="ZOOM" isCut="true" isPan="false"/>
      <x>47</x>
      <y>24</y>
      <width>550</width>
      <height>354</height>
      <speech>0</speech>
    </effectAsset>
  </scene>
  <scene id="SCENE32" adelay="60" lock="N" index="8" color="16777215" guid="E36A3906-D28B-1C82-61D9-4E0590AB810C">
    <durationSetting countMinimum="1" countTransition="1" countAction="1" countBubble="1" countSpeech="1"/>
    <char id="AVATOR535" index="1" raceCode="1">
      <action face="1" motionface="1">ugc.15689601.sit.xml</action>
      <x>313.8</x>
      <y>238.3</y>
      <xscale>1</xscale>
      <yscale>1</yscale>
      <rotation>0</rotation>
    </char>
    <effectAsset id="EFFECT60" themecode="common" index="2">
      <effect x="0" y="0" w="550" h="310" rotate="0" id="cut" type="ZOOM" isCut="true" isPan="false"/>
      <x>47</x>
      <y>24</y>
      <width>550</width>
      <height>354</height>
      <speech>0</speech>
    </effectAsset>
  </scene>
  <scene id="SCENE33" adelay="60" lock="N" index="9" color="16777215" guid="846C54F6-F3C8-7917-02B0-D67764B1FC06">
    <durationSetting countMinimum="1" countTransition="1" countAction="1" countBubble="1" countSpeech="1"/>
    <bubbleAsset id="BUBBLE537" index="1">
      <x>198</x>
      <y>137</y>
      <xscale>1</xscale>
      <yscale>1</yscale>
      <rotation>0</rotation>
      <fx>easeNone</fx>
      <fxdur>0</fxdur>
      <bubble x="0" y="0" w="180" h="90" rotate="0" type="BLANK" hasTail="0" colorStyle="1" autoTextResize="true">
        <body rgb="16777215" shadow="1" bgAlpha="0" linergb="0" tailx="180" taily="110" paddingHorizontal="0" paddingVertical="0"/>
        <text rgb="0" alpha="100" font="Accidental Presidency" size="74" align="center" bold="false" italic="false" embed="true">1:talk:1</text>
        <url target="top"><![CDATA[]]></url>
      </bubble>
    </bubbleAsset>
    <effectAsset id="EFFECT62" themecode="common" index="2">
      <effect x="0" y="0" w="550" h="310" rotate="0" id="cut" type="ZOOM" isCut="true" isPan="false"/>
      <x>47</x>
      <y>24</y>
      <width>550</width>
      <height>354</height>
      <speech>0</speech>
    </effectAsset>
  </scene>
  <scene id="SCENE34" adelay="60" lock="Y" index="10" color="16777215" guid="FBD7AA8D-9E09-3954-02E5-230401812F71">
    <bg id="cbg_subway_train_BG137" index="0">
      <file>custom.subway_train_bg.swf</file>
    </bg>
    <char id="AVATOR313" index="1" raceCode="1">
      <action face="1" motionface="1">ugc.15693158.stand.xml</action>
      <x>153.1</x>
      <y>211</y>
      <xscale>0.41</xscale>
      <yscale>0.41</yscale>
      <rotation>0</rotation>
    </char>
    <char id="AVATOR314" index="2" raceCode="1">
      <action face="-1" motionface="1">ugc.15696177.stand.xml</action>
      <x>112.3</x>
      <y>221.5</y>
      <xscale>0.43</xscale>
      <yscale>0.43</yscale>
      <rotation>0</rotation>
    </char>
    <char id="AVATOR552" index="6" raceCode="1">
      <action face="1" motionface="1">ugc.15689601.sit.xml</action>
      <x>313.8</x>
      <y>238.3</y>
      <xscale>1</xscale>
      <yscale>1</yscale>
      <rotation>0</rotation>
    </char>
    <char id="AVATOR255" index="8" raceCode="1">
      <action face="-1" motionface="1">ugc.15688438.talk.xml</action>
      <head id="PROP71" raceCode="1">
        <file>ugc.15688438.head.head_neutral.xml</file>
      </head>
      <x>158.8</x>
      <y>246.6</y>
      <xscale>1.01</xscale>
      <yscale>1.01</yscale>
      <rotation>0</rotation>
    </char>
    <prop id="PROP43" index="3">
      <file>custom.subway_train_chair02.swf</file>
      <x>164.4</x>
      <y>249.1</y>
      <xscale>1</xscale>
      <yscale>1</yscale>
      <face>1</face>
      <rotation>0</rotation>
    </prop>
    <prop id="PROP59" index="4">
      <file>custom.subway_train_door.swf</file>
      <x>510</x>
      <y>203</y>
      <xscale>1</xscale>
      <yscale>1</yscale>
      <face>1</face>
      <rotation>0</rotation>
    </prop>
    <prop id="PROP50" index="5">
      <file>custom.subway_train_chair.swf</file>
      <x>283</x>
      <y>289</y>
      <xscale>1</xscale>
      <yscale>1</yscale>
      <face>1</face>
      <rotation>0</rotation>
    </prop>
    <prop id="PROP63" index="7">
      <file>custom.subway_train_stand.swf</file>
      <x>282</x>
      <y>144</y>
      <xscale>1</xscale>
      <yscale>1</yscale>
      <face>1</face>
      <rotation>0</rotation>
    </prop>
    <effectAsset id="EFFECT64" themecode="common" index="9">
      <effect x="0" y="0" w="550" h="310" rotate="0" id="cut" type="ZOOM" isCut="true" isPan="false"/>
      <x>47</x>
      <y>24</y>
      <width>550</width>
      <height>354</height>
      <speech>0</speech>
    </effectAsset>
  </scene>
  <scene id="SCENE35" adelay="60" lock="N" index="11" color="16777215" guid="F51CC30E-F71D-D8E1-DCA4-71311EF1ECD0">
    <durationSetting countMinimum="1" countTransition="1" countAction="1" countBubble="1" countSpeech="1"/>
    <bubbleAsset id="BUBBLE538" index="1">
      <x>198</x>
      <y>137</y>
      <xscale>1</xscale>
      <yscale>1</yscale>
      <rotation>0</rotation>
      <fx>easeNone</fx>
      <fxdur>0</fxdur>
      <bubble x="0" y="0" w="180" h="90" rotate="0" type="BLANK" hasTail="0" colorStyle="1" autoTextResize="true">
        <body rgb="16777215" shadow="1" bgAlpha="0" linergb="0" tailx="180" taily="110" paddingHorizontal="0" paddingVertical="0"/>
        <text rgb="0" alpha="100" font="Accidental Presidency" size="74" align="center" bold="false" italic="false" embed="true">1:talk:2</text>
        <url target="top"><![CDATA[]]></url>
      </bubble>
    </bubbleAsset>
    <effectAsset id="EFFECT66" themecode="common" index="2">
      <effect x="0" y="0" w="550" h="310" rotate="0" id="cut" type="ZOOM" isCut="true" isPan="false"/>
      <x>47</x>
      <y>24</y>
      <width>550</width>
      <height>354</height>
      <speech>0</speech>
    </effectAsset>
  </scene>
  <scene id="SCENE36" adelay="60" lock="Y" index="12" color="16777215" guid="97AACE48-FEFA-8C98-D057-59A710E5EE21">
    <bg id="BG440" index="0">
      <file>ugc.17529631.swf</file>
    </bg>
    <char id="AVATOR313" index="1" raceCode="1">
      <action face="1" motionface="1">ugc.15693158.stand.xml</action>
      <x>153.1</x>
      <y>211</y>
      <xscale>0.41</xscale>
      <yscale>0.41</yscale>
      <rotation>0</rotation>
    </char>
    <char id="AVATOR314" index="2" raceCode="1">
      <action face="-1" motionface="1">ugc.15696177.stand.xml</action>
      <x>112.3</x>
      <y>221.5</y>
      <xscale>0.43</xscale>
      <yscale>0.43</yscale>
      <rotation>0</rotation>
    </char>
    <char id="AVATOR255" index="7" raceCode="1">
      <action face="-1" motionface="1">ugc.15688438.talk.xml</action>
      <head id="PROP72" raceCode="1">
        <file>ugc.15688438.head.head_neutral.xml</file>
      </head>
      <x>158.8</x>
      <y>246.6</y>
      <xscale>1.01</xscale>
      <yscale>1.01</yscale>
      <rotation>0</rotation>
    </char>
    <char id="AVATOR554" index="8" raceCode="1">
      <action face="1" motionface="1">ugc.15689601.sit.xml</action>
      <x>313.8</x>
      <y>238.3</y>
      <xscale>1</xscale>
      <yscale>1</yscale>
      <rotation>0</rotation>
    </char>
    <prop id="PROP168" index="3">
      <file>custom.subway_train_chair02.swf</file>
      <x>164.4</x>
      <y>249.1</y>
      <xscale>1</xscale>
      <yscale>1</yscale>
      <face>1</face>
      <rotation>0</rotation>
    </prop>
    <prop id="PROP169" index="4">
      <file>custom.subway_train_door.swf</file>
      <x>510</x>
      <y>203</y>
      <xscale>1</xscale>
      <yscale>1</yscale>
      <face>1</face>
      <rotation>0</rotation>
    </prop>
    <prop id="PROP170" index="5">
      <file>custom.subway_train_chair.swf</file>
      <x>283</x>
      <y>289</y>
      <xscale>1</xscale>
      <yscale>1</yscale>
      <face>1</face>
      <rotation>0</rotation>
    </prop>
    <prop id="PROP172" index="6">
      <file>ugc.17820649.jpg</file>
      <x>242</x>
      <y>182</y>
      <xscale>0.42</xscale>
      <yscale>0.42</yscale>
      <face>1</face>
      <rotation>0</rotation>
    </prop>
    <prop id="PROP179" index="9">
      <file>ugc.24353496.swf</file>
      <x>396</x>
      <y>128</y>
      <xscale>1.08</xscale>
      <yscale>1.08</yscale>
      <face>1</face>
      <rotation>0</rotation>
    </prop>
    <effectAsset id="EFFECT5" themecode="common" index="10">
      <effect x="0" y="0" w="367" h="206.8545455" rotate="0" id="cut" type="ZOOM" isCut="true" isPan="false"/>
      <x>54.9</x>
      <y>70.3927273</y>
      <width>367</width>
      <height>236.2145455</height>
      <speech>0</speech>
    </effectAsset>
  </scene>
  <scene id="SCENE37" adelay="60" lock="N" index="13" color="16777215" guid="7FE56F0F-4628-8FA1-2864-F46779025F22">
    <durationSetting countMinimum="1" countTransition="1" countAction="1" countBubble="1" countSpeech="1"/>
    <bubbleAsset id="BUBBLE539" index="1">
      <x>198</x>
      <y>137</y>
      <xscale>1</xscale>
      <yscale>1</yscale>
      <rotation>0</rotation>
      <fx>easeNone</fx>
      <fxdur>0</fxdur>
      <bubble x="0" y="0" w="180" h="90" rotate="0" type="BLANK" hasTail="0" colorStyle="1" autoTextResize="true">
        <body rgb="16777215" shadow="1" bgAlpha="0" linergb="0" tailx="180" taily="110" paddingHorizontal="0" paddingVertical="0"/>
        <text rgb="0" alpha="100" font="Accidental Presidency" size="74" align="center" bold="false" italic="false" embed="true">1:talk:3</text>
        <url target="top"><![CDATA[]]></url>
      </bubble>
    </bubbleAsset>
    <effectAsset id="EFFECT69" themecode="common" index="2">
      <effect x="0" y="0" w="550" h="310" rotate="0" id="cut" type="ZOOM" isCut="true" isPan="false"/>
      <x>47</x>
      <y>24</y>
      <width>550</width>
      <height>354</height>
      <speech>0</speech>
    </effectAsset>
  </scene>
  <scene id="SCENE38" adelay="60" lock="Y" index="14" color="16777215" guid="388A6BC9-322B-F448-D348-DBD48E164B9B">
    <bg id="BG455" index="0">
      <file>ugc.17529631.swf</file>
    </bg>
    <char id="AVATOR313" index="1" raceCode="1">
      <action face="1" motionface="1">ugc.15693158.stand.xml</action>
      <x>153.1</x>
      <y>211</y>
      <xscale>0.41</xscale>
      <yscale>0.41</yscale>
      <rotation>0</rotation>
    </char>
    <char id="AVATOR314" index="2" raceCode="1">
      <action face="-1" motionface="1">ugc.15696177.stand.xml</action>
      <x>112.3</x>
      <y>221.5</y>
      <xscale>0.43</xscale>
      <yscale>0.43</yscale>
      <rotation>0</rotation>
    </char>
    <char id="AVATOR315" index="6" raceCode="1">
      <action face="1" motionface="1">ugc.15689601.sit.xml</action>
      <x>313.8</x>
      <y>238.3</y>
      <xscale>1</xscale>
      <yscale>1</yscale>
      <rotation>0</rotation>
    </char>
    <char id="AVATOR255" index="9" raceCode="1">
      <action face="-1" motionface="1">ugc.15688438.talk.xml</action>
      <head id="PROP73" raceCode="1">
        <file>ugc.15688438.head.head_neutral.xml</file>
      </head>
      <x>158.8</x>
      <y>246.6</y>
      <xscale>1.01</xscale>
      <yscale>1.01</yscale>
      <rotation>0</rotation>
    </char>
    <prop id="PROP129" index="3">
      <file>custom.subway_train_chair02.swf</file>
      <x>164.4</x>
      <y>249.1</y>
      <xscale>1</xscale>
      <yscale>1</yscale>
      <face>1</face>
      <rotation>0</rotation>
    </prop>
    <prop id="PROP130" index="4">
      <file>custom.subway_train_door.swf</file>
      <x>510</x>
      <y>203</y>
      <xscale>1</xscale>
      <yscale>1</yscale>
      <face>1</face>
      <rotation>0</rotation>
    </prop>
    <prop id="PROP131" index="5">
      <file>custom.subway_train_chair.swf</file>
      <x>283</x>
      <y>289</y>
      <xscale>1</xscale>
      <yscale>1</yscale>
      <face>1</face>
      <rotation>0</rotation>
    </prop>
    <prop id="PROP134" index="7">
      <file>custom.subway_train_stand.swf</file>
      <x>282</x>
      <y>144</y>
      <xscale>1</xscale>
      <yscale>1</yscale>
      <face>1</face>
      <rotation>0</rotation>
    </prop>
    <prop id="PROP97" index="8">
      <file>ugc.17530706.jpg</file>
      <x>181</x>
      <y>159</y>
      <xscale>0.29</xscale>
      <yscale>0.29</yscale>
      <face>1</face>
      <rotation>0</rotation>
    </prop>
    <effectAsset id="EFFECT5" themecode="common" index="10">
      <effect x="0" y="0" w="209.3" h="117.9690909" rotate="0" id="cut" type="ZOOM" isCut="true" isPan="false"/>
      <x>70</x>
      <y>91.3934545</y>
      <width>209.3</width>
      <height>134.7130909</height>
      <speech>0</speech>
    </effectAsset>
  </scene>
  <scene id="SCENE39" adelay="60" lock="N" index="15" color="16777215" guid="7433C6A6-8435-CD7B-02E2-F2FD91F790BD">
    <durationSetting countMinimum="1" countTransition="1" countAction="1" countBubble="1" countSpeech="1"/>
    <bubbleAsset id="BUBBLE540" index="1">
      <x>198</x>
      <y>137</y>
      <xscale>1</xscale>
      <yscale>1</yscale>
      <rotation>0</rotation>
      <fx>easeNone</fx>
      <fxdur>0</fxdur>
      <bubble x="0" y="0" w="180" h="90" rotate="0" type="BLANK" hasTail="0" colorStyle="1" autoTextResize="true">
        <body rgb="16777215" shadow="1" bgAlpha="0" linergb="0" tailx="180" taily="110" paddingHorizontal="0" paddingVertical="0"/>
        <text rgb="0" alpha="100" font="Accidental Presidency" size="74" align="center" bold="false" italic="false" embed="true">2:talk:1</text>
        <url target="top"><![CDATA[]]></url>
      </bubble>
    </bubbleAsset>
    <effectAsset id="EFFECT72" themecode="common" index="2">
      <effect x="0" y="0" w="550" h="310" rotate="0" id="cut" type="ZOOM" isCut="true" isPan="false"/>
      <x>47</x>
      <y>24</y>
      <width>550</width>
      <height>354</height>
      <speech>0</speech>
    </effectAsset>
  </scene>
  <scene id="SCENE40" adelay="36" lock="Y" index="16" color="16777215" guid="83E3D5C4-0B1C-9D3E-BB10-12DE5B948E22">
    <bg id="cbg_subway_train_BG137" index="0">
      <file>custom.subway_train_bg.swf</file>
    </bg>
    <char id="AVATOR313" index="1" raceCode="1">
      <action face="1" motionface="1">ugc.15693158.stand.xml</action>
      <x>153.1</x>
      <y>211</y>
      <xscale>0.41</xscale>
      <yscale>0.41</yscale>
      <rotation>0</rotation>
    </char>
    <char id="AVATOR314" index="2" raceCode="1">
      <action face="-1" motionface="1">ugc.15696177.stand.xml</action>
      <x>112.3</x>
      <y>221.5</y>
      <xscale>0.43</xscale>
      <yscale>0.43</yscale>
      <rotation>0</rotation>
    </char>
    <char id="AVATOR520" index="6" raceCode="1">
      <action face="1" motionface="1">ugc.15689601.sit.xml</action>
      <x>312.8</x>
      <y>238.3</y>
      <xscale>1</xscale>
      <yscale>1</yscale>
      <rotation>0</rotation>
    </char>
    <char id="AVATOR255" index="8" raceCode="1">
      <action face="-1" motionface="1">ugc.15688438.stand.xml</action>
      <x>158.8</x>
      <y>246.6</y>
      <xscale>1.01</xscale>
      <yscale>1.01</yscale>
      <rotation>0</rotation>
    </char>
    <prop id="PROP118" index="3">
      <file>custom.subway_train_chair02.swf</file>
      <x>164.4</x>
      <y>249.1</y>
      <xscale>1</xscale>
      <yscale>1</yscale>
      <face>1</face>
      <rotation>0</rotation>
    </prop>
    <prop id="PROP119" index="4">
      <file>custom.subway_train_door.swf</file>
      <x>510</x>
      <y>203</y>
      <xscale>1</xscale>
      <yscale>1</yscale>
      <face>1</face>
      <rotation>0</rotation>
    </prop>
    <prop id="PROP120" index="5">
      <file>custom.subway_train_chair.swf</file>
      <x>283</x>
      <y>289</y>
      <xscale>1</xscale>
      <yscale>1</yscale>
      <face>1</face>
      <rotation>0</rotation>
    </prop>
    <prop id="PROP122" index="7">
      <file>custom.subway_train_stand.swf</file>
      <x>282</x>
      <y>144</y>
      <xscale>1</xscale>
      <yscale>1</yscale>
      <face>1</face>
      <rotation>0</rotation>
    </prop>
    <effectAsset id="EFFECT74" themecode="common" index="9">
      <effect x="0" y="0" w="550" h="310" rotate="0" id="cut" type="ZOOM" isCut="true" isPan="false"/>
      <x>47</x>
      <y>24</y>
      <width>550</width>
      <height>354</height>
      <speech>0</speech>
    </effectAsset>
  </scene>
  <scene id="SCENE41" adelay="60" lock="N" index="17" color="16777215" guid="8F437D6C-ABAA-BDE7-7171-0E990B3EA7CF">
    <durationSetting countMinimum="1" countTransition="1" countAction="1" countBubble="1" countSpeech="1"/>
    <bubbleAsset id="BUBBLE551" index="1">
      <x>198</x>
      <y>137</y>
      <xscale>1</xscale>
      <yscale>1</yscale>
      <rotation>0</rotation>
      <fx>easeNone</fx>
      <fxdur>0</fxdur>
      <bubble x="0" y="0" w="180" h="90" rotate="0" type="BLANK" hasTail="0" colorStyle="1" autoTextResize="true">
        <body rgb="16777215" shadow="1" bgAlpha="0" linergb="0" tailx="180" taily="110" paddingHorizontal="0" paddingVertical="0"/>
        <text rgb="0" alpha="100" font="Accidental Presidency" size="74" align="center" bold="false" italic="false" embed="true">2:talk:2</text>
        <url target="top"><![CDATA[]]></url>
      </bubble>
    </bubbleAsset>
    <effectAsset id="EFFECT76" themecode="common" index="2">
      <effect x="0" y="0" w="550" h="310" rotate="0" id="cut" type="ZOOM" isCut="true" isPan="false"/>
      <x>47</x>
      <y>24</y>
      <width>550</width>
      <height>354</height>
      <speech>0</speech>
    </effectAsset>
  </scene>
  <scene id="SCENE42" adelay="60" lock="N" index="18" color="16777215" guid="728D93BC-0DD0-1544-0D69-CA3E3BFFDCFC">
    <durationSetting countMinimum="1" countTransition="1" countAction="1" countBubble="1" countSpeech="1"/>
    <bg id="BG471" index="0">
      <file>ugc.17529631.swf</file>
    </bg>
    <char id="AVATOR313" index="1" raceCode="1">
      <action face="1" motionface="1">ugc.15693158.stand.xml</action>
      <x>153.1</x>
      <y>211</y>
      <xscale>0.41</xscale>
      <yscale>0.41</yscale>
      <rotation>0</rotation>
    </char>
    <char id="AVATOR314" index="2" raceCode="1">
      <action face="-1" motionface="1">ugc.15696177.stand.xml</action>
      <x>112.3</x>
      <y>221.5</y>
      <xscale>0.43</xscale>
      <yscale>0.43</yscale>
      <rotation>0</rotation>
    </char>
    <char id="AVATOR255" index="7" raceCode="1">
      <action face="-1" motionface="1">ugc.15688438.stand.xml</action>
      <x>158.8</x>
      <y>246.6</y>
      <xscale>1.01</xscale>
      <yscale>1.01</yscale>
      <rotation>0</rotation>
    </char>
    <char id="AVATOR558" index="8" raceCode="1">
      <action face="1" motionface="1">ugc.15689601.sit.xml</action>
      <x>313.8</x>
      <y>238.3</y>
      <xscale>1</xscale>
      <yscale>1</yscale>
      <rotation>0</rotation>
    </char>
    <prop id="PROP115" index="3">
      <file>custom.subway_train_chair02.swf</file>
      <x>164.4</x>
      <y>249.1</y>
      <xscale>1</xscale>
      <yscale>1</yscale>
      <face>1</face>
      <rotation>0</rotation>
    </prop>
    <prop id="PROP116" index="4">
      <file>custom.subway_train_door.swf</file>
      <x>510</x>
      <y>203</y>
      <xscale>1</xscale>
      <yscale>1</yscale>
      <face>1</face>
      <rotation>0</rotation>
    </prop>
    <prop id="PROP117" index="5">
      <file>custom.subway_train_chair.swf</file>
      <x>283</x>
      <y>289</y>
      <xscale>1</xscale>
      <yscale>1</yscale>
      <face>1</face>
      <rotation>0</rotation>
    </prop>
    <prop id="PROP124" index="6">
      <file>ugc.17820649.jpg</file>
      <x>242</x>
      <y>182</y>
      <xscale>0.42</xscale>
      <yscale>0.42</yscale>
      <face>1</face>
      <rotation>0</rotation>
    </prop>
    <prop id="PROP180" index="9">
      <file>ugc.24353496.swf</file>
      <x>396</x>
      <y>128</y>
      <xscale>1.08</xscale>
      <yscale>1.08</yscale>
      <face>1</face>
      <rotation>0</rotation>
    </prop>
    <effectAsset id="EFFECT5" themecode="common" index="10">
      <effect x="0" y="0" w="367" h="206.8545455" rotate="0" id="cut" type="ZOOM" isCut="true" isPan="false"/>
      <x>54.9</x>
      <y>70.3927273</y>
      <width>367</width>
      <height>236.2145455</height>
      <speech>0</speech>
    </effectAsset>
  </scene>
  <scene id="SCENE43" adelay="60" lock="N" index="19" color="16777215" guid="079C7EEA-A306-EAE0-83F1-B94981EF42D1">
    <durationSetting countMinimum="1" countTransition="1" countAction="1" countBubble="1" countSpeech="1"/>
    <bubbleAsset id="BUBBLE552" index="1">
      <x>198</x>
      <y>137</y>
      <xscale>1</xscale>
      <yscale>1</yscale>
      <rotation>0</rotation>
      <fx>easeNone</fx>
      <fxdur>0</fxdur>
      <bubble x="0" y="0" w="180" h="90" rotate="0" type="BLANK" hasTail="0" colorStyle="1" autoTextResize="true">
        <body rgb="16777215" shadow="1" bgAlpha="0" linergb="0" tailx="180" taily="110" paddingHorizontal="0" paddingVertical="0"/>
        <text rgb="0" alpha="100" font="Accidental Presidency" size="74" align="center" bold="false" italic="false" embed="true">2:talk:3</text>
        <url target="top"><![CDATA[]]></url>
      </bubble>
    </bubbleAsset>
    <effectAsset id="EFFECT79" themecode="common" index="2">
      <effect x="0" y="0" w="550" h="310" rotate="0" id="cut" type="ZOOM" isCut="true" isPan="false"/>
      <x>47</x>
      <y>24</y>
      <width>550</width>
      <height>354</height>
      <speech>0</speech>
    </effectAsset>
  </scene>
  <scene id="SCENE44" adelay="60" lock="N" index="20" color="16777215" guid="178A350B-4909-F13E-7D34-E37F070C924E">
    <durationSetting countMinimum="1" countTransition="1" countAction="1" countBubble="1" countSpeech="1"/>
    <bg id="BG472" index="0">
      <file>ugc.17529631.swf</file>
    </bg>
    <char id="AVATOR313" index="1" raceCode="1">
      <action face="1" motionface="1">ugc.15693158.stand.xml</action>
      <x>153.1</x>
      <y>211</y>
      <xscale>0.41</xscale>
      <yscale>0.41</yscale>
      <rotation>0</rotation>
    </char>
    <char id="AVATOR314" index="2" raceCode="1">
      <action face="-1" motionface="1">ugc.15696177.stand.xml</action>
      <x>112.3</x>
      <y>221.5</y>
      <xscale>0.43</xscale>
      <yscale>0.43</yscale>
      <rotation>0</rotation>
    </char>
    <char id="AVATOR315" index="7" raceCode="1">
      <action face="1" motionface="1">ugc.15689601.sit.xml</action>
      <head id="PROP74" raceCode="1">
        <file>ugc.15689601.head.head_neutral.xml</file>
      </head>
      <x>313.8</x>
      <y>238.3</y>
      <xscale>1</xscale>
      <yscale>1</yscale>
      <rotation>0</rotation>
    </char>
    <char id="AVATOR255" index="9" raceCode="1">
      <action face="-1" motionface="1">ugc.15688438.stand.xml</action>
      <x>158.8</x>
      <y>246.6</y>
      <xscale>1.01</xscale>
      <yscale>1.01</yscale>
      <rotation>0</rotation>
    </char>
    <prop id="PROP137" index="3">
      <file>custom.subway_train_chair02.swf</file>
      <x>164.4</x>
      <y>249.1</y>
      <xscale>1</xscale>
      <yscale>1</yscale>
      <face>1</face>
      <rotation>0</rotation>
    </prop>
    <prop id="PROP138" index="4">
      <file>custom.subway_train_door.swf</file>
      <x>510</x>
      <y>203</y>
      <xscale>1</xscale>
      <yscale>1</yscale>
      <face>1</face>
      <rotation>0</rotation>
    </prop>
    <prop id="PROP139" index="5">
      <file>custom.subway_train_chair.swf</file>
      <x>283</x>
      <y>289</y>
      <xscale>1</xscale>
      <yscale>1</yscale>
      <face>1</face>
      <rotation>0</rotation>
    </prop>
    <prop id="PROP140" index="6">
      <file>ugc.17817375.jpg</file>
      <x>327.9</x>
      <y>203</y>
      <xscale>0.35</xscale>
      <yscale>0.35</yscale>
      <face>1</face>
      <rotation>0</rotation>
    </prop>
    <prop id="PROP144" index="8">
      <file>custom.subway_train_stand.swf</file>
      <x>282</x>
      <y>144</y>
      <xscale>1</xscale>
      <yscale>1</yscale>
      <face>1</face>
      <rotation>0</rotation>
    </prop>
    <effectAsset id="EFFECT5" themecode="common" index="10">
      <effect x="0" y="0" w="201.9" h="113.7981818" rotate="0" id="cut" type="ZOOM" isCut="true" isPan="false"/>
      <x>212.1</x>
      <y>119.9249091</y>
      <width>201.9</width>
      <height>129.9501818</height>
      <speech>0</speech>
    </effectAsset>
  </scene>
  <scene id="SCENE45" adelay="60" lock="N" index="21" color="16777215" guid="DCE465A5-09B5-6AFA-CE3A-57846E14DEC7">
    <durationSetting countMinimum="1" countTransition="1" countAction="1" countBubble="1" countSpeech="1"/>
    <bubbleAsset id="BUBBLE553" index="1">
      <x>198</x>
      <y>137</y>
      <xscale>1</xscale>
      <yscale>1</yscale>
      <rotation>0</rotation>
      <fx>easeNone</fx>
      <fxdur>0</fxdur>
      <bubble x="0" y="0" w="180" h="90" rotate="0" type="BLANK" hasTail="0" colorStyle="1" autoTextResize="true">
        <body rgb="16777215" shadow="1" bgAlpha="0" linergb="0" tailx="180" taily="110" paddingHorizontal="0" paddingVertical="0"/>
        <text rgb="0" alpha="100" font="Accidental Presidency" size="65" align="center" bold="false" italic="false" embed="true">closing:1</text>
        <url target="top"><![CDATA[]]></url>
      </bubble>
    </bubbleAsset>
    <effectAsset id="EFFECT82" themecode="common" index="2">
      <effect x="0" y="0" w="550" h="310" rotate="0" id="cut" type="ZOOM" isCut="true" isPan="false"/>
      <x>47</x>
      <y>24</y>
      <width>550</width>
      <height>354</height>
      <speech>0</speech>
    </effectAsset>
  </scene>
  <scene id="SCENE46" adelay="72" lock="Y" index="22" color="16777215" guid="A86966BA-A28A-1D17-5576-0A2CCB0B0A05">
    <bg id="cbg_subway_train_BG137" index="0">
      <file>custom.subway_train_bg.swf</file>
    </bg>
    <char id="AVATOR313" index="1" raceCode="1">
      <action face="1" motionface="1">ugc.15693158.stand.xml</action>
      <x>153.1</x>
      <y>211</y>
      <xscale>0.41</xscale>
      <yscale>0.41</yscale>
      <rotation>0</rotation>
    </char>
    <char id="AVATOR314" index="2" raceCode="1">
      <action face="-1" motionface="1">ugc.15696177.stand.xml</action>
      <x>112.3</x>
      <y>221.5</y>
      <xscale>0.43</xscale>
      <yscale>0.43</yscale>
      <rotation>0</rotation>
    </char>
    <char id="AVATOR315" index="6" raceCode="1">
      <action face="1" motionface="1">ugc.15689601.sit.xml</action>
      <x>313.8</x>
      <y>238.3</y>
      <xscale>1</xscale>
      <yscale>1</yscale>
      <rotation>0</rotation>
    </char>
    <char id="AVATOR255" index="8" raceCode="1">
      <action face="-1" motionface="1">ugc.15688438.stand.xml</action>
      <x>158.8</x>
      <y>246.6</y>
      <xscale>1.01</xscale>
      <yscale>1.01</yscale>
      <rotation>0</rotation>
    </char>
    <prop id="PROP151" index="3">
      <file>custom.subway_train_chair02.swf</file>
      <x>164.4</x>
      <y>249.1</y>
      <xscale>1</xscale>
      <yscale>1</yscale>
      <face>1</face>
      <rotation>0</rotation>
    </prop>
    <prop id="PROP152" index="4">
      <file>custom.subway_train_door.swf</file>
      <x>510</x>
      <y>203</y>
      <xscale>1</xscale>
      <yscale>1</yscale>
      <face>1</face>
      <rotation>0</rotation>
    </prop>
    <prop id="PROP156" index="5">
      <file>custom.subway_train_chair.swf</file>
      <x>283</x>
      <y>289</y>
      <xscale>1</xscale>
      <yscale>1</yscale>
      <face>1</face>
      <rotation>0</rotation>
    </prop>
    <prop id="PROP160" index="7">
      <file>custom.subway_train_stand.swf</file>
      <x>282</x>
      <y>144</y>
      <xscale>1</xscale>
      <yscale>1</yscale>
      <face>1</face>
      <rotation>0</rotation>
    </prop>
    <effectAsset id="EFFECT9" themecode="common" index="9">
      <effect x="0" y="0" w="550" h="310" rotate="0" id="fadeOutEx" type="FADING" isIn="false" isOut="true"/>
      <x>47</x>
      <y>24</y>
      <width>550</width>
      <height>354</height>
      <speech>0</speech>
    </effectAsset>
    <effectAsset id="EFFECT84" themecode="common" index="10">
      <effect x="0" y="0" w="550" h="310" rotate="0" id="cut" type="ZOOM" isCut="true" isPan="false"/>
      <x>47</x>
      <y>24</y>
      <width>550</width>
      <height>354</height>
      <speech>0</speech>
    </effectAsset>
  </scene>
</film>
