<?xml version="1.0" encoding="utf-8"?>
<theme id="ugc" name="ugc">
    <char id="15688438" name="Untitled" published="0" facing="left" thumb="stand.xml" default="stand.xml" motion="walk.xml" isCC="Y" is_premium="N" money="0" sharing="0" cc_theme_id="family"><tags/><action id="stand.xml" name="Stand" loop="Y" totalframe="1" enable="Y"/><motion id="walk.xml" name="Walk" loop="Y" totalframe="24" enable="Y"/><motion id="run.xml" name="Run" loop="Y" totalframe="20" enable="Y"/><action id="sit.xml" name="Sit" loop="Y" totalframe="1" enable="Y"/><action id="lie.xml" name="Lie down" loop="Y" totalframe="1" enable="Y"/><action id="kneel.xml" name="Kneel down" loop="Y" totalframe="1" enable="Y"/><action id="xarms.xml" name="Crossed arms" loop="Y" totalframe="1" enable="Y"/><category name="emotion"><action id="excited.xml" name="Excited / Cheers" loop="Y" totalframe="80" enable="Y"/><action id="taunt.xml" name="Taunt" loop="Y" totalframe="60" enable="Y"/><action id="chuckle.xml" name="Chuckle" loop="Y" totalframe="6" enable="Y"/><action id="laugh.xml" name="Laugh" loop="Y" totalframe="6" enable="Y"/><action id="sad.xml" name="Sad" loop="Y" totalframe="60" enable="Y"/><action id="fearful.xml" name="Fearful" loop="Y" totalframe="60" enable="Y"/></category><action id="pt_at.xml" name="Point at" loop="Y" totalframe="30" enable="Y"/><action id="talk_phone.xml" name="Talk on phone" loop="Y" totalframe="115" enable="Y"/><action id="dance.xml" name="Dance" loop="Y" totalframe="23" enable="Y"/><action id="talk.xml" name="Talk" loop="Y" totalframe="100" enable="Y"/><facial id="head_talk_a.xml" name="Talk neutral A" enable="Y"/><facial id="head_talk_b.xml" name="Talk neutral B" enable="Y"/><facial id="head_talk_angry.xml" name="Talk angry" enable="Y"/><facial id="head_talk_happy.xml" name="Talk happy" enable="Y"/><facial id="head_talk_sad.xml" name="Talk sad" enable="Y"/><facial id="head_happy.xml" name="Happy" enable="Y"/><facial id="head_sad.xml" name="Sad" enable="Y"/><facial id="head_angry.xml" name="Angry" enable="Y"/><facial id="head_neutral.xml" name="Neutral" enable="Y"/><facial id="head_laugh.xml" name="Laugh" enable="Y"/><facial id="head_cry.xml" name="Cry" enable="Y"/><facial id="head_shocked.xml" name="Shocked" enable="Y"/><facial id="head_surprised.xml" name="Surprised" enable="Y"/><facial id="head_thinking.xml" name="Thinking" enable="Y"/><facial id="head_sick.xml" name="Sick" enable="Y"/><facial id="head_asleep.xml" name="Asleep" enable="Y"/><facial id="head_yawn.xml" name="Yawn" enable="Y"/><facial id="head_chewing.xml" name="Chewing" enable="Y"/><facial id="head_disgusted.xml" name="Disgusted" enable="Y"/><facial id="head_schemeing.xml" name="Schemeing" enable="Y"/><facial id="head_talk_cry.xml" name="Talk while crying" enable="Y"/><facial id="head_taunt.xml" name="Taunt" enable="Y"/><colorset enable="Y"><color r="ccSkinColor" oc="0xFFE1C4">0xFFCE95</color><color r="ccEyeLib">0xFFCE95</color><color r="ccEyeIris">0x000000</color><color r="ccGlassesFrame">0xBE10B0</color><color r="ccGlassesLens">0x737373</color><color r="ccMouthLip">0x891258</color><color r="ccMustache">0x000000</color><color r="ccBeard">0xFFFFFF</color><color r="ccEyebrow">0x996633</color><color r="ccHairMajor">0x996633</color><color r="ccHairMinor">0x640F0F</color><color r="ccUpperMain" oc="0x336699">0x333333</color><color r="ccUpperMinor" oc="0xE5E5E5">0xFFFFFF</color><color r="ccLowerMain" oc="0xCCBC9A">0x336699</color><color r="ccLowerMinor" oc="0xEEEEEE">0xFFFFFF</color></colorset><c_parts><c_area oc="0xFFE1C4">ccSkinColor</c_area><c_area>ccEyeLib</c_area><c_area>ccEyeIris</c_area><c_area>ccGlassesFrame</c_area><c_area>ccGlassesLens</c_area><c_area>ccMouthLip</c_area><c_area>ccMustache</c_area><c_area>ccBeard</c_area><c_area>ccEyebrow</c_area><c_area>ccHairMajor</c_area><c_area>ccHairMinor</c_area><c_area oc="0x336699">ccUpperMain</c_area><c_area oc="0xE5E5E5">ccUpperMinor</c_area><c_area oc="0xCCBC9A">ccLowerMain</c_area><c_area oc="0xEEEEEE">ccLowerMinor</c_area></c_parts></char>
    <char id="15689601" name="Untitled" published="0" facing="left" thumb="stand.xml" default="stand.xml" motion="walk.xml" isCC="Y" is_premium="N" money="0" sharing="0" cc_theme_id="family"><tags/><action id="stand.xml" name="Stand" loop="Y" totalframe="1" enable="Y"/><motion id="walk.xml" name="Walk" loop="Y" totalframe="21" enable="Y"/><motion id="run.xml" name="Run" loop="Y" totalframe="20" enable="Y"/><action id="sit.xml" name="Sit" loop="Y" totalframe="1" enable="Y"/><action id="lie.xml" name="Lie down" loop="Y" totalframe="60" enable="Y"/><action id="kneel.xml" name="Kneel down" loop="Y" totalframe="100" enable="Y"/><action id="xarms.xml" name="Crossed arms" loop="Y" totalframe="1" enable="Y"/><category name="emotion"><action id="excited.xml" name="Excited / Cheers" loop="Y" totalframe="50" enable="Y"/><action id="taunt.xml" name="Taunt" loop="Y" totalframe="106" enable="Y"/><action id="chuckle.xml" name="Chuckle" loop="Y" totalframe="79" enable="Y"/><action id="laugh.xml" name="Laugh" loop="Y" totalframe="70" enable="Y"/><action id="sad.xml" name="Sad" loop="Y" totalframe="100" enable="Y"/><action id="fearful.xml" name="Fearful" loop="Y" totalframe="50" enable="Y"/></category><action id="pt_at.xml" name="Point at" loop="Y" totalframe="60" enable="Y"/><action id="talk_phone.xml" name="Talk on phone" loop="Y" totalframe="110" enable="Y"/><action id="dance.xml" name="Dance" loop="Y" totalframe="66" enable="Y"/><action id="talk.xml" name="Talk" loop="Y" totalframe="125" enable="Y"/><facial id="head_talk_a.xml" name="Talk neutral A" enable="Y"/><facial id="head_talk_b.xml" name="Talk neutral B" enable="Y"/><facial id="head_talk_angry.xml" name="Talk angry" enable="Y"/><facial id="head_talk_happy.xml" name="Talk happy" enable="Y"/><facial id="head_talk_sad.xml" name="Talk sad" enable="Y"/><facial id="head_happy.xml" name="Happy" enable="Y"/><facial id="head_sad.xml" name="Sad" enable="Y"/><facial id="head_angry.xml" name="Angry" enable="Y"/><facial id="head_neutral.xml" name="Neutral" enable="Y"/><facial id="head_laugh.xml" name="Laugh" enable="Y"/><facial id="head_cry.xml" name="Cry" enable="Y"/><facial id="head_shocked.xml" name="Shocked" enable="Y"/><facial id="head_surprised.xml" name="Surprised" enable="Y"/><facial id="head_thinking.xml" name="Thinking" enable="Y"/><facial id="head_sick.xml" name="Sick" enable="Y"/><facial id="head_asleep.xml" name="Asleep" enable="Y"/><facial id="head_yawn.xml" name="Yawn" enable="Y"/><facial id="head_chewing.xml" name="Chewing" enable="Y"/><facial id="head_disgusted.xml" name="Disgusted" enable="Y"/><facial id="head_schemeing.xml" name="Schemeing" enable="Y"/><facial id="head_talk_cry.xml" name="Talk while crying" enable="Y"/><facial id="head_taunt.xml" name="Taunt" enable="Y"/><colorset enable="Y"><color r="ccSkinColor" oc="0xFFE1C4">0xFFCE95</color><color r="ccEyeLib">0xFD8E6D</color><color r="ccEyeIris">0x000000</color><color r="ccGlassesFrame">0xFF0000</color><color r="ccGlassesLens">0xFF0000</color><color r="ccMouthLip">0xFF6666</color><color r="ccMustache">0x8B6F18</color><color r="ccBeard">0xC29B22</color><color r="ccEyebrow">0x000000</color><color r="ccHairMajor">0x431D09</color><color r="ccHairMinor">0x8B6F18</color><color r="ccUpperMain" oc="0x336699">0xFFFFFF</color><color r="ccUpperMinor" oc="0xE5E5E5">0x333333</color><color r="ccLowerMain" oc="0xCCBC9A">0x333333</color><color r="ccLowerMinor" oc="0xEEEEEE">0x666666</color></colorset><c_parts><c_area oc="0xFFE1C4">ccSkinColor</c_area><c_area>ccEyeLib</c_area><c_area>ccEyeIris</c_area><c_area>ccGlassesFrame</c_area><c_area>ccGlassesLens</c_area><c_area>ccMouthLip</c_area><c_area>ccMustache</c_area><c_area>ccBeard</c_area><c_area>ccEyebrow</c_area><c_area>ccHairMajor</c_area><c_area>ccHairMinor</c_area><c_area oc="0x336699">ccUpperMain</c_area><c_area oc="0xE5E5E5">ccUpperMinor</c_area><c_area oc="0xCCBC9A">ccLowerMain</c_area><c_area oc="0xEEEEEE">ccLowerMinor</c_area></c_parts></char>
    <char id="15693158" name="Untitled" published="0" facing="left" thumb="stand.xml" default="stand.xml" motion="walk.xml" isCC="Y" is_premium="N" money="0" sharing="0" cc_theme_id="family"><tags/><action id="stand.xml" name="Stand" loop="Y" totalframe="1" enable="Y"/><motion id="walk.xml" name="Walk" loop="Y" totalframe="24" enable="Y"/><motion id="run.xml" name="Run" loop="Y" totalframe="20" enable="Y"/><action id="sit.xml" name="Sit" loop="Y" totalframe="1" enable="Y"/><action id="lie.xml" name="Lie down" loop="Y" totalframe="1" enable="Y"/><action id="kneel.xml" name="Kneel down" loop="Y" totalframe="1" enable="Y"/><action id="xarms.xml" name="Crossed arms" loop="Y" totalframe="1" enable="Y"/><category name="emotion"><action id="excited.xml" name="Excited / Cheers" loop="Y" totalframe="80" enable="Y"/><action id="taunt.xml" name="Taunt" loop="Y" totalframe="60" enable="Y"/><action id="chuckle.xml" name="Chuckle" loop="Y" totalframe="6" enable="Y"/><action id="laugh.xml" name="Laugh" loop="Y" totalframe="6" enable="Y"/><action id="sad.xml" name="Sad" loop="Y" totalframe="60" enable="Y"/><action id="fearful.xml" name="Fearful" loop="Y" totalframe="60" enable="Y"/></category><action id="pt_at.xml" name="Point at" loop="Y" totalframe="30" enable="Y"/><action id="talk_phone.xml" name="Talk on phone" loop="Y" totalframe="115" enable="Y"/><action id="dance.xml" name="Dance" loop="Y" totalframe="23" enable="Y"/><action id="talk.xml" name="Talk" loop="Y" totalframe="100" enable="Y"/><facial id="head_talk_a.xml" name="Talk neutral A" enable="Y"/><facial id="head_talk_b.xml" name="Talk neutral B" enable="Y"/><facial id="head_talk_angry.xml" name="Talk angry" enable="Y"/><facial id="head_talk_happy.xml" name="Talk happy" enable="Y"/><facial id="head_talk_sad.xml" name="Talk sad" enable="Y"/><facial id="head_happy.xml" name="Happy" enable="Y"/><facial id="head_sad.xml" name="Sad" enable="Y"/><facial id="head_angry.xml" name="Angry" enable="Y"/><facial id="head_neutral.xml" name="Neutral" enable="Y"/><facial id="head_laugh.xml" name="Laugh" enable="Y"/><facial id="head_cry.xml" name="Cry" enable="Y"/><facial id="head_shocked.xml" name="Shocked" enable="Y"/><facial id="head_surprised.xml" name="Surprised" enable="Y"/><facial id="head_thinking.xml" name="Thinking" enable="Y"/><facial id="head_sick.xml" name="Sick" enable="Y"/><facial id="head_asleep.xml" name="Asleep" enable="Y"/><facial id="head_yawn.xml" name="Yawn" enable="Y"/><facial id="head_chewing.xml" name="Chewing" enable="Y"/><facial id="head_disgusted.xml" name="Disgusted" enable="Y"/><facial id="head_schemeing.xml" name="Schemeing" enable="Y"/><facial id="head_talk_cry.xml" name="Talk while crying" enable="Y"/><facial id="head_taunt.xml" name="Taunt" enable="Y"/><colorset enable="Y"><color r="ccSkinColor" oc="0xFFE1C4">0xFEBD9D</color><color r="ccEyeLib">0xFEBD9D</color><color r="ccEyeIris">0x000000</color><color r="ccGlassesFrame">0xBE10B0</color><color r="ccGlassesLens">0x737373</color><color r="ccMouthLip">0x891258</color><color r="ccMustache">0x000000</color><color r="ccBeard">0x996600</color><color r="ccEyebrow">0x663300</color><color r="ccHairMajor">0x663333</color><color r="ccHairMinor">0x640F0F</color><color r="ccUpperMain" oc="0x336699">0x666666</color><color r="ccUpperMinor" oc="0xE5E5E5">0x996666</color><color r="ccLowerMain" oc="0xCCBC9A">0x333333</color><color r="ccLowerMinor" oc="0xEEEEEE">0x333300</color><color r="ccDecMajor" targetComponent="ID2112">0xFF9966</color></colorset><c_parts><c_area oc="0xFFE1C4">ccSkinColor</c_area><c_area>ccEyeLib</c_area><c_area>ccEyeIris</c_area><c_area>ccGlassesFrame</c_area><c_area>ccGlassesLens</c_area><c_area>ccMouthLip</c_area><c_area>ccMustache</c_area><c_area>ccBeard</c_area><c_area>ccEyebrow</c_area><c_area>ccHairMajor</c_area><c_area>ccHairMinor</c_area><c_area oc="0x336699">ccUpperMain</c_area><c_area oc="0xE5E5E5">ccUpperMinor</c_area><c_area oc="0xCCBC9A">ccLowerMain</c_area><c_area oc="0xEEEEEE">ccLowerMinor</c_area><c_area>ccDecMajor</c_area></c_parts></char>
    <char id="15696177" name="Untitled" published="0" facing="left" thumb="stand.xml" default="stand.xml" motion="walk.xml" isCC="Y" is_premium="N" money="0" sharing="0" cc_theme_id="family"><tags/><action id="stand.xml" name="Stand" loop="Y" totalframe="1" enable="Y"/><motion id="walk.xml" name="Walk" loop="Y" totalframe="21" enable="Y"/><motion id="run.xml" name="Run" loop="Y" totalframe="20" enable="Y"/><action id="sit.xml" name="Sit" loop="Y" totalframe="1" enable="Y"/><action id="lie.xml" name="Lie down" loop="Y" totalframe="60" enable="Y"/><action id="kneel.xml" name="Kneel down" loop="Y" totalframe="100" enable="Y"/><action id="xarms.xml" name="Crossed arms" loop="Y" totalframe="1" enable="Y"/><category name="emotion"><action id="excited.xml" name="Excited / Cheers" loop="Y" totalframe="50" enable="Y"/><action id="taunt.xml" name="Taunt" loop="Y" totalframe="106" enable="Y"/><action id="chuckle.xml" name="Chuckle" loop="Y" totalframe="79" enable="Y"/><action id="laugh.xml" name="Laugh" loop="Y" totalframe="70" enable="Y"/><action id="sad.xml" name="Sad" loop="Y" totalframe="100" enable="Y"/><action id="fearful.xml" name="Fearful" loop="Y" totalframe="50" enable="Y"/></category><action id="pt_at.xml" name="Point at" loop="Y" totalframe="60" enable="Y"/><action id="talk_phone.xml" name="Talk on phone" loop="Y" totalframe="110" enable="Y"/><action id="dance.xml" name="Dance" loop="Y" totalframe="66" enable="Y"/><action id="talk.xml" name="Talk" loop="Y" totalframe="125" enable="Y"/><facial id="head_talk_a.xml" name="Talk neutral A" enable="Y"/><facial id="head_talk_b.xml" name="Talk neutral B" enable="Y"/><facial id="head_talk_angry.xml" name="Talk angry" enable="Y"/><facial id="head_talk_happy.xml" name="Talk happy" enable="Y"/><facial id="head_talk_sad.xml" name="Talk sad" enable="Y"/><facial id="head_happy.xml" name="Happy" enable="Y"/><facial id="head_sad.xml" name="Sad" enable="Y"/><facial id="head_angry.xml" name="Angry" enable="Y"/><facial id="head_neutral.xml" name="Neutral" enable="Y"/><facial id="head_laugh.xml" name="Laugh" enable="Y"/><facial id="head_cry.xml" name="Cry" enable="Y"/><facial id="head_shocked.xml" name="Shocked" enable="Y"/><facial id="head_surprised.xml" name="Surprised" enable="Y"/><facial id="head_thinking.xml" name="Thinking" enable="Y"/><facial id="head_sick.xml" name="Sick" enable="Y"/><facial id="head_asleep.xml" name="Asleep" enable="Y"/><facial id="head_yawn.xml" name="Yawn" enable="Y"/><facial id="head_chewing.xml" name="Chewing" enable="Y"/><facial id="head_disgusted.xml" name="Disgusted" enable="Y"/><facial id="head_schemeing.xml" name="Schemeing" enable="Y"/><facial id="head_talk_cry.xml" name="Talk while crying" enable="Y"/><facial id="head_taunt.xml" name="Taunt" enable="Y"/><colorset enable="Y"><color r="ccSkinColor" oc="0xFFE1C4">0xFFCE95</color><color r="ccEyeLib">0xFFA266</color><color r="ccEyeIris">0x000000</color><color r="ccGlassesFrame">0xFF0000</color><color r="ccGlassesLens">0xFF0000</color><color r="ccMouthLip">0xFF6666</color><color r="ccMustache">0x8B6F18</color><color r="ccBeard">0xC29B22</color><color r="ccEyebrow">0x000000</color><color r="ccHairMajor">0x431D09</color><color r="ccHairMinor">0x8B6F18</color><color r="ccUpperMain" oc="0x336699">0xFB9DC4</color><color r="ccUpperMinor" oc="0xE5E5E5">0xF51B73</color><color r="ccLowerMain" oc="0xCCBC9A">0x624576</color><color r="ccLowerMinor" oc="0xEEEEEE">0x990000</color></colorset><c_parts><c_area oc="0xFFE1C4">ccSkinColor</c_area><c_area>ccEyeLib</c_area><c_area>ccEyeIris</c_area><c_area>ccGlassesFrame</c_area><c_area>ccGlassesLens</c_area><c_area>ccMouthLip</c_area><c_area>ccMustache</c_area><c_area>ccBeard</c_area><c_area>ccEyebrow</c_area><c_area>ccHairMajor</c_area><c_area>ccHairMinor</c_area><c_area oc="0x336699">ccUpperMain</c_area><c_area oc="0xE5E5E5">ccUpperMinor</c_area><c_area oc="0xCCBC9A">ccLowerMain</c_area><c_area oc="0xEEEEEE">ccLowerMinor</c_area></c_parts></char>
    <background subtype="" id="17529631.swf" name="subway_train" enable="Y" enc_asset_id="048ijCOI2E54" signature="9jhOmjstm8lyl57RN17zVgGXhT120cmb+AteolleOThm6K+PfGvTt3Afu3n_jPHdFtXO7MlIqRl6YIEX3SHAk49Om8eFjIi+_gp5DO8caT6fBW0BjSubgyBq3kWDoJhahBNnsAmzhBZqxBss7Y+j5UgL89N0JSJOnsske56wMue13x6B62U4W2HD3NPNo="/>
    <prop subtype="0" id="17530706.jpg" name="train" enable="Y" holdable="0" headable="0" placeable="1" facing="left" width="0" height="0" duration="0" enc_asset_id="0Taw5EaNCCxc" signature="DyF6jO7zK3FFKk+ZeGCtnQvN0G4u+lf79f5KlFEtLFMm_cvalvidmXNEqHuS305yOAKUt42TMyhzvDUxwGyAIOSud1AJ7wZPlEI5LCJkGTiItWRGfaLIeZHlWlfyqkxVVTJdIb1QWb_maREX30qiKIKxetizZgVvTI4N8W7MG2NbZOvUZUUGALhSeL_6I="/>
    <prop subtype="0" id="17817375.jpg" name="train_blur" enable="Y" holdable="0" headable="0" placeable="1" facing="left" width="0" height="0" duration="0" enc_asset_id="0FCDIIesACC8" signature="ERR26K3TvI3D9iaSK9oBPgZ1nidaMbF_EKh2A_nsljORETx9MU4n2A4g0OoZR8W_OI7hABKh8p0E28F+b0s05S8BvLPHlyi_VA_A_9dDOW+buK+3ZgHClcrAdxo4YssaO7xSsi_iy5Jprw14XkUV9otvyPKGjsqiwRjneD00pDCZ48lMB95ljkihAdEwg="/>
    <prop subtype="0" id="17820649.jpg" name="train_blur2" enable="Y" holdable="0" headable="0" placeable="1" facing="left" width="0" height="0" duration="0" enc_asset_id="0o4WRL5PZ79w" signature="Da6LemrB9X7J5RJFR5dLoAFv0ke0F6SKpuoZ_zD_ust9W+Nl29zWrOGN6VhyPYpDPIHBG1JDpLlviR_zBOx74r0_5cITKIYObuI1Img57RxcJv0KPnO9N_djaM0bUYIKPjJCAAlex1iGBdOo4wC1d2H+ZmcPm6cCzSz9A9z7xGoNRm6Bn7j3OosC6_YC4="/>
    <prop subtype="0" id="24353496.swf" name="stamd" enable="Y" holdable="0" headable="0" placeable="1" facing="left" width="0" height="0" duration="0" enc_asset_id="02q38Mb9rsoM" signature="UnPnx1CqO0Us2K+kCE9i6wBLFWboEAzbsJdhn+RDeKzYamB+ziuW1NFImmBRdtvye_930nzwCQyE_N6fwe2KugX6WlE8_AAwadFfdd5JT_kAMnkGw5a4LWnCrqAP+ZovmwxMPh0jSA3PWnBaIFPXX6XXLlA3H2sYEtqCFl6ioyGAF_eYWDA5_rPI49kgI="/>
</theme>