<?xml version="1.0" encoding="utf-8"?>
<cc_char xscale="1" yscale="1" hxscale="1" hyscale="1" headdx="0" headdy="0"><color r="ccSkinColor" oc="0xFFE1C4">0xFEBD9D</color><color r="ccEyeLib">0xFEBD9D</color><color r="ccEyeIris">0x000000</color><color r="ccGlassesFrame">0xBE10B0</color><color r="ccGlassesLens">0x737373</color><color r="ccMouthLip">0x891258</color><color r="ccMustache">0x000000</color><color r="ccBeard">0x996600</color><color r="ccEyebrow">0x663300</color><color r="ccHairMajor">0x663333</color><color r="ccHairMinor">0x640F0F</color><color r="ccUpperMain" oc="0x336699">0x666666</color><color r="ccUpperMinor" oc="0xE5E5E5">0x996666</color><color r="ccLowerMain" oc="0xCCBC9A">0x333333</color><color r="ccLowerMinor" oc="0xEEEEEE">0x333300</color><color r="ccDecMajor" targetComponent="ID2112">0xFF9966</color><component type="ear" component_id="006" theme_id="family" x="0" y="4" xscale="1" yscale="1" offset="0" rotation="0" gobucks="0" gopoints="0"/><component type="bodyshape" component_id="adam" theme_id="family" x="0" y="0" xscale="1" yscale="1" offset="0" rotation="0" gobucks="0" gopoints="0"/><component type="skeleton" component_id="adam_001" theme_id="family" x="0" y="0" xscale="1" yscale="1" offset="0" rotation="0" gobucks="0" gopoints="0"/><component type="hair" component_id="038" theme_id="family" x="6" y="3" xscale="0.9" yscale="1" offset="0" rotation="-12" gobucks="0" gopoints="0"/><component type="eye" component_id="004" theme_id="family" x="0" y="5" xscale="1" yscale="1" offset="5" rotation="-9" gobucks="0" gopoints="0"/><component type="eyebrow" component_id="002" theme_id="family" x="1" y="3" xscale="1" yscale="1" offset="4" rotation="-32" gobucks="0" gopoints="0"/><component type="nose" component_id="010" theme_id="family" x="-6" y="16" xscale="1.24" yscale="1.2" offset="0" rotation="8" gobucks="0" gopoints="0"/><component type="faceshape" component_id="015" theme_id="family" x="0" y="0" xscale="1.06" yscale="0.87" offset="0" rotation="0" gobucks="0" gopoints="0"/><component type="mouth" component_id="003" theme_id="family" x="0" y="5" xscale="0.91" yscale="0.97" offset="0" rotation="-6" gobucks="0" gopoints="0"/><component id="ID7657" type="facedecoration" component_id="014" theme_id="family" x="-29" y="5" xscale="1.16" yscale="1.09" offset="0" rotation="0" gobucks="5" gopoints="0"/><component id="ID2112" type="facedecoration" component_id="015" theme_id="family" x="-3" y="10" xscale="1.21" yscale="1.12" offset="0" rotation="0" gobucks="5" gopoints="0"/><component id="ID7767" type="facedecoration" component_id="013" theme_id="family" x="2" y="-2" xscale="0.9" yscale="0.76" offset="0" rotation="0" gobucks="5" gopoints="0"/><component type="upper_body" component_id="adam_003" theme_id="family" x="0" y="0" xscale="1" yscale="1" offset="0" rotation="0" gobucks="75" gopoints="0"/><component type="lower_body" component_id="adam_001" theme_id="family" x="0" y="0" xscale="1" yscale="1" offset="0" rotation="0" gobucks="40" gopoints="0"/></cc_char>