<?xml version="1.0"?>
<film copyable="0" duration="56.0" published="0" pshare="0" isWide="1">
  <meta>
    <title>Got any grapes?</title>
    <tag/>
    <hiddenTag/>
    <desc></desc>
    <mver><![CDATA[4]]></mver>
    <studio>a76d829cef09f7bb9bef739f686c0449acbaded8</studio>
    <thumbnail index="0"/>
    <palette>
      <color value="333333"/>
      <color value="999999"/>
      <color value="fbfbfb"/>
      <color value="669999"/>
      <color value="55bbaa"/>
      <color value="7fbb11"/>
      <color value="15709b"/>
      <color value="9a5d1"/>
      <color value="6ab8d6"/>
      <color value="da2021"/>
      <color value="fecd31"/>
      <color value="28c6c1"/>
      <color value="37444f"/>
    </palette>
  </meta>
  <scene id="SCENE23" adelay="84" lock="Y" index="0" color="16777215" guid="8CDDE94B-7A76-6D76-C779-4EBAFDBEC7C7">
    <bg id="BG223" index="0">
      <file>ugc.17527292.swf</file>
    </bg>
    <prop id="PROP54" index="1">
      <file>ugc.17524592.swf</file>
      <x>346</x>
      <y>239</y>
      <xscale>1</xscale>
      <yscale>1</yscale>
      <face>1</face>
      <rotation>0</rotation>
    </prop>
    <effectAsset id="EFFECT42" themecode="common" index="2">
      <effect x="0" y="0" w="550" h="310" rotate="0" id="cut" type="ZOOM" isCut="true" isPan="false"/>
      <x>47</x>
      <y>24</y>
      <width>550</width>
      <height>354</height>
      <speech>0</speech>
    </effectAsset>
  </scene>
  <scene id="SCENE24" adelay="60" lock="N" index="1" color="16777215" guid="83FAFF5C-5D90-7B95-CDF2-A214CB8A2989">
    <durationSetting countMinimum="1" countTransition="1" countAction="1" countBubble="1" countSpeech="1"/>
    <bubbleAsset id="BUBBLE286" index="1">
      <x>239</x>
      <y>157</y>
      <xscale>1</xscale>
      <yscale>1</yscale>
      <rotation>0</rotation>
      <fx>easeNone</fx>
      <fxdur>0</fxdur>
      <bubble x="0" y="0" w="180" h="90" rotate="0" type="BLANK" hasTail="0" colorStyle="1" autoTextResize="true">
        <body rgb="16777215" shadow="1" bgAlpha="0" linergb="0" tailx="180" taily="110" paddingHorizontal="0" paddingVertical="0"/>
        <text rgb="0" alpha="100" font="Accidental Presidency" size="60" align="center" bold="false" italic="false" embed="true">opening:1</text>
        <url target="top"><![CDATA[]]></url>
      </bubble>
    </bubbleAsset>
    <effectAsset id="EFFECT44" themecode="common" index="2">
      <effect x="0" y="0" w="550" h="310" rotate="0" id="cut" type="ZOOM" isCut="true" isPan="false"/>
      <x>47</x>
      <y>24</y>
      <width>550</width>
      <height>354</height>
      <speech>0</speech>
    </effectAsset>
  </scene>
  <scene id="SCENE25" adelay="84" lock="Y" index="2" color="16777215" guid="B07B7A57-A102-805E-C597-44CCC24FE7D5">
    <bg id="BG223" index="0">
      <file>ugc.17527292.swf</file>
    </bg>
    <char id="AVATOR135" index="1" raceCode="1">
      <action face="1" motionface="1">ugc.15689601.stand.xml</action>
      <x>379</x>
      <y>206</y>
      <xscale>0.93</xscale>
      <yscale>0.93</yscale>
      <rotation>0</rotation>
    </char>
    <char id="AVATOR134" index="3" raceCode="1">
      <action face="-1,-1" motionface="-1">ugc.15688438.walk.xml</action>
      <x>-19,252</x>
      <y>225,225</y>
      <xscale>1,1</xscale>
      <yscale>1,1</yscale>
      <rotation>0,0</rotation>
      <assetMotion ver="1"/>
    </char>
    <prop id="PROP37" index="2">
      <file>ugc.17524592.swf</file>
      <x>346</x>
      <y>239</y>
      <xscale>1</xscale>
      <yscale>1</yscale>
      <face>1</face>
      <rotation>0</rotation>
    </prop>
    <effectAsset id="EFFECT0" themecode="common" index="4">
      <effect x="0" y="0" w="550" h="310" rotate="0" id="fadeInEx" type="FADING" isIn="true" isOut="false"/>
      <x>47</x>
      <y>24</y>
      <width>550</width>
      <height>354</height>
      <speech>0</speech>
    </effectAsset>
    <effectAsset id="EFFECT46" themecode="common" index="5">
      <effect x="0" y="0" w="550" h="310" rotate="0" id="cut" type="ZOOM" isCut="true" isPan="false"/>
      <x>47</x>
      <y>24</y>
      <width>550</width>
      <height>354</height>
      <speech>0</speech>
    </effectAsset>
  </scene>
  <scene id="SCENE26" adelay="12" lock="Y" index="3" color="16777215" guid="30A50A48-F1AC-5C61-8A1A-E7B67D6DA8FB">
    <bg id="BG224" index="0">
      <file>ugc.17527292.swf</file>
    </bg>
    <char id="AVATOR135" index="1" raceCode="1">
      <action face="1" motionface="1">ugc.15689601.stand.xml</action>
      <x>379</x>
      <y>206</y>
      <xscale>0.93</xscale>
      <yscale>0.93</yscale>
      <rotation>0</rotation>
    </char>
    <char id="AVATOR134" index="3" raceCode="1">
      <action face="-1" motionface="1">ugc.15688438.stand.xml</action>
      <x>252</x>
      <y>225</y>
      <xscale>1</xscale>
      <yscale>1</yscale>
      <rotation>0</rotation>
    </char>
    <prop id="PROP38" index="2">
      <file>ugc.17524592.swf</file>
      <x>346</x>
      <y>239</y>
      <xscale>1</xscale>
      <yscale>1</yscale>
      <face>1</face>
      <rotation>0</rotation>
    </prop>
    <effectAsset id="EFFECT48" themecode="common" index="4">
      <effect x="0" y="0" w="550" h="310" rotate="0" id="cut" type="ZOOM" isCut="true" isPan="false"/>
      <x>47</x>
      <y>24</y>
      <width>550</width>
      <height>354</height>
      <speech>0</speech>
    </effectAsset>
  </scene>
  <scene id="SCENE27" adelay="60" lock="N" index="4" color="16777215" guid="5C5ED242-8E39-B2D5-F1F6-2FF795F92E50">
    <durationSetting countMinimum="1" countTransition="1" countAction="1" countBubble="1" countSpeech="1"/>
    <bubbleAsset id="BUBBLE288" index="1">
      <x>250</x>
      <y>162</y>
      <xscale>1</xscale>
      <yscale>1</yscale>
      <rotation>0</rotation>
      <fx>easeNone</fx>
      <fxdur>0</fxdur>
      <bubble x="0" y="0" w="180" h="90" rotate="0" type="BLANK" hasTail="0" colorStyle="1" autoTextResize="true">
        <body rgb="16777215" shadow="1" bgAlpha="0" linergb="0" tailx="180" taily="110" paddingHorizontal="0" paddingVertical="0"/>
        <text rgb="0" alpha="100" font="Accidental Presidency" size="48" align="center" bold="false" italic="false" embed="true">character:1</text>
        <url target="top"><![CDATA[]]></url>
      </bubble>
    </bubbleAsset>
    <effectAsset id="EFFECT50" themecode="common" index="2">
      <effect x="0" y="0" w="550" h="310" rotate="0" id="cut" type="ZOOM" isCut="true" isPan="false"/>
      <x>47</x>
      <y>24</y>
      <width>550</width>
      <height>354</height>
      <speech>0</speech>
    </effectAsset>
  </scene>
  <scene id="SCENE28" adelay="60" lock="N" index="5" color="16777215" guid="9C4AF82E-EC6D-F1C0-D815-843D0E38D922">
    <durationSetting countMinimum="1" countTransition="1" countAction="1" countBubble="1" countSpeech="1"/>
    <char id="AVATOR290" index="1" raceCode="1">
      <action face="-1" motionface="1">ugc.15688438.stand.xml</action>
      <x>252</x>
      <y>225</y>
      <xscale>1</xscale>
      <yscale>1</yscale>
      <rotation>0</rotation>
    </char>
    <effectAsset id="EFFECT52" themecode="common" index="2">
      <effect x="0" y="0" w="550" h="310" rotate="0" id="cut" type="ZOOM" isCut="true" isPan="false"/>
      <x>47</x>
      <y>24</y>
      <width>550</width>
      <height>354</height>
      <speech>0</speech>
    </effectAsset>
  </scene>
  <scene id="SCENE29" adelay="60" lock="N" index="6" color="16777215" guid="4029AFA0-34B3-EEFD-F211-5D7F336EE7CF">
    <durationSetting countMinimum="1" countTransition="1" countAction="1" countBubble="1" countSpeech="1"/>
    <bubbleAsset id="BUBBLE293" index="1">
      <x>250</x>
      <y>162</y>
      <xscale>1</xscale>
      <yscale>1</yscale>
      <rotation>0</rotation>
      <fx>easeNone</fx>
      <fxdur>0</fxdur>
      <bubble x="0" y="0" w="180" h="90" rotate="0" type="BLANK" hasTail="0" colorStyle="1" autoTextResize="true">
        <body rgb="16777215" shadow="1" bgAlpha="0" linergb="0" tailx="180" taily="110" paddingHorizontal="0" paddingVertical="0"/>
        <text rgb="0" alpha="100" font="Accidental Presidency" size="47" align="center" bold="false" italic="false" embed="true">character:2</text>
        <url target="top"><![CDATA[]]></url>
      </bubble>
    </bubbleAsset>
    <effectAsset id="EFFECT54" themecode="common" index="2">
      <effect x="0" y="0" w="550" h="310" rotate="0" id="cut" type="ZOOM" isCut="true" isPan="false"/>
      <x>47</x>
      <y>24</y>
      <width>550</width>
      <height>354</height>
      <speech>0</speech>
    </effectAsset>
  </scene>
  <scene id="SCENE30" adelay="60" lock="N" index="7" color="16777215" guid="8A91F925-30A8-A1AF-3884-5D3D6ACC68CA">
    <durationSetting countMinimum="1" countTransition="1" countAction="1" countBubble="1" countSpeech="1"/>
    <char id="AVATOR294" index="1" raceCode="1">
      <action face="1" motionface="1">ugc.15689601.stand.xml</action>
      <x>337</x>
      <y>216</y>
      <xscale>0.93</xscale>
      <yscale>0.93</yscale>
      <rotation>0</rotation>
    </char>
    <effectAsset id="EFFECT56" themecode="common" index="2">
      <effect x="0" y="0" w="550" h="310" rotate="0" id="cut" type="ZOOM" isCut="true" isPan="false"/>
      <x>47</x>
      <y>24</y>
      <width>550</width>
      <height>354</height>
      <speech>0</speech>
    </effectAsset>
  </scene>
  <scene id="SCENE31" adelay="60" lock="N" index="8" color="16777215" guid="FA3BC084-6F26-DF97-DBC1-1577958987B3">
    <durationSetting countMinimum="1" countTransition="1" countAction="1" countBubble="1" countSpeech="1"/>
    <bubbleAsset id="BUBBLE296" index="1">
      <x>243</x>
      <y>148</y>
      <xscale>1</xscale>
      <yscale>1</yscale>
      <rotation>0</rotation>
      <fx>easeNone</fx>
      <fxdur>0</fxdur>
      <bubble x="0" y="0" w="180" h="90" rotate="0" type="BLANK" hasTail="0" colorStyle="1" autoTextResize="true">
        <body rgb="16777215" shadow="1" bgAlpha="0" linergb="0" tailx="180" taily="110" paddingHorizontal="0" paddingVertical="0"/>
        <text rgb="0" alpha="100" font="Accidental Presidency" size="74" align="center" bold="false" italic="false" embed="true">1:talk:1</text>
        <url target="top"><![CDATA[]]></url>
      </bubble>
    </bubbleAsset>
    <effectAsset id="EFFECT58" themecode="common" index="2">
      <effect x="0" y="0" w="550" h="310" rotate="0" id="cut" type="ZOOM" isCut="true" isPan="false"/>
      <x>47</x>
      <y>24</y>
      <width>550</width>
      <height>354</height>
      <speech>0</speech>
    </effectAsset>
  </scene>
  <scene id="SCENE32" adelay="60" lock="Y" index="9" color="16777215" guid="D5CD79D1-EC0B-EF7A-8613-14B152FB5D90">
    <bg id="BG225" index="0">
      <file>ugc.17527292.swf</file>
    </bg>
    <char id="AVATOR135" index="1" raceCode="1">
      <action face="1" motionface="1">ugc.15689601.stand.xml</action>
      <x>379</x>
      <y>206</y>
      <xscale>0.93</xscale>
      <yscale>0.93</yscale>
      <rotation>0</rotation>
    </char>
    <char id="AVATOR134" index="3" raceCode="1">
      <action face="-1" motionface="1">ugc.15688438.stand.xml</action>
      <head id="PROP30" raceCode="1">
        <file>ugc.15688438.head.head_neutral.xml</file>
      </head>
      <x>252</x>
      <y>225</y>
      <xscale>1</xscale>
      <yscale>1</yscale>
      <rotation>0</rotation>
    </char>
    <prop id="PROP59" index="2">
      <file>ugc.17524592.swf</file>
      <x>346</x>
      <y>239</y>
      <xscale>1</xscale>
      <yscale>1</yscale>
      <face>1</face>
      <rotation>0</rotation>
    </prop>
    <effectAsset id="EFFECT60" themecode="common" index="4">
      <effect x="0" y="0" w="550" h="310" rotate="0" id="cut" type="ZOOM" isCut="true" isPan="false"/>
      <x>47</x>
      <y>24</y>
      <width>550</width>
      <height>354</height>
      <speech>0</speech>
    </effectAsset>
  </scene>
  <scene id="SCENE33" adelay="60" lock="N" index="10" color="16777215" guid="04F0FDC0-2363-5930-DD1F-197FBC0204BC">
    <durationSetting countMinimum="1" countTransition="1" countAction="1" countBubble="1" countSpeech="1"/>
    <bubbleAsset id="BUBBLE306" index="1">
      <x>223</x>
      <y>154</y>
      <xscale>1</xscale>
      <yscale>1</yscale>
      <rotation>0</rotation>
      <fx>easeNone</fx>
      <fxdur>0</fxdur>
      <bubble x="0" y="0" w="180" h="90" rotate="0" type="BLANK" hasTail="0" colorStyle="1" autoTextResize="true">
        <body rgb="16777215" shadow="1" bgAlpha="0" linergb="0" tailx="180" taily="110" paddingHorizontal="0" paddingVertical="0"/>
        <text rgb="0" alpha="100" font="Accidental Presidency" size="74" align="center" bold="false" italic="false" embed="true">1:talk:2</text>
        <url target="top"><![CDATA[]]></url>
      </bubble>
    </bubbleAsset>
    <effectAsset id="EFFECT62" themecode="common" index="2">
      <effect x="0" y="0" w="550" h="310" rotate="0" id="cut" type="ZOOM" isCut="true" isPan="false"/>
      <x>47</x>
      <y>24</y>
      <width>550</width>
      <height>354</height>
      <speech>0</speech>
    </effectAsset>
  </scene>
  <scene id="SCENE34" adelay="60" lock="Y" index="11" color="16777215" guid="9EB45552-834A-CF1E-A51C-067CF39A062F">
    <char id="AVATOR135" index="2" raceCode="1">
      <action face="1" motionface="1">ugc.15689601.stand.xml</action>
      <x>379</x>
      <y>206</y>
      <xscale>0.93</xscale>
      <yscale>0.93</yscale>
      <rotation>0</rotation>
    </char>
    <char id="AVATOR134" index="4" raceCode="1">
      <action face="-1" motionface="1">ugc.15688438.talk.xml</action>
      <head id="PROP31" raceCode="1">
        <file>ugc.15688438.head.head_neutral.xml</file>
      </head>
      <x>252</x>
      <y>225</y>
      <xscale>1</xscale>
      <yscale>1</yscale>
      <rotation>0</rotation>
    </char>
    <prop id="PROP28" index="1">
      <file>ugc.17841189.jpg</file>
      <x>315.8</x>
      <y>169</y>
      <xscale>0.36</xscale>
      <yscale>0.36</yscale>
      <face>1</face>
      <rotation>0</rotation>
    </prop>
    <prop id="PROP40" index="3">
      <file>ugc.17524592.swf</file>
      <x>346</x>
      <y>238.4</y>
      <xscale>1</xscale>
      <yscale>1</yscale>
      <face>1</face>
      <rotation>0</rotation>
    </prop>
    <effectAsset id="EFFECT1" themecode="common" index="5">
      <effect x="0" y="0" w="371.1" h="209.1654545" rotate="0" id="cut" type="ZOOM" isCut="true" isPan="false"/>
      <x>133.5</x>
      <y>49.6232727</y>
      <width>371.1</width>
      <height>238.8534545</height>
      <speech>0</speech>
    </effectAsset>
  </scene>
  <scene id="SCENE35" adelay="60" lock="N" index="12" color="16777215" guid="17BF6896-66FB-5AA9-D421-98E38B04AFC0">
    <durationSetting countMinimum="1" countTransition="1" countAction="1" countBubble="1" countSpeech="1"/>
    <bubbleAsset id="BUBBLE308" index="1">
      <x>321</x>
      <y>204</y>
      <xscale>1</xscale>
      <yscale>1</yscale>
      <rotation>0</rotation>
      <fx>easeNone</fx>
      <fxdur>0</fxdur>
      <bubble x="0" y="0" w="180" h="90" rotate="0" type="BLANK" hasTail="0" colorStyle="1" autoTextResize="true">
        <body rgb="16777215" shadow="1" bgAlpha="0" linergb="0" tailx="180" taily="110" paddingHorizontal="0" paddingVertical="0"/>
        <text rgb="0" alpha="100" font="Accidental Presidency" size="74" align="center" bold="false" italic="false" embed="true">1:talk:3</text>
        <url target="top"><![CDATA[]]></url>
      </bubble>
    </bubbleAsset>
    <effectAsset id="EFFECT65" themecode="common" index="2">
      <effect x="0" y="0" w="550" h="310" rotate="0" id="cut" type="ZOOM" isCut="true" isPan="false"/>
      <x>47</x>
      <y>24</y>
      <width>550</width>
      <height>354</height>
      <speech>0</speech>
    </effectAsset>
  </scene>
  <scene id="SCENE36" adelay="60" lock="Y" index="13" color="16777215" guid="37BA7539-357D-A8C5-65A8-4B09DEA3D71A">
    <char id="AVATOR134" index="3" raceCode="1">
      <action face="-1" motionface="1">ugc.15688438.talk.xml</action>
      <head id="PROP32" raceCode="1">
        <file>ugc.15688438.head.head_neutral.xml</file>
      </head>
      <x>252</x>
      <y>225</y>
      <xscale>1</xscale>
      <yscale>1</yscale>
      <rotation>0</rotation>
    </char>
    <prop id="PROP58" index="1">
      <file>ugc.17815916.jpg</file>
      <x>254.1</x>
      <y>150.5</y>
      <xscale>0.22</xscale>
      <yscale>0.22</yscale>
      <face>1</face>
      <rotation>0</rotation>
    </prop>
    <prop id="PROP55" index="2">
      <file>ugc.17524592.swf</file>
      <x>345</x>
      <y>238</y>
      <xscale>1</xscale>
      <yscale>1</yscale>
      <face>1</face>
      <rotation>0</rotation>
    </prop>
    <effectAsset id="EFFECT1" themecode="common" index="4">
      <effect x="0" y="0" w="213.3" h="120.2236364" rotate="0" id="cut" type="ZOOM" isCut="true" isPan="false"/>
      <x>142.4</x>
      <y>82.5061818</y>
      <width>213.3</width>
      <height>137.2876364</height>
      <speech>0</speech>
    </effectAsset>
  </scene>
  <scene id="SCENE37" adelay="60" lock="N" index="14" color="16777215" guid="7417BC1A-F894-F533-2515-B564134D1061">
    <durationSetting countMinimum="1" countTransition="1" countAction="1" countBubble="1" countSpeech="1"/>
    <bubbleAsset id="BUBBLE310" index="1">
      <x>214</x>
      <y>169</y>
      <xscale>1</xscale>
      <yscale>1</yscale>
      <rotation>0</rotation>
      <fx>easeNone</fx>
      <fxdur>0</fxdur>
      <bubble x="0" y="0" w="180" h="90" rotate="0" type="BLANK" hasTail="0" colorStyle="1" autoTextResize="true">
        <body rgb="16777215" shadow="1" bgAlpha="0" linergb="0" tailx="180" taily="110" paddingHorizontal="0" paddingVertical="0"/>
        <text rgb="0" alpha="100" font="Accidental Presidency" size="74" align="center" bold="false" italic="false" embed="true">2:talk:1</text>
        <url target="top"><![CDATA[]]></url>
      </bubble>
    </bubbleAsset>
    <effectAsset id="EFFECT68" themecode="common" index="2">
      <effect x="0" y="0" w="550" h="310" rotate="0" id="cut" type="ZOOM" isCut="true" isPan="false"/>
      <x>47</x>
      <y>24</y>
      <width>550</width>
      <height>354</height>
      <speech>0</speech>
    </effectAsset>
  </scene>
  <scene id="SCENE38" adelay="60" lock="Y" index="15" color="16777215" guid="935ECC2F-CC50-164E-2D1A-90861585AFE7">
    <bg id="BG228" index="0">
      <file>ugc.17527292.swf</file>
    </bg>
    <char id="AVATOR135" index="1" raceCode="1">
      <action face="1" motionface="1">ugc.15689601.talk.xml</action>
      <head id="PROP33" raceCode="1">
        <file>ugc.15689601.head.head_neutral.xml</file>
      </head>
      <x>379</x>
      <y>206</y>
      <xscale>0.93</xscale>
      <yscale>0.93</yscale>
      <rotation>0</rotation>
    </char>
    <char id="AVATOR134" index="3" raceCode="1">
      <action face="-1" motionface="1">ugc.15688438.stand.xml</action>
      <x>252</x>
      <y>225</y>
      <xscale>1</xscale>
      <yscale>1</yscale>
      <rotation>0</rotation>
    </char>
    <prop id="PROP42" index="2">
      <file>ugc.17524592.swf</file>
      <x>346</x>
      <y>239</y>
      <xscale>1</xscale>
      <yscale>1</yscale>
      <face>1</face>
      <rotation>0</rotation>
    </prop>
    <effectAsset id="EFFECT70" themecode="common" index="4">
      <effect x="0" y="0" w="550" h="310" rotate="0" id="cut" type="ZOOM" isCut="true" isPan="false"/>
      <x>47</x>
      <y>24</y>
      <width>550</width>
      <height>354</height>
      <speech>0</speech>
    </effectAsset>
  </scene>
  <scene id="SCENE39" adelay="60" lock="N" index="16" color="16777215" guid="9F74771B-F1D3-E483-598C-7AA0D1DF7B66">
    <durationSetting countMinimum="1" countTransition="1" countAction="1" countBubble="1" countSpeech="1"/>
    <bubbleAsset id="BUBBLE312" index="1">
      <x>229</x>
      <y>188</y>
      <xscale>1</xscale>
      <yscale>1</yscale>
      <rotation>0</rotation>
      <fx>easeNone</fx>
      <fxdur>0</fxdur>
      <bubble x="0" y="0" w="180" h="90" rotate="0" type="BLANK" hasTail="0" colorStyle="1" autoTextResize="true">
        <body rgb="16777215" shadow="1" bgAlpha="0" linergb="0" tailx="180" taily="110" paddingHorizontal="0" paddingVertical="0"/>
        <text rgb="0" alpha="100" font="Accidental Presidency" size="74" align="center" bold="false" italic="false" embed="true">2:talk:2</text>
        <url target="top"><![CDATA[]]></url>
      </bubble>
    </bubbleAsset>
    <effectAsset id="EFFECT72" themecode="common" index="2">
      <effect x="0" y="0" w="550" h="310" rotate="0" id="cut" type="ZOOM" isCut="true" isPan="false"/>
      <x>47</x>
      <y>24</y>
      <width>550</width>
      <height>354</height>
      <speech>0</speech>
    </effectAsset>
  </scene>
  <scene id="SCENE40" adelay="60" lock="Y" index="17" color="16777215" guid="248CDB76-F6DC-8154-29AD-AEE0012B1511">
    <char id="AVATOR135" index="2" raceCode="1">
      <action face="1" motionface="1">ugc.15689601.talk.xml</action>
      <head id="PROP34" raceCode="1">
        <file>ugc.15689601.head.head_neutral.xml</file>
      </head>
      <x>379</x>
      <y>206</y>
      <xscale>0.93</xscale>
      <yscale>0.93</yscale>
      <rotation>0</rotation>
    </char>
    <char id="AVATOR134" index="4" raceCode="1">
      <action face="-1" motionface="1">ugc.15688438.xarms.xml</action>
      <x>252</x>
      <y>225</y>
      <xscale>1</xscale>
      <yscale>1</yscale>
      <rotation>0</rotation>
    </char>
    <prop id="PROP41" index="1">
      <file>ugc.17841189.jpg</file>
      <x>315.8</x>
      <y>169</y>
      <xscale>0.36</xscale>
      <yscale>0.36</yscale>
      <face>1</face>
      <rotation>0</rotation>
    </prop>
    <prop id="PROP49" index="3">
      <file>ugc.17524592.swf</file>
      <x>346</x>
      <y>238.4</y>
      <xscale>1</xscale>
      <yscale>1</yscale>
      <face>1</face>
      <rotation>0</rotation>
    </prop>
    <effectAsset id="EFFECT1" themecode="common" index="5">
      <effect x="0" y="0" w="371.1" h="209.1654545" rotate="0" id="cut" type="ZOOM" isCut="true" isPan="false"/>
      <x>133.5</x>
      <y>49.6232727</y>
      <width>371.1</width>
      <height>238.8534545</height>
      <speech>0</speech>
    </effectAsset>
  </scene>
  <scene id="SCENE41" adelay="60" lock="N" index="18" color="16777215" guid="9EEB11AA-EFFB-4868-C236-1D3400620E5E">
    <durationSetting countMinimum="1" countTransition="1" countAction="1" countBubble="1" countSpeech="1"/>
    <bubbleAsset id="BUBBLE314" index="1">
      <x>288</x>
      <y>167</y>
      <xscale>1</xscale>
      <yscale>1</yscale>
      <rotation>0</rotation>
      <fx>easeNone</fx>
      <fxdur>0</fxdur>
      <bubble x="0" y="0" w="180" h="90" rotate="0" type="BLANK" hasTail="0" colorStyle="1" autoTextResize="true">
        <body rgb="16777215" shadow="1" bgAlpha="0" linergb="0" tailx="180" taily="110" paddingHorizontal="0" paddingVertical="0"/>
        <text rgb="0" alpha="100" font="Accidental Presidency" size="74" align="center" bold="false" italic="false" embed="true">2:talk:3</text>
        <url target="top"><![CDATA[]]></url>
      </bubble>
    </bubbleAsset>
    <effectAsset id="EFFECT75" themecode="common" index="2">
      <effect x="0" y="0" w="550" h="310" rotate="0" id="cut" type="ZOOM" isCut="true" isPan="false"/>
      <x>47</x>
      <y>24</y>
      <width>550</width>
      <height>354</height>
      <speech>0</speech>
    </effectAsset>
  </scene>
  <scene id="SCENE42" adelay="60" lock="Y" index="19" color="16777215" guid="BB0C9FFA-98D4-4034-BEAE-29FA38E1A8A8">
    <char id="AVATOR135" index="2" raceCode="1">
      <action face="1" motionface="1">ugc.15689601.stand.xml</action>
      <head id="PROP35" raceCode="1">
        <file>ugc.15689601.head.head_neutral.xml</file>
      </head>
      <x>378.8</x>
      <y>206</y>
      <xscale>0.93</xscale>
      <yscale>0.93</yscale>
      <rotation>0</rotation>
    </char>
    <prop id="PROP48" index="1">
      <file>ugc.17802319.jpg</file>
      <x>384.4</x>
      <y>119.3</y>
      <xscale>0.19</xscale>
      <yscale>0.19</yscale>
      <face>1</face>
      <rotation>0</rotation>
    </prop>
    <effectAsset id="EFFECT1" themecode="common" index="3">
      <effect x="0" y="0" w="169.2" h="95.3672727" rotate="0" id="cut" type="ZOOM" isCut="true" isPan="false"/>
      <x>296.5</x>
      <y>67.7983636</y>
      <width>169.2</width>
      <height>108.9032727</height>
      <speech>0</speech>
    </effectAsset>
  </scene>
  <scene id="SCENE43" adelay="60" lock="N" index="20" color="16777215" guid="19CBC499-A6C7-15EC-F94E-497EE1615CDC">
    <durationSetting countMinimum="1" countTransition="1" countAction="1" countBubble="1" countSpeech="1"/>
    <bubbleAsset id="BUBBLE316" index="1">
      <x>241</x>
      <y>178</y>
      <xscale>1</xscale>
      <yscale>1</yscale>
      <rotation>0</rotation>
      <fx>easeNone</fx>
      <fxdur>0</fxdur>
      <bubble x="0" y="0" w="180" h="90" rotate="0" type="BLANK" hasTail="0" colorStyle="1" autoTextResize="true">
        <body rgb="16777215" shadow="1" bgAlpha="0" linergb="0" tailx="180" taily="110" paddingHorizontal="0" paddingVertical="0"/>
        <text rgb="0" alpha="100" font="Accidental Presidency" size="65" align="center" bold="false" italic="false" embed="true">closing:1</text>
        <url target="top"><![CDATA[]]></url>
      </bubble>
    </bubbleAsset>
    <effectAsset id="EFFECT78" themecode="common" index="2">
      <effect x="0" y="0" w="550" h="310" rotate="0" id="cut" type="ZOOM" isCut="true" isPan="false"/>
      <x>47</x>
      <y>24</y>
      <width>550</width>
      <height>354</height>
      <speech>0</speech>
    </effectAsset>
  </scene>
  <scene id="SCENE44" adelay="84" lock="Y" index="21" color="16777215" guid="63093112-3028-D48B-F134-D87641ED721E">
    <bg id="BG231" index="0">
      <file>ugc.17527292.swf</file>
    </bg>
    <char id="AVATOR135" index="1" raceCode="1">
      <action face="1" motionface="1">ugc.15689601.stand.xml</action>
      <x>379</x>
      <y>206</y>
      <xscale>0.93</xscale>
      <yscale>0.93</yscale>
      <rotation>0</rotation>
    </char>
    <char id="AVATOR134" index="3" raceCode="1">
      <action face="1,1" motionface="1">ugc.15688438.walk.xml</action>
      <x>250,-104</x>
      <y>224,221</y>
      <xscale>1,1</xscale>
      <yscale>1,1</yscale>
      <rotation>0,0</rotation>
      <assetMotion ver="1"/>
    </char>
    <prop id="PROP51" index="2">
      <file>ugc.17524592.swf</file>
      <x>346</x>
      <y>239</y>
      <xscale>1</xscale>
      <yscale>1</yscale>
      <face>1</face>
      <rotation>0</rotation>
    </prop>
    <effectAsset id="EFFECT3" themecode="common" index="4">
      <effect x="0" y="0" w="550" h="310" rotate="0" id="fadeOutEx" type="FADING" isIn="false" isOut="true"/>
      <x>47</x>
      <y>24</y>
      <width>550</width>
      <height>354</height>
      <speech>0</speech>
    </effectAsset>
    <effectAsset id="EFFECT80" themecode="common" index="5">
      <effect x="0" y="0" w="550" h="310" rotate="0" id="cut" type="ZOOM" isCut="true" isPan="false"/>
      <x>47</x>
      <y>24</y>
      <width>550</width>
      <height>354</height>
      <speech>0</speech>
    </effectAsset>
  </scene>
</film>
