<?xml version="1.0"?>
<film copyable="0" duration="59.0" published="0" pshare="0" isWide="1">
  <meta>
    <title>The President</title>
    <tag/>
    <hiddenTag/>
    <desc></desc>
    <mver><![CDATA[4]]></mver>
    <studio>a76d829cef09f7bb9bef739f686c0449acbaded8</studio>
    <thumbnail index="0"/>
    <palette>
      <color value="333333"/>
      <color value="999999"/>
      <color value="fbfbfb"/>
      <color value="669999"/>
      <color value="55bbaa"/>
      <color value="7fbb11"/>
      <color value="15709b"/>
      <color value="9a5d1"/>
      <color value="6ab8d6"/>
      <color value="da2021"/>
      <color value="fecd31"/>
      <color value="28c6c1"/>
      <color value="37444f"/>
    </palette>
  </meta>
  <scene id="SCENE25" adelay="78" lock="Y" index="0" color="16777215" guid="16B03B45-58FC-606B-C871-42E0B8249DC5">
    <prop id="PROP130" index="1">
      <file>ugc.17502233.swf</file>
      <x>324</x>
      <y>207.5</y>
      <xscale>1</xscale>
      <yscale>1</yscale>
      <face>1</face>
      <rotation>0</rotation>
    </prop>
    <prop id="PROP131" index="2">
      <file>ugc.17502419.swf</file>
      <x>520.2</x>
      <y>265.1</y>
      <xscale>1</xscale>
      <yscale>1</yscale>
      <face>1</face>
      <rotation>0</rotation>
    </prop>
    <prop id="PROP132" index="3">
      <file>ugc.17502498.swf</file>
      <x>318.2</x>
      <y>201.8</y>
      <xscale>1</xscale>
      <yscale>1</yscale>
      <face>1</face>
      <rotation>0</rotation>
    </prop>
    <prop id="PROP133" index="4">
      <file>ugc.17500477.swf</file>
      <x>269.2</x>
      <y>142.4</y>
      <xscale>1</xscale>
      <yscale>1</yscale>
      <face>1</face>
      <rotation>0</rotation>
    </prop>
    <prop id="PROP134" index="5">
      <file>ugc.17502287.swf</file>
      <x>104.1</x>
      <y>156.4</y>
      <xscale>1</xscale>
      <yscale>1</yscale>
      <face>1</face>
      <rotation>0</rotation>
    </prop>
    <prop id="PROP135" index="6">
      <file>ugc.17502287.swf</file>
      <x>318.1</x>
      <y>160.4</y>
      <xscale>1</xscale>
      <yscale>1</yscale>
      <face>1</face>
      <rotation>0</rotation>
    </prop>
    <prop id="PROP136" index="7">
      <file>ugc.17502247.swf</file>
      <x>225.7</x>
      <y>226.9</y>
      <xscale>1</xscale>
      <yscale>1</yscale>
      <face>1</face>
      <rotation>0</rotation>
    </prop>
    <prop id="PROP144" index="8">
      <file>ugc.17502419.swf</file>
      <x>511.1</x>
      <y>264.8</y>
      <xscale>1</xscale>
      <yscale>1</yscale>
      <face>1</face>
      <rotation>0</rotation>
    </prop>
    <prop id="PROP154" index="9">
      <file>ugc.17502476.swf</file>
      <x>235</x>
      <y>253.5</y>
      <xscale>1</xscale>
      <yscale>1</yscale>
      <face>1</face>
      <rotation>0</rotation>
    </prop>
    <effectAsset id="EFFECT41" themecode="common" index="10">
      <effect x="0" y="0" w="550" h="310" rotate="0" id="cut" type="ZOOM" isCut="true" isPan="false"/>
      <x>47</x>
      <y>24</y>
      <width>550</width>
      <height>354</height>
      <speech>0</speech>
    </effectAsset>
  </scene>
  <scene id="SCENE26" adelay="60" lock="N" index="1" color="16777215" guid="BAB282B0-0059-100A-760E-09B620CF2B40">
    <durationSetting countMinimum="1" countTransition="1" countAction="1" countBubble="1" countSpeech="1"/>
    <bubbleAsset id="BUBBLE584" index="1">
      <x>223</x>
      <y>152</y>
      <xscale>1</xscale>
      <yscale>1</yscale>
      <rotation>0</rotation>
      <fx>easeNone</fx>
      <fxdur>0</fxdur>
      <bubble x="0" y="0" w="180" h="90" rotate="0" type="BLANK" hasTail="0" colorStyle="1" autoTextResize="true">
        <body rgb="16777215" shadow="1" bgAlpha="0" linergb="0" tailx="180" taily="110" paddingHorizontal="0" paddingVertical="0"/>
        <text rgb="0" alpha="100" font="Accidental Presidency" size="60" align="center" bold="false" italic="false" embed="true">opening:1</text>
        <url target="top"><![CDATA[]]></url>
      </bubble>
    </bubbleAsset>
    <effectAsset id="EFFECT43" themecode="common" index="2">
      <effect x="0" y="0" w="550" h="310" rotate="0" id="cut" type="ZOOM" isCut="true" isPan="false"/>
      <x>47</x>
      <y>24</y>
      <width>550</width>
      <height>354</height>
      <speech>0</speech>
    </effectAsset>
  </scene>
  <scene id="SCENE27" adelay="41" lock="Y" index="2" color="16777215" guid="359A6F19-FE8E-ADF4-1386-B99585FADB4D">
    <bg id="cbg_white_house_BG273" index="0">
      <file>custom.white_house_ext_bg.swf</file>
    </bg>
    <prop id="cbg_white_house_PROP83" index="1">
      <file>custom.white_house_ext_house.swf</file>
      <x>316.5</x>
      <y>251.2</y>
      <xscale>0.45</xscale>
      <yscale>0.45</yscale>
      <face>1</face>
      <rotation>0</rotation>
    </prop>
    <prop id="cbg_white_house_PROP84" index="2">
      <file>custom.white_house_ext_tree02.swf</file>
      <x>401.2</x>
      <y>282.2</y>
      <xscale>0.45</xscale>
      <yscale>0.45</yscale>
      <face>1</face>
      <rotation>0</rotation>
    </prop>
    <prop id="cbg_white_house_PROP85" index="3">
      <file>custom.white_house_ext_tree01.swf</file>
      <x>242.9</x>
      <y>284.9</y>
      <xscale>0.45</xscale>
      <yscale>0.45</yscale>
      <face>1</face>
      <rotation>0</rotation>
    </prop>
    <effectAsset id="EFFECT0" themecode="common" index="4">
      <effect x="0" y="0" w="236.1" h="133.0745455" rotate="0" id="pan" type="ZOOM" isCut="false" isPan="true"/>
      <x>205.2,204.7</x>
      <y>36.556,180.6727273</y>
      <width>236.1,235</width>
      <height>151.9625455,151.2545455</height>
      <speech>0</speech>
    </effectAsset>
  </scene>
  <scene id="SCENE28" adelay="17" lock="Y" index="3" color="16777215" guid="89A06181-0469-33E1-BDC5-E30F717FAD8B">
    <bg id="cbg_white_house_BG273" index="0">
      <file>custom.white_house_ext_bg.swf</file>
    </bg>
    <prop id="PROP32" index="1">
      <file>custom.white_house_ext_house.swf</file>
      <x>316.5</x>
      <y>251.2</y>
      <xscale>0.45</xscale>
      <yscale>0.45</yscale>
      <face>1</face>
      <rotation>0</rotation>
    </prop>
    <prop id="PROP33" index="2">
      <file>custom.white_house_ext_tree02.swf</file>
      <x>401.2</x>
      <y>282.2</y>
      <xscale>0.45</xscale>
      <yscale>0.45</yscale>
      <face>1</face>
      <rotation>0</rotation>
    </prop>
    <prop id="PROP34" index="3">
      <file>custom.white_house_ext_tree01.swf</file>
      <x>242.9</x>
      <y>284.9</y>
      <xscale>0.45</xscale>
      <yscale>0.45</yscale>
      <face>1</face>
      <rotation>0</rotation>
    </prop>
    <effectAsset id="EFFECT0" themecode="common" index="4">
      <effect x="0" y="0" w="235" h="132.4545455" rotate="0" id="cut" type="ZOOM" isCut="true" isPan="false"/>
      <x>204.7</x>
      <y>180.7227273</y>
      <width>235</width>
      <height>151.2545455</height>
      <speech>0</speech>
    </effectAsset>
  </scene>
  <scene id="SCENE29" adelay="77" lock="Y" index="4" color="16777215" guid="86803A5C-4D5C-027A-6212-71D54EC35FCA">
    <char id="AVATOR317" index="8" raceCode="1">
      <action face="-1" motionface="1">ugc.15688438.sit.xml</action>
      <x>223.5</x>
      <y>200.9</y>
      <xscale>0.55</xscale>
      <yscale>0.55</yscale>
      <rotation>0</rotation>
    </char>
    <char id="AVATOR318" index="11" raceCode="1">
      <action face="1,1" motionface="1">ugc.15689601.walk.xml</action>
      <x>623.5,489.5,373.6</x>
      <y>268.6,231.6,226.5</y>
      <xscale>0.74,0.62</xscale>
      <yscale>0.74,0.62</yscale>
      <rotation>0,0</rotation>
      <assetMotion ver="1"/>
    </char>
    <prop id="PROP204" index="1">
      <file>ugc.17502233.swf</file>
      <x>324</x>
      <y>207.5</y>
      <xscale>1</xscale>
      <yscale>1</yscale>
      <face>1</face>
      <rotation>0</rotation>
    </prop>
    <prop id="PROP205" index="2">
      <file>ugc.17502419.swf</file>
      <x>520.2</x>
      <y>265.1</y>
      <xscale>1</xscale>
      <yscale>1</yscale>
      <face>1</face>
      <rotation>0</rotation>
    </prop>
    <prop id="PROP206" index="3">
      <file>ugc.17502498.swf</file>
      <x>318.2</x>
      <y>201.8</y>
      <xscale>1</xscale>
      <yscale>1</yscale>
      <face>1</face>
      <rotation>0</rotation>
    </prop>
    <prop id="PROP207" index="4">
      <file>ugc.17500477.swf</file>
      <x>269.2</x>
      <y>142.4</y>
      <xscale>1</xscale>
      <yscale>1</yscale>
      <face>1</face>
      <rotation>0</rotation>
    </prop>
    <prop id="PROP208" index="5">
      <file>ugc.17502287.swf</file>
      <x>104.1</x>
      <y>156.4</y>
      <xscale>1</xscale>
      <yscale>1</yscale>
      <face>1</face>
      <rotation>0</rotation>
    </prop>
    <prop id="PROP209" index="6">
      <file>ugc.17502287.swf</file>
      <x>318.1</x>
      <y>160.4</y>
      <xscale>1</xscale>
      <yscale>1</yscale>
      <face>1</face>
      <rotation>0</rotation>
    </prop>
    <prop id="PROP210" index="7">
      <file>ugc.17502247.swf</file>
      <x>225.7</x>
      <y>226.9</y>
      <xscale>1</xscale>
      <yscale>1</yscale>
      <face>1</face>
      <rotation>0</rotation>
    </prop>
    <prop id="PROP212" index="9">
      <file>ugc.17502419.swf</file>
      <x>511.1</x>
      <y>264.8</y>
      <xscale>1</xscale>
      <yscale>1</yscale>
      <face>1</face>
      <rotation>0</rotation>
    </prop>
    <prop id="PROP213" index="10">
      <file>ugc.17502476.swf</file>
      <x>235</x>
      <y>253.5</y>
      <xscale>1</xscale>
      <yscale>1</yscale>
      <face>1</face>
      <rotation>0</rotation>
    </prop>
    <effectAsset id="EFFECT0" themecode="common" index="12">
      <effect x="0" y="0" w="490.6" h="276.52" rotate="0" id="pan" type="ZOOM" isCut="false" isPan="true"/>
      <x>86.1,137.9</x>
      <y>42.966,98.5532727</y>
      <width>490.6,321.6</width>
      <height>315.768,206.9934545</height>
      <speech>0</speech>
    </effectAsset>
  </scene>
  <scene id="SCENE30" adelay="19" lock="Y" index="5" color="16777215" guid="903C9FFD-7613-4C1D-D49D-11702CC3CD5B">
    <char id="AVATOR317" index="4" raceCode="1">
      <action face="-1" motionface="1">ugc.15688438.sit.xml</action>
      <x>223.5</x>
      <y>200.9</y>
      <xscale>0.55</xscale>
      <yscale>0.55</yscale>
      <rotation>0</rotation>
    </char>
    <char id="AVATOR318" index="6" raceCode="1">
      <action face="1" motionface="1">ugc.15689601.stand.xml</action>
      <x>373.6</x>
      <y>226.5</y>
      <xscale>0.62</xscale>
      <yscale>0.62</yscale>
      <rotation>0</rotation>
    </char>
    <prop id="PROP138" index="1">
      <file>ugc.17502233.swf</file>
      <x>324</x>
      <y>207.5</y>
      <xscale>1</xscale>
      <yscale>1</yscale>
      <face>1</face>
      <rotation>0</rotation>
    </prop>
    <prop id="PROP140" index="2">
      <file>ugc.17502498.swf</file>
      <x>318.2</x>
      <y>201.8</y>
      <xscale>1</xscale>
      <yscale>1</yscale>
      <face>1</face>
      <rotation>0</rotation>
    </prop>
    <prop id="PROP147" index="3">
      <file>ugc.17502247.swf</file>
      <x>225.7</x>
      <y>226.9</y>
      <xscale>1</xscale>
      <yscale>1</yscale>
      <face>1</face>
      <rotation>0</rotation>
    </prop>
    <prop id="PROP139" index="5">
      <file>ugc.17500477.swf</file>
      <x>269.2</x>
      <y>142.4</y>
      <xscale>1</xscale>
      <yscale>1</yscale>
      <face>1</face>
      <rotation>0</rotation>
    </prop>
    <prop id="PROP142" index="7">
      <file>ugc.17502287.swf</file>
      <x>318.1</x>
      <y>160.4</y>
      <xscale>1</xscale>
      <yscale>1</yscale>
      <face>1</face>
      <rotation>0</rotation>
    </prop>
    <prop id="PROP141" index="8">
      <file>ugc.17502476.swf</file>
      <x>235</x>
      <y>253.5</y>
      <xscale>1</xscale>
      <yscale>1</yscale>
      <face>1</face>
      <rotation>0</rotation>
    </prop>
    <prop id="PROP143" index="9">
      <file>ugc.17502287.swf</file>
      <x>104.1</x>
      <y>156.4</y>
      <xscale>1</xscale>
      <yscale>1</yscale>
      <face>1</face>
      <rotation>0</rotation>
    </prop>
    <prop id="PROP146" index="10">
      <file>ugc.17502419.swf</file>
      <x>511.1</x>
      <y>264.8</y>
      <xscale>1</xscale>
      <yscale>1</yscale>
      <face>1</face>
      <rotation>0</rotation>
    </prop>
    <effectAsset id="EFFECT0" themecode="common" index="11">
      <effect x="0" y="0" w="321.6" h="181.2654545" rotate="0" id="cut" type="ZOOM" isCut="true" isPan="false"/>
      <x>137.9</x>
      <y>98.0032727</y>
      <width>321.6</width>
      <height>206.9934545</height>
      <speech>0</speech>
    </effectAsset>
  </scene>
  <scene id="SCENE31" adelay="60" lock="N" index="6" color="16777215" guid="5D37BC6F-BBDF-AA51-03AB-0323BFF7DE28">
    <durationSetting countMinimum="1" countTransition="1" countAction="1" countBubble="1" countSpeech="1"/>
    <bubbleAsset id="BUBBLE585" index="1">
      <x>228</x>
      <y>149</y>
      <xscale>1</xscale>
      <yscale>1</yscale>
      <rotation>0</rotation>
      <fx>easeNone</fx>
      <fxdur>0</fxdur>
      <bubble x="0" y="0" w="180" h="90" rotate="0" type="BLANK" hasTail="0" colorStyle="1" autoTextResize="true">
        <body rgb="16777215" shadow="1" bgAlpha="0" linergb="0" tailx="180" taily="110" paddingHorizontal="0" paddingVertical="0"/>
        <text rgb="0" alpha="100" font="Accidental Presidency" size="48" align="center" bold="false" italic="false" embed="true">character:1</text>
        <url target="top"><![CDATA[]]></url>
      </bubble>
    </bubbleAsset>
    <effectAsset id="EFFECT51" themecode="common" index="2">
      <effect x="0" y="0" w="550" h="310" rotate="0" id="cut" type="ZOOM" isCut="true" isPan="false"/>
      <x>47</x>
      <y>24</y>
      <width>550</width>
      <height>354</height>
      <speech>0</speech>
    </effectAsset>
  </scene>
  <scene id="SCENE32" adelay="60" lock="N" index="7" color="16777215" guid="7F71B92F-F1E2-708F-99AB-C2BFEB36A588">
    <durationSetting countMinimum="1" countTransition="1" countAction="1" countBubble="1" countSpeech="1"/>
    <char id="AVATOR586" index="1" raceCode="1">
      <action face="-1" motionface="1">ugc.15688438.stand.xml</action>
      <x>218.7</x>
      <y>218.2</y>
      <xscale>1.32</xscale>
      <yscale>1.32</yscale>
      <rotation>0</rotation>
    </char>
    <effectAsset id="EFFECT53" themecode="common" index="2">
      <effect x="0" y="0" w="550" h="310" rotate="0" id="cut" type="ZOOM" isCut="true" isPan="false"/>
      <x>47</x>
      <y>24</y>
      <width>550</width>
      <height>354</height>
      <speech>0</speech>
    </effectAsset>
  </scene>
  <scene id="SCENE33" adelay="60" lock="N" index="8" color="16777215" guid="1313A12B-3D22-5F8A-3228-3E3A2F93C61A">
    <durationSetting countMinimum="1" countTransition="1" countAction="1" countBubble="1" countSpeech="1"/>
    <bubbleAsset id="BUBBLE588" index="1">
      <x>249.5</x>
      <y>142</y>
      <xscale>1</xscale>
      <yscale>1</yscale>
      <rotation>0</rotation>
      <fx>easeNone</fx>
      <fxdur>0</fxdur>
      <bubble x="0" y="0" w="180" h="90" rotate="0" type="BLANK" hasTail="0" colorStyle="1" autoTextResize="true">
        <body rgb="16777215" shadow="1" bgAlpha="0" linergb="0" tailx="180" taily="110" paddingHorizontal="0" paddingVertical="0"/>
        <text rgb="0" alpha="100" font="Accidental Presidency" size="47" align="center" bold="false" italic="false" embed="true">character:2</text>
        <url target="top"><![CDATA[]]></url>
      </bubble>
    </bubbleAsset>
    <effectAsset id="EFFECT55" themecode="common" index="2">
      <effect x="0" y="0" w="550" h="310" rotate="0" id="cut" type="ZOOM" isCut="true" isPan="false"/>
      <x>47</x>
      <y>24</y>
      <width>550</width>
      <height>354</height>
      <speech>0</speech>
    </effectAsset>
  </scene>
  <scene id="SCENE34" adelay="60" lock="N" index="9" color="16777215" guid="DF8920FC-CD8B-DF90-4614-CB744AC4B64B">
    <durationSetting countMinimum="1" countTransition="1" countAction="1" countBubble="1" countSpeech="1"/>
    <char id="AVATOR589" index="1" raceCode="1">
      <action face="1" motionface="1">ugc.15689601.stand.xml</action>
      <x>371.6</x>
      <y>213.5</y>
      <xscale>0.98</xscale>
      <yscale>0.98</yscale>
      <rotation>0</rotation>
    </char>
    <effectAsset id="EFFECT57" themecode="common" index="2">
      <effect x="0" y="0" w="550" h="310" rotate="0" id="cut" type="ZOOM" isCut="true" isPan="false"/>
      <x>47</x>
      <y>24</y>
      <width>550</width>
      <height>354</height>
      <speech>0</speech>
    </effectAsset>
  </scene>
  <scene id="SCENE35" adelay="60" lock="N" index="10" color="16777215" guid="FA8953EF-B2AF-C383-D23F-9A0ECE5A2841">
    <durationSetting countMinimum="1" countTransition="1" countAction="1" countBubble="1" countSpeech="1"/>
    <bubbleAsset id="BUBBLE591" index="1">
      <x>207</x>
      <y>165</y>
      <xscale>1</xscale>
      <yscale>1</yscale>
      <rotation>0</rotation>
      <fx>easeNone</fx>
      <fxdur>0</fxdur>
      <bubble x="0" y="0" w="180" h="90" rotate="0" type="BLANK" hasTail="0" colorStyle="1" autoTextResize="true">
        <body rgb="16777215" shadow="1" bgAlpha="0" linergb="0" tailx="180" taily="110" paddingHorizontal="0" paddingVertical="0"/>
        <text rgb="0" alpha="100" font="Accidental Presidency" size="74" align="center" bold="false" italic="false" embed="true">1:talk:1</text>
        <url target="top"><![CDATA[]]></url>
      </bubble>
    </bubbleAsset>
    <effectAsset id="EFFECT59" themecode="common" index="2">
      <effect x="0" y="0" w="550" h="310" rotate="0" id="cut" type="ZOOM" isCut="true" isPan="false"/>
      <x>47</x>
      <y>24</y>
      <width>550</width>
      <height>354</height>
      <speech>0</speech>
    </effectAsset>
  </scene>
  <scene id="SCENE36" adelay="72" lock="Y" index="11" color="16777215" guid="349AFA74-4BD6-C811-F5AC-6211F8D8D97B">
    <char id="AVATOR318" index="5" raceCode="1">
      <action face="1" motionface="1">ugc.15689601.stand.xml</action>
      <x>373.6</x>
      <y>226.5</y>
      <xscale>0.62</xscale>
      <yscale>0.62</yscale>
      <rotation>0</rotation>
    </char>
    <char id="AVATOR317" index="6" raceCode="1">
      <action face="-1" motionface="1">ugc.15688438.talk.xml</action>
      <head id="PROP84" raceCode="1">
        <file>ugc.15688438.head.head_neutral.xml</file>
      </head>
      <x>223.7</x>
      <y>211.2</y>
      <xscale>0.55</xscale>
      <yscale>0.55</yscale>
      <rotation>0</rotation>
    </char>
    <prop id="PROP148" index="1">
      <file>ugc.17502233.swf</file>
      <x>324</x>
      <y>207.5</y>
      <xscale>1</xscale>
      <yscale>1</yscale>
      <face>1</face>
      <rotation>0</rotation>
    </prop>
    <prop id="PROP150" index="2">
      <file>ugc.17502498.swf</file>
      <x>318.2</x>
      <y>201.8</y>
      <xscale>1</xscale>
      <yscale>1</yscale>
      <face>1</face>
      <rotation>0</rotation>
    </prop>
    <prop id="PROP156" index="3">
      <file>ugc.17502247.swf</file>
      <x>225.7</x>
      <y>226.9</y>
      <xscale>1</xscale>
      <yscale>1</yscale>
      <face>1</face>
      <rotation>0</rotation>
    </prop>
    <prop id="PROP149" index="4">
      <file>ugc.17500477.swf</file>
      <x>269.2</x>
      <y>142.4</y>
      <xscale>1</xscale>
      <yscale>1</yscale>
      <face>1</face>
      <rotation>0</rotation>
    </prop>
    <prop id="PROP152" index="7">
      <file>ugc.17502287.swf</file>
      <x>318.1</x>
      <y>160.4</y>
      <xscale>1</xscale>
      <yscale>1</yscale>
      <face>1</face>
      <rotation>0</rotation>
    </prop>
    <prop id="PROP151" index="8">
      <file>ugc.17502476.swf</file>
      <x>235</x>
      <y>253.5</y>
      <xscale>1</xscale>
      <yscale>1</yscale>
      <face>1</face>
      <rotation>0</rotation>
    </prop>
    <prop id="PROP153" index="9">
      <file>ugc.17502287.swf</file>
      <x>104.1</x>
      <y>156.4</y>
      <xscale>1</xscale>
      <yscale>1</yscale>
      <face>1</face>
      <rotation>0</rotation>
    </prop>
    <prop id="PROP155" index="10">
      <file>ugc.17502419.swf</file>
      <x>511.1</x>
      <y>264.8</y>
      <xscale>1</xscale>
      <yscale>1</yscale>
      <face>1</face>
      <rotation>0</rotation>
    </prop>
    <effectAsset id="EFFECT0" themecode="common" index="11">
      <effect x="0" y="0" w="321.6" h="181.2654545" rotate="0" id="cut" type="ZOOM" isCut="true" isPan="false"/>
      <x>137.9</x>
      <y>98.0032727</y>
      <width>321.6</width>
      <height>206.9934545</height>
      <speech>0</speech>
    </effectAsset>
  </scene>
  <scene id="SCENE37" adelay="60" lock="N" index="12" color="16777215" guid="CF34BE48-1338-C4C9-338B-09945D377707">
    <durationSetting countMinimum="1" countTransition="1" countAction="1" countBubble="1" countSpeech="1"/>
    <bubbleAsset id="BUBBLE592" index="1">
      <x>314</x>
      <y>161</y>
      <xscale>1</xscale>
      <yscale>1</yscale>
      <rotation>0</rotation>
      <fx>easeNone</fx>
      <fxdur>0</fxdur>
      <bubble x="0" y="0" w="180" h="90" rotate="0" type="BLANK" hasTail="0" colorStyle="1" autoTextResize="true">
        <body rgb="16777215" shadow="1" bgAlpha="0" linergb="0" tailx="180" taily="110" paddingHorizontal="0" paddingVertical="0"/>
        <text rgb="0" alpha="100" font="Accidental Presidency" size="74" align="center" bold="false" italic="false" embed="true">2:talk:1</text>
        <url target="top"><![CDATA[]]></url>
      </bubble>
    </bubbleAsset>
    <effectAsset id="EFFECT62" themecode="common" index="2">
      <effect x="0" y="0" w="550" h="310" rotate="0" id="cut" type="ZOOM" isCut="true" isPan="false"/>
      <x>47</x>
      <y>24</y>
      <width>550</width>
      <height>354</height>
      <speech>0</speech>
    </effectAsset>
  </scene>
  <scene id="SCENE38" adelay="48" lock="Y" index="13" color="16777215" guid="5B45EB2C-FF33-1C3F-6E0F-EA86610F3C83">
    <char id="AVATOR479" index="5" raceCode="1">
      <action face="-1" motionface="1">ugc.15688438.stand.xml</action>
      <x>223.7</x>
      <y>211.2</y>
      <xscale>0.55</xscale>
      <yscale>0.55</yscale>
      <rotation>0</rotation>
    </char>
    <char id="AVATOR318" index="10" raceCode="1">
      <action face="1" motionface="1">ugc.15689601.talk.xml</action>
      <head id="PROP85" raceCode="1">
        <file>ugc.15689601.head.head_neutral.xml</file>
      </head>
      <x>373.6</x>
      <y>226.5</y>
      <xscale>0.62</xscale>
      <yscale>0.62</yscale>
      <rotation>0</rotation>
    </char>
    <prop id="PROP157" index="1">
      <file>ugc.17502233.swf</file>
      <x>324</x>
      <y>207.5</y>
      <xscale>1</xscale>
      <yscale>1</yscale>
      <face>1</face>
      <rotation>0</rotation>
    </prop>
    <prop id="PROP159" index="2">
      <file>ugc.17502498.swf</file>
      <x>318.2</x>
      <y>201.8</y>
      <xscale>1</xscale>
      <yscale>1</yscale>
      <face>1</face>
      <rotation>0</rotation>
    </prop>
    <prop id="PROP158" index="3">
      <file>ugc.17500477.swf</file>
      <x>269.2</x>
      <y>142.4</y>
      <xscale>1</xscale>
      <yscale>1</yscale>
      <face>1</face>
      <rotation>0</rotation>
    </prop>
    <prop id="PROP166" index="4">
      <file>ugc.17502247.swf</file>
      <x>225.7</x>
      <y>226.9</y>
      <xscale>1</xscale>
      <yscale>1</yscale>
      <face>1</face>
      <rotation>0</rotation>
    </prop>
    <prop id="PROP161" index="6">
      <file>ugc.17502287.swf</file>
      <x>318.1</x>
      <y>160.4</y>
      <xscale>1</xscale>
      <yscale>1</yscale>
      <face>1</face>
      <rotation>0</rotation>
    </prop>
    <prop id="PROP160" index="7">
      <file>ugc.17502476.swf</file>
      <x>235</x>
      <y>253.5</y>
      <xscale>1</xscale>
      <yscale>1</yscale>
      <face>1</face>
      <rotation>0</rotation>
    </prop>
    <prop id="PROP162" index="8">
      <file>ugc.17502287.swf</file>
      <x>104.1</x>
      <y>156.4</y>
      <xscale>1</xscale>
      <yscale>1</yscale>
      <face>1</face>
      <rotation>0</rotation>
    </prop>
    <prop id="PROP164" index="9">
      <file>ugc.17502419.swf</file>
      <x>511.1</x>
      <y>264.8</y>
      <xscale>1</xscale>
      <yscale>1</yscale>
      <face>1</face>
      <rotation>0</rotation>
    </prop>
    <effectAsset id="EFFECT0" themecode="common" index="11">
      <effect x="0" y="0" w="321.6" h="181.2654545" rotate="0" id="cut" type="ZOOM" isCut="true" isPan="false"/>
      <x>137.9</x>
      <y>98.0032727</y>
      <width>321.6</width>
      <height>206.9934545</height>
      <speech>0</speech>
    </effectAsset>
  </scene>
  <scene id="SCENE39" adelay="60" lock="N" index="14" color="16777215" guid="9EBDC024-14B4-73DC-9AC5-72C43C412E26">
    <durationSetting countMinimum="1" countTransition="1" countAction="1" countBubble="1" countSpeech="1"/>
    <bubbleAsset id="BUBBLE593" index="1">
      <x>224</x>
      <y>163</y>
      <xscale>1</xscale>
      <yscale>1</yscale>
      <rotation>0</rotation>
      <fx>easeNone</fx>
      <fxdur>0</fxdur>
      <bubble x="0" y="0" w="180" h="90" rotate="0" type="BLANK" hasTail="0" colorStyle="1" autoTextResize="true">
        <body rgb="16777215" shadow="1" bgAlpha="0" linergb="0" tailx="180" taily="110" paddingHorizontal="0" paddingVertical="0"/>
        <text rgb="0" alpha="100" font="Accidental Presidency" size="74" align="center" bold="false" italic="false" embed="true">1:talk:2</text>
        <url target="top"><![CDATA[]]></url>
      </bubble>
    </bubbleAsset>
    <effectAsset id="EFFECT65" themecode="common" index="2">
      <effect x="0" y="0" w="550" h="310" rotate="0" id="cut" type="ZOOM" isCut="true" isPan="false"/>
      <x>47</x>
      <y>24</y>
      <width>550</width>
      <height>354</height>
      <speech>0</speech>
    </effectAsset>
  </scene>
  <scene id="SCENE40" adelay="72" lock="Y" index="15" color="16777215" guid="BF363888-6F14-1237-4FD5-97F8EF7D7861">
    <bg id="BG540" index="0">
      <file>ugc.17835490.swf</file>
    </bg>
    <char id="AVATOR318" index="2" raceCode="1">
      <action face="1" motionface="1">ugc.15689601.stand.xml</action>
      <x>373.6</x>
      <y>226.5</y>
      <xscale>0.62</xscale>
      <yscale>0.62</yscale>
      <rotation>0</rotation>
    </char>
    <char id="AVATOR481" index="3" raceCode="1">
      <action face="-1" motionface="1">ugc.15688438.xarms.xml</action>
      <head id="PROP86" raceCode="1">
        <file>ugc.15688438.head.head_neutral.xml</file>
      </head>
      <x>223.7</x>
      <y>211.2</y>
      <xscale>0.55</xscale>
      <yscale>0.55</yscale>
      <rotation>0</rotation>
    </char>
    <prop id="PROP176" index="1">
      <file>ugc.17502247.swf</file>
      <x>225.7</x>
      <y>226.9</y>
      <xscale>1</xscale>
      <yscale>1</yscale>
      <face>1</face>
      <rotation>0</rotation>
    </prop>
    <prop id="PROP171" index="4">
      <file>ugc.17502476.swf</file>
      <x>235</x>
      <y>253.5</y>
      <xscale>1</xscale>
      <yscale>1</yscale>
      <face>1</face>
      <rotation>0</rotation>
    </prop>
    <effectAsset id="EFFECT0" themecode="common" index="5">
      <effect x="0" y="0" w="172.3" h="97.1145455" rotate="0" id="cut" type="ZOOM" isCut="true" isPan="false"/>
      <x>152.5</x>
      <y>129.0007273</y>
      <width>172.3</width>
      <height>110.8985455</height>
      <speech>0</speech>
    </effectAsset>
  </scene>
  <scene id="SCENE41" adelay="60" lock="N" index="16" color="16777215" guid="49E3CB7E-60D6-AC78-98FA-31FC499C0FB0">
    <durationSetting countMinimum="1" countTransition="1" countAction="1" countBubble="1" countSpeech="1"/>
    <bubbleAsset id="BUBBLE594" index="1">
      <x>224</x>
      <y>144</y>
      <xscale>1</xscale>
      <yscale>1</yscale>
      <rotation>0</rotation>
      <fx>easeNone</fx>
      <fxdur>0</fxdur>
      <bubble x="0" y="0" w="180" h="90" rotate="0" type="BLANK" hasTail="0" colorStyle="1" autoTextResize="true">
        <body rgb="16777215" shadow="1" bgAlpha="0" linergb="0" tailx="180" taily="110" paddingHorizontal="0" paddingVertical="0"/>
        <text rgb="0" alpha="100" font="Accidental Presidency" size="74" align="center" bold="false" italic="false" embed="true">2:talk:2</text>
        <url target="top"><![CDATA[]]></url>
      </bubble>
    </bubbleAsset>
    <effectAsset id="EFFECT68" themecode="common" index="2">
      <effect x="0" y="0" w="550" h="310" rotate="0" id="cut" type="ZOOM" isCut="true" isPan="false"/>
      <x>47</x>
      <y>24</y>
      <width>550</width>
      <height>354</height>
      <speech>0</speech>
    </effectAsset>
  </scene>
  <scene id="SCENE42" adelay="55" lock="Y" index="17" color="16777215" guid="884B591A-5F3F-0C2C-0ED6-0381CFC1CC98">
    <bg id="BG540" index="0">
      <file>ugc.17835490.swf</file>
    </bg>
    <char id="AVATOR318" index="2" raceCode="1">
      <action face="1" motionface="1">ugc.15689601.talk.xml</action>
      <head id="PROP87" raceCode="1">
        <file>ugc.15689601.head.head_neutral.xml</file>
      </head>
      <x>373.6</x>
      <y>226.5</y>
      <xscale>0.62</xscale>
      <yscale>0.62</yscale>
      <rotation>0</rotation>
    </char>
    <char id="AVATOR481" index="3" raceCode="1">
      <action face="-1" motionface="1">ugc.15688438.xarms.xml</action>
      <head id="PROP88" raceCode="1">
        <file>ugc.15688438.head.head_neutral.xml</file>
      </head>
      <x>223.7</x>
      <y>211.2</y>
      <xscale>0.55</xscale>
      <yscale>0.55</yscale>
      <rotation>0</rotation>
    </char>
    <prop id="PROP118" index="1">
      <file>ugc.17502247.swf</file>
      <x>225.7</x>
      <y>226.9</y>
      <xscale>1</xscale>
      <yscale>1</yscale>
      <face>1</face>
      <rotation>0</rotation>
    </prop>
    <prop id="PROP125" index="4">
      <file>ugc.17502476.swf</file>
      <x>216</x>
      <y>278.5</y>
      <xscale>1</xscale>
      <yscale>1</yscale>
      <face>1</face>
      <rotation>0</rotation>
    </prop>
    <effectAsset id="EFFECT0" themecode="common" index="5">
      <effect x="0" y="0" w="172.3" h="97.1145455" rotate="0" id="cut" type="ZOOM" isCut="true" isPan="false"/>
      <x>263.5</x>
      <y>123.0007273</y>
      <width>172.3</width>
      <height>110.8985455</height>
      <speech>0</speech>
    </effectAsset>
  </scene>
  <scene id="SCENE43" adelay="60" lock="N" index="18" color="16777215" guid="FC745AE4-D14F-4635-72D4-B5800BD2FD63">
    <durationSetting countMinimum="1" countTransition="1" countAction="1" countBubble="1" countSpeech="1"/>
    <bubbleAsset id="BUBBLE595" index="1">
      <x>225</x>
      <y>173</y>
      <xscale>1</xscale>
      <yscale>1</yscale>
      <rotation>0</rotation>
      <fx>easeNone</fx>
      <fxdur>0</fxdur>
      <bubble x="0" y="0" w="180" h="90" rotate="0" type="BLANK" hasTail="0" colorStyle="1" autoTextResize="true">
        <body rgb="16777215" shadow="1" bgAlpha="0" linergb="0" tailx="180" taily="110" paddingHorizontal="0" paddingVertical="0"/>
        <text rgb="0" alpha="100" font="Accidental Presidency" size="74" align="center" bold="false" italic="false" embed="true">1:talk:3</text>
        <url target="top"><![CDATA[]]></url>
      </bubble>
    </bubbleAsset>
    <effectAsset id="EFFECT71" themecode="common" index="2">
      <effect x="0" y="0" w="550" h="310" rotate="0" id="cut" type="ZOOM" isCut="true" isPan="false"/>
      <x>47</x>
      <y>24</y>
      <width>550</width>
      <height>354</height>
      <speech>0</speech>
    </effectAsset>
  </scene>
  <scene id="SCENE44" adelay="72" lock="Y" index="19" color="16777215" guid="6C278C01-2A23-890F-09F2-27B6BEAD7E4A">
    <bg id="BG549" index="0">
      <file>ugc.17835490.swf</file>
    </bg>
    <char id="AVATOR483" index="2" raceCode="1">
      <action face="-1" motionface="1">ugc.15688438.talk.xml</action>
      <head id="PROP89" raceCode="1">
        <file>ugc.15688438.head.head_neutral.xml</file>
      </head>
      <x>223.7</x>
      <y>211.2</y>
      <xscale>0.55</xscale>
      <yscale>0.55</yscale>
      <rotation>0</rotation>
    </char>
    <prop id="PROP194" index="1">
      <file>ugc.17502247.swf</file>
      <x>225.7</x>
      <y>226.9</y>
      <xscale>1</xscale>
      <yscale>1</yscale>
      <face>1</face>
      <rotation>0</rotation>
    </prop>
    <prop id="PROP189" index="3">
      <file>ugc.17502476.swf</file>
      <x>235</x>
      <y>253.5</y>
      <xscale>1</xscale>
      <yscale>1</yscale>
      <face>1</face>
      <rotation>0</rotation>
    </prop>
    <prop id="PROP193" index="4">
      <file>ugc.17502419.swf</file>
      <x>511.1</x>
      <y>264.8</y>
      <xscale>1</xscale>
      <yscale>1</yscale>
      <face>1</face>
      <rotation>0</rotation>
    </prop>
    <effectAsset id="EFFECT0" themecode="common" index="5">
      <effect x="0" y="0" w="119.8" h="67.5236364" rotate="0" id="cut" type="ZOOM" isCut="true" isPan="false"/>
      <x>177.8</x>
      <y>129.8961818</y>
      <width>119.8</width>
      <height>77.1076364</height>
      <speech>0</speech>
    </effectAsset>
  </scene>
  <scene id="SCENE45" adelay="60" lock="N" index="20" color="16777215" guid="58BF25D9-085F-8305-E459-02264B3441B4">
    <durationSetting countMinimum="1" countTransition="1" countAction="1" countBubble="1" countSpeech="1"/>
    <bubbleAsset id="BUBBLE596" index="1">
      <x>243</x>
      <y>182</y>
      <xscale>1</xscale>
      <yscale>1</yscale>
      <rotation>0</rotation>
      <fx>easeNone</fx>
      <fxdur>0</fxdur>
      <bubble x="0" y="0" w="180" h="90" rotate="0" type="BLANK" hasTail="0" colorStyle="1" autoTextResize="true">
        <body rgb="16777215" shadow="1" bgAlpha="0" linergb="0" tailx="180" taily="110" paddingHorizontal="0" paddingVertical="0"/>
        <text rgb="0" alpha="100" font="Accidental Presidency" size="74" align="center" bold="false" italic="false" embed="true">2:talk:3</text>
        <url target="top"><![CDATA[]]></url>
      </bubble>
    </bubbleAsset>
    <effectAsset id="EFFECT74" themecode="common" index="2">
      <effect x="0" y="0" w="550" h="310" rotate="0" id="cut" type="ZOOM" isCut="true" isPan="false"/>
      <x>47</x>
      <y>24</y>
      <width>550</width>
      <height>354</height>
      <speech>0</speech>
    </effectAsset>
  </scene>
  <scene id="SCENE46" adelay="48" lock="Y" index="21" color="16777215" guid="62D1E5EF-81A2-C52C-3B35-BBF9414A5088">
    <bg id="BG541" index="0">
      <file>ugc.17835490.swf</file>
    </bg>
    <char id="AVATOR318" index="1" raceCode="1">
      <action face="1" motionface="1">ugc.15689601.xarms.xml</action>
      <head id="PROP90" raceCode="1">
        <file>ugc.15689601.head.head_neutral.xml</file>
      </head>
      <x>382.6</x>
      <y>226.4</y>
      <xscale>0.62</xscale>
      <yscale>0.62</yscale>
      <rotation>0</rotation>
    </char>
    <effectAsset id="EFFECT0" themecode="common" index="2">
      <effect x="0" y="0" w="135.1" h="76.1472727" rotate="0" id="cut" type="ZOOM" isCut="true" isPan="false"/>
      <x>306.1</x>
      <y>133.1223636</y>
      <width>135.1</width>
      <height>86.9552727</height>
      <speech>0</speech>
    </effectAsset>
  </scene>
  <scene id="SCENE47" adelay="60" lock="N" index="22" color="16777215" guid="89E2BD66-0B54-27AF-5F56-1E276734FF99">
    <durationSetting countMinimum="1" countTransition="1" countAction="1" countBubble="1" countSpeech="1"/>
    <bubbleAsset id="BUBBLE597" index="1">
      <x>238</x>
      <y>151</y>
      <xscale>1</xscale>
      <yscale>1</yscale>
      <rotation>0</rotation>
      <fx>easeNone</fx>
      <fxdur>0</fxdur>
      <bubble x="0" y="0" w="180" h="90" rotate="0" type="BLANK" hasTail="0" colorStyle="1" autoTextResize="true">
        <body rgb="16777215" shadow="1" bgAlpha="0" linergb="0" tailx="180" taily="110" paddingHorizontal="0" paddingVertical="0"/>
        <text rgb="0" alpha="100" font="Accidental Presidency" size="65" align="center" bold="false" italic="false" embed="true">closing:1</text>
        <url target="top"><![CDATA[]]></url>
      </bubble>
    </bubbleAsset>
    <effectAsset id="EFFECT77" themecode="common" index="2">
      <effect x="0" y="0" w="550" h="310" rotate="0" id="cut" type="ZOOM" isCut="true" isPan="false"/>
      <x>47</x>
      <y>24</y>
      <width>550</width>
      <height>354</height>
      <speech>0</speech>
    </effectAsset>
  </scene>
  <scene id="SCENE48" adelay="96" lock="Y" index="23" color="16777215" guid="6E2AF975-AC2D-730B-3C25-9538213F918A">
    <char id="AVATOR487" index="4" raceCode="1">
      <action face="-1" motionface="1">ugc.15688438.sit.xml</action>
      <x>223.5</x>
      <y>200.9</y>
      <xscale>0.55</xscale>
      <yscale>0.55</yscale>
      <rotation>0</rotation>
    </char>
    <char id="AVATOR318" index="6" raceCode="1">
      <action face="1" motionface="1">ugc.15689601.stand.xml</action>
      <x>373.6</x>
      <y>226.5</y>
      <xscale>0.62</xscale>
      <yscale>0.62</yscale>
      <rotation>0</rotation>
    </char>
    <prop id="PROP195" index="1">
      <file>ugc.17502233.swf</file>
      <x>324</x>
      <y>207.5</y>
      <xscale>1</xscale>
      <yscale>1</yscale>
      <face>1</face>
      <rotation>0</rotation>
    </prop>
    <prop id="PROP197" index="2">
      <file>ugc.17502498.swf</file>
      <x>318.2</x>
      <y>201.8</y>
      <xscale>1</xscale>
      <yscale>1</yscale>
      <face>1</face>
      <rotation>0</rotation>
    </prop>
    <prop id="PROP203" index="3">
      <file>ugc.17502247.swf</file>
      <x>225.7</x>
      <y>226.9</y>
      <xscale>1</xscale>
      <yscale>1</yscale>
      <face>1</face>
      <rotation>0</rotation>
    </prop>
    <prop id="PROP196" index="5">
      <file>ugc.17500477.swf</file>
      <x>269.2</x>
      <y>142.4</y>
      <xscale>1</xscale>
      <yscale>1</yscale>
      <face>1</face>
      <rotation>0</rotation>
    </prop>
    <prop id="PROP199" index="7">
      <file>ugc.17502287.swf</file>
      <x>318.1</x>
      <y>160.4</y>
      <xscale>1</xscale>
      <yscale>1</yscale>
      <face>1</face>
      <rotation>0</rotation>
    </prop>
    <prop id="PROP198" index="8">
      <file>ugc.17502476.swf</file>
      <x>235</x>
      <y>253.5</y>
      <xscale>1</xscale>
      <yscale>1</yscale>
      <face>1</face>
      <rotation>0</rotation>
    </prop>
    <prop id="PROP200" index="9">
      <file>ugc.17502287.swf</file>
      <x>104.1</x>
      <y>156.4</y>
      <xscale>1</xscale>
      <yscale>1</yscale>
      <face>1</face>
      <rotation>0</rotation>
    </prop>
    <prop id="PROP202" index="10">
      <file>ugc.17502419.swf</file>
      <x>511.1</x>
      <y>264.8</y>
      <xscale>1</xscale>
      <yscale>1</yscale>
      <face>1</face>
      <rotation>0</rotation>
    </prop>
    <effectAsset id="EFFECT0" themecode="common" index="12">
      <effect x="0" y="0" w="336.7" h="189.7763636" rotate="0" id="zoom" type="ZOOM" isCut="false" isPan="false"/>
      <x>126.4</x>
      <y>93.0938182</y>
      <width>336.7</width>
      <height>216.7123636</height>
      <speech>0</speech>
    </effectAsset>
    <effectAsset id="EFFECT31" index="11">
      <effect id="ncc_opening01b.swf" type="ANIME"/>
      <x>47</x>
      <y>24</y>
      <xscale>1</xscale>
      <yscale>1</yscale>
      <st>79</st>
      <et>96</et>
      <file>common.ncc_opening01b.swf</file>
    </effectAsset>
  </scene>
</film>
