<?xml version="1.0" encoding="utf-8"?>
<theme id="ugc" name="ugc">
    <char id="15688438" name="Untitled" published="0" facing="left" thumb="stand.xml" default="stand.xml" motion="walk.xml" isCC="Y" is_premium="N" money="0" sharing="0" cc_theme_id="family"><tags/><action id="stand.xml" name="Stand" loop="Y" totalframe="1" enable="Y"/><motion id="walk.xml" name="Walk" loop="Y" totalframe="24" enable="Y"/><motion id="run.xml" name="Run" loop="Y" totalframe="20" enable="Y"/><action id="sit.xml" name="Sit" loop="Y" totalframe="1" enable="Y"/><action id="lie.xml" name="Lie down" loop="Y" totalframe="1" enable="Y"/><action id="kneel.xml" name="Kneel down" loop="Y" totalframe="1" enable="Y"/><action id="xarms.xml" name="Crossed arms" loop="Y" totalframe="1" enable="Y"/><category name="emotion"><action id="excited.xml" name="Excited / Cheers" loop="Y" totalframe="80" enable="Y"/><action id="taunt.xml" name="Taunt" loop="Y" totalframe="60" enable="Y"/><action id="chuckle.xml" name="Chuckle" loop="Y" totalframe="6" enable="Y"/><action id="laugh.xml" name="Laugh" loop="Y" totalframe="6" enable="Y"/><action id="sad.xml" name="Sad" loop="Y" totalframe="60" enable="Y"/><action id="fearful.xml" name="Fearful" loop="Y" totalframe="60" enable="Y"/></category><action id="pt_at.xml" name="Point at" loop="Y" totalframe="30" enable="Y"/><action id="talk_phone.xml" name="Talk on phone" loop="Y" totalframe="115" enable="Y"/><action id="dance.xml" name="Dance" loop="Y" totalframe="23" enable="Y"/><action id="talk.xml" name="Talk" loop="Y" totalframe="100" enable="Y"/><facial id="head_talk_a.xml" name="Talk neutral A" enable="Y"/><facial id="head_talk_b.xml" name="Talk neutral B" enable="Y"/><facial id="head_talk_angry.xml" name="Talk angry" enable="Y"/><facial id="head_talk_happy.xml" name="Talk happy" enable="Y"/><facial id="head_talk_sad.xml" name="Talk sad" enable="Y"/><facial id="head_happy.xml" name="Happy" enable="Y"/><facial id="head_sad.xml" name="Sad" enable="Y"/><facial id="head_angry.xml" name="Angry" enable="Y"/><facial id="head_neutral.xml" name="Neutral" enable="Y"/><facial id="head_laugh.xml" name="Laugh" enable="Y"/><facial id="head_cry.xml" name="Cry" enable="Y"/><facial id="head_shocked.xml" name="Shocked" enable="Y"/><facial id="head_surprised.xml" name="Surprised" enable="Y"/><facial id="head_thinking.xml" name="Thinking" enable="Y"/><facial id="head_sick.xml" name="Sick" enable="Y"/><facial id="head_asleep.xml" name="Asleep" enable="Y"/><facial id="head_yawn.xml" name="Yawn" enable="Y"/><facial id="head_chewing.xml" name="Chewing" enable="Y"/><facial id="head_disgusted.xml" name="Disgusted" enable="Y"/><facial id="head_schemeing.xml" name="Schemeing" enable="Y"/><facial id="head_talk_cry.xml" name="Talk while crying" enable="Y"/><facial id="head_taunt.xml" name="Taunt" enable="Y"/><colorset enable="Y"><color r="ccSkinColor" oc="0xFFE1C4">0xFFCE95</color><color r="ccEyeLib">0xFFCE95</color><color r="ccEyeIris">0x000000</color><color r="ccGlassesFrame">0xBE10B0</color><color r="ccGlassesLens">0x737373</color><color r="ccMouthLip">0x891258</color><color r="ccMustache">0x000000</color><color r="ccBeard">0xFFFFFF</color><color r="ccEyebrow">0x996633</color><color r="ccHairMajor">0x996633</color><color r="ccHairMinor">0x640F0F</color><color r="ccUpperMain" oc="0x336699">0x333333</color><color r="ccUpperMinor" oc="0xE5E5E5">0xFFFFFF</color><color r="ccLowerMain" oc="0xCCBC9A">0x336699</color><color r="ccLowerMinor" oc="0xEEEEEE">0xFFFFFF</color></colorset><c_parts><c_area oc="0xFFE1C4">ccSkinColor</c_area><c_area>ccEyeLib</c_area><c_area>ccEyeIris</c_area><c_area>ccGlassesFrame</c_area><c_area>ccGlassesLens</c_area><c_area>ccMouthLip</c_area><c_area>ccMustache</c_area><c_area>ccBeard</c_area><c_area>ccEyebrow</c_area><c_area>ccHairMajor</c_area><c_area>ccHairMinor</c_area><c_area oc="0x336699">ccUpperMain</c_area><c_area oc="0xE5E5E5">ccUpperMinor</c_area><c_area oc="0xCCBC9A">ccLowerMain</c_area><c_area oc="0xEEEEEE">ccLowerMinor</c_area></c_parts></char>
    <char id="15689601" name="Untitled" published="0" facing="left" thumb="stand.xml" default="stand.xml" motion="walk.xml" isCC="Y" is_premium="N" money="0" sharing="0" cc_theme_id="family"><tags/><action id="stand.xml" name="Stand" loop="Y" totalframe="1" enable="Y"/><motion id="walk.xml" name="Walk" loop="Y" totalframe="21" enable="Y"/><motion id="run.xml" name="Run" loop="Y" totalframe="20" enable="Y"/><action id="sit.xml" name="Sit" loop="Y" totalframe="1" enable="Y"/><action id="lie.xml" name="Lie down" loop="Y" totalframe="60" enable="Y"/><action id="kneel.xml" name="Kneel down" loop="Y" totalframe="100" enable="Y"/><action id="xarms.xml" name="Crossed arms" loop="Y" totalframe="1" enable="Y"/><category name="emotion"><action id="excited.xml" name="Excited / Cheers" loop="Y" totalframe="50" enable="Y"/><action id="taunt.xml" name="Taunt" loop="Y" totalframe="106" enable="Y"/><action id="chuckle.xml" name="Chuckle" loop="Y" totalframe="79" enable="Y"/><action id="laugh.xml" name="Laugh" loop="Y" totalframe="70" enable="Y"/><action id="sad.xml" name="Sad" loop="Y" totalframe="100" enable="Y"/><action id="fearful.xml" name="Fearful" loop="Y" totalframe="50" enable="Y"/></category><action id="pt_at.xml" name="Point at" loop="Y" totalframe="60" enable="Y"/><action id="talk_phone.xml" name="Talk on phone" loop="Y" totalframe="110" enable="Y"/><action id="dance.xml" name="Dance" loop="Y" totalframe="66" enable="Y"/><action id="talk.xml" name="Talk" loop="Y" totalframe="125" enable="Y"/><facial id="head_talk_a.xml" name="Talk neutral A" enable="Y"/><facial id="head_talk_b.xml" name="Talk neutral B" enable="Y"/><facial id="head_talk_angry.xml" name="Talk angry" enable="Y"/><facial id="head_talk_happy.xml" name="Talk happy" enable="Y"/><facial id="head_talk_sad.xml" name="Talk sad" enable="Y"/><facial id="head_happy.xml" name="Happy" enable="Y"/><facial id="head_sad.xml" name="Sad" enable="Y"/><facial id="head_angry.xml" name="Angry" enable="Y"/><facial id="head_neutral.xml" name="Neutral" enable="Y"/><facial id="head_laugh.xml" name="Laugh" enable="Y"/><facial id="head_cry.xml" name="Cry" enable="Y"/><facial id="head_shocked.xml" name="Shocked" enable="Y"/><facial id="head_surprised.xml" name="Surprised" enable="Y"/><facial id="head_thinking.xml" name="Thinking" enable="Y"/><facial id="head_sick.xml" name="Sick" enable="Y"/><facial id="head_asleep.xml" name="Asleep" enable="Y"/><facial id="head_yawn.xml" name="Yawn" enable="Y"/><facial id="head_chewing.xml" name="Chewing" enable="Y"/><facial id="head_disgusted.xml" name="Disgusted" enable="Y"/><facial id="head_schemeing.xml" name="Schemeing" enable="Y"/><facial id="head_talk_cry.xml" name="Talk while crying" enable="Y"/><facial id="head_taunt.xml" name="Taunt" enable="Y"/><colorset enable="Y"><color r="ccSkinColor" oc="0xFFE1C4">0xFFCE95</color><color r="ccEyeLib">0xFD8E6D</color><color r="ccEyeIris">0x000000</color><color r="ccGlassesFrame">0xFF0000</color><color r="ccGlassesLens">0xFF0000</color><color r="ccMouthLip">0xFF6666</color><color r="ccMustache">0x8B6F18</color><color r="ccBeard">0xC29B22</color><color r="ccEyebrow">0x000000</color><color r="ccHairMajor">0x431D09</color><color r="ccHairMinor">0x8B6F18</color><color r="ccUpperMain" oc="0x336699">0xFFFFFF</color><color r="ccUpperMinor" oc="0xE5E5E5">0x333333</color><color r="ccLowerMain" oc="0xCCBC9A">0x333333</color><color r="ccLowerMinor" oc="0xEEEEEE">0x666666</color></colorset><c_parts><c_area oc="0xFFE1C4">ccSkinColor</c_area><c_area>ccEyeLib</c_area><c_area>ccEyeIris</c_area><c_area>ccGlassesFrame</c_area><c_area>ccGlassesLens</c_area><c_area>ccMouthLip</c_area><c_area>ccMustache</c_area><c_area>ccBeard</c_area><c_area>ccEyebrow</c_area><c_area>ccHairMajor</c_area><c_area>ccHairMinor</c_area><c_area oc="0x336699">ccUpperMain</c_area><c_area oc="0xE5E5E5">ccUpperMinor</c_area><c_area oc="0xCCBC9A">ccLowerMain</c_area><c_area oc="0xEEEEEE">ccLowerMinor</c_area></c_parts></char>
    <prop subtype="0" id="17500477.swf" name="white_house_clothes" enable="Y" holdable="0" headable="0" placeable="1" facing="left" width="0" height="0" duration="0" enc_asset_id="0YwJNPFcpm28" signature="mFBlXjFqn3kCU3LRsuZoPAatotpgvL0KP6M5riVICam4CIsNldHUuN8u4kWtGdfVNOIdbcx78X2EHEUmCUR9GJp4TzfFdKFonkUkf9S0IgegVbROtNsFKC_6pWk27ATcSYaC+HlYFlPkjcHyGcWp6Z0Sg7nmEyMFBwfgz36inc4DhD5edohE6Mh5XBLw=="/>
    <prop subtype="0" id="17502233.swf" name="white_house_bg" enable="Y" holdable="0" headable="0" placeable="1" facing="left" width="0" height="0" duration="0" enc_asset_id="0cV8zeoWkvZw" signature="PMfQrjaG6CgJk6eiB79T_gXfPKSYtNVeSXuSRE9E7ZlDE4A5o186QDbPwgUT0opLZWEj1pDO6K9sEuj5T+KwAjdvx6Bhkx127GRs9HZQg7m0y3aX6cZlBCip5qpSFo3gimNLNmYWo9ze_HVLgWjKF8Wzh1zoCtvKkzAOT1n+5nxXCm8D9ox4CDfin4j6I="/>
    <prop subtype="0" id="17502247.swf" name="white_house_chair" enable="Y" holdable="0" headable="0" placeable="1" facing="left" width="0" height="0" duration="0" enc_asset_id="0r_w2tGAtgJ4" signature="3IJVo7cup1qiUSogUsbWzQdNP10kszi_65lkh26oGcXFsG6r4dp+sBCp7BmZSytF7f1MbgOP3ZmKTn+G81hwxzj3EegHVLEVgBcsXj6jD2rjMqmpHYgOROzgk9pfY7KW1ZLI_fG4tVIPmUFYOVtxgwW_LgeY7CUEu+ryD51ZFfQYfON8gAU1P001QGY5E="/>
    <prop subtype="0" id="17502287.swf" name="white_house_flag" enable="Y" holdable="0" headable="0" placeable="1" facing="left" width="0" height="0" duration="0" enc_asset_id="06C3j-bfhCLM" signature="BBSVpgfhvNhhaWTunW16EAvDr1oAtWVOicV9p5VtPWLIoWzSBaPQu7YBmyJar5_B7j5WGwW4qH3Jb01FBum57ARzqTs0R+PAaVjppjzMAyuenrX0jdK5gAVFaAd1RsV5AWIGtAWy+JyhVS4zZXvKDbyyGLdLabc5IO_GplHnDxHk6+AdyMlDO8eRUTAw=="/>
    <prop subtype="0" id="17502419.swf" name="white_house_sofa" enable="Y" holdable="0" headable="0" placeable="1" facing="left" width="0" height="0" duration="0" enc_asset_id="0eYm0cM9vr50" signature="VDQMtEl3NVJGT1I1YjblUQ2ofJiZLEbLtjfbDF4wl6Su+0rGx8KdGyMPlulI24Ow_2ZShmGZRbPt7aqEqfBmdT4jB4jKjeG4MOUNl9+z8sIBKEqfBK5OkTetl4bbrJ2aJrS1yZ+POVkUZGx4vYzfPczY6rYu712IpOBn7tuTqtbR+yUeXfvGH5IDmNGSY="/>
    <prop subtype="0" id="17502476.swf" name="white_house_table" enable="Y" holdable="0" headable="0" placeable="1" facing="left" width="0" height="0" duration="0" enc_asset_id="0ePfIPfym-wQ" signature="_Rd4areD0p+4Nmz_ehW84gbPw1qRRdBfYp598CNmUM8zZnirrQw5_ehRgzMIp7SPKisHT4IBNn3xUgFV5vozD6_IELOF6iiuJpZw_Ml7TV6+ddGx36ur_EMgSvLU+FuA1TpBC7Kx3dlHia+TLgyXxR+R1y3nlatNX8jRv6Gun5W_YLYkfErIv78wo7Rec="/>
    <prop subtype="0" id="17502498.swf" name="white_house_wall" enable="Y" holdable="0" headable="0" placeable="1" facing="left" width="0" height="0" duration="0" enc_asset_id="0mfhg20bTA2g" signature="icukEBd2a8cyE7M35ut1pg7Jc0P98bVdIUlW1u9mUCgFb8zOGWRdVx7Usgq_QlwAmximxjQFROJmMecq7Ip4B46+_Hxeoo++epLesPFPsk4nPj_28SjsmHJAYpaPVWvKx_K9Ff3Cl_bnBTYYnKg4bDRU2u0LLr1wuSQHLw2mDMTE5cWTgyyurn7kTR1UA="/>
    <background subtype="" id="17835490.swf" name="Untitled-3" enable="Y" enc_asset_id="0QBUl82u6edY" signature="DsAheEUEp1IgaCpmH3tyfQQjuO16XpMVEDGueng_D7282qZsjFGH9XxQMCrBc2Guf+hjzxcdtj1otjAxM1VcSd3MNwvpK+MqCLD3Cb3nQ+iygxBNuB6VGX2XwNy+rQPi6BqvY_EMwCk3Z2Net_5DqlVl5MgPtbuB5a0r0c6wurwFFhgLIBTHmTqPslumA="/>
</theme>