<?xml version="1.0"?>
<film copyable="0" duration="128.6" published="0" pshare="0" isWide="1">
  <meta>
    <title>DALEK (MINUS RED)</title>
    <tag/>
    <hiddenTag/>
    <desc></desc>
    <mver><![CDATA[4]]></mver>
    <studio>a76d829cef09f7bb9bef739f686c0449acbaded8</studio>
    <thumbnail index="0"/>
    <palette>
      <color value="333333"/>
      <color value="999999"/>
      <color value="fbfbfb"/>
      <color value="669999"/>
      <color value="55bbaa"/>
      <color value="7fbb11"/>
      <color value="15709b"/>
      <color value="9a5d1"/>
      <color value="6ab8d6"/>
      <color value="da2021"/>
      <color value="fecd31"/>
    </palette>
  </meta>
  <scene id="SCENE51" adelay="60" lock="N" index="25" color="16777215" guid="2E5935B4-2520-10F0-6413-D7C691C27CE9">
    <durationSetting countMinimum="1" countTransition="1" countAction="1" countBubble="1" countSpeech="1"/>
    <char id="AVATOR1930" index="1" raceCode="0">
      <action face="1" motionface="1">ugc.1687173.1687174.swf</action>
      <x>459.5591663</x>
      <y>213.1</y>
      <xscale>1</xscale>
      <yscale>1</yscale>
      <rotation>0</rotation>
    </char>
    <char id="AVATOR1931" index="2" raceCode="0">
      <action face="1" motionface="1">ugc.1687187.1687188.swf</action>
      <x>208.8509804</x>
      <y>213.1</y>
      <xscale>1</xscale>
      <yscale>1</yscale>
      <rotation>0</rotation>
    </char>
    <effectAsset id="EFFECT51" themecode="common" index="3">
      <effect x="0" y="0" w="550" h="310" rotate="0" id="cut" type="ZOOM" isCut="true" isPan="false"/>
      <x>47</x>
      <y>24</y>
      <width>550</width>
      <height>354</height>
      <speech>0</speech>
    </effectAsset>
  </scene>
</film>
