<?xml version="1.0" encoding="utf-8"?>
<theme id="ugc" name="ugc">
    <char id="1687173" name="BLUE DALEK" facing="left" thumb="1687174.swf" default="1687174.swf"><action subtype="" id="1687174.swf" name="DEFAULT" enable="Y" enc_asset_id="0T-PDmSYVboo" signature="_YPC+MrS+j8kBAA0QaqKKQHgllbzF7+qECHQhdLyHqXHG9UwSIQf1qEhjaZNhYGCZtFbPHPX_GE7KQ6Vg7bt9MzVRD3R2AxvfpgW6Osd1RiC3VKpKsVm8Tmx1hlefcK0KIK3z1divQy3PyjXwi_9InkXKkB9XZXyJU9rGgpSAVcTUwTk7qirVDbEE="/><action subtype="" id="1687180.swf" name="exterminate " enable="Y" enc_asset_id="0yn2ANVXfX-U" signature="IGxqpZ8i7_G6GfqdP9yLUw+YLPLEFbqR+OQB4qxXoUDAw0HxYqrpiTc_Of4eFFUTfsV6TWOU0oN4+7Fk0RUWiX8u6Iry9f9EqidGbvxLtDJq5PJCZATuRZ1iKPGV8Aw3ywUb8w6twM+BV7uNlgKOrHOlrmVCICDsBXHVA7Pyj5QLmCvgKc7HS0LL376A=="/><action subtype="" id="1687184.swf" name="movehead " enable="Y" enc_asset_id="0VqMlO0VPRBg" signature="aIvthe4CGFmkTKbvt4g_zAriNe05YWMH1KtTJX9zh8s+WTHrlE2+jYsvBfof3PuJLNbpSPYjjE4d0busDOtikFHg_Nt6DVFsllmmz_pIkcyKuScLItSudovisHIggHbhmDel81VUcvVFhQsO4I1TFz0NkQe_8qHwG3n9OEK1Un63i4uUB81ZGFrOxm6A=="/><action subtype="" id="1687214.swf" name="exterminate" enable="Y" enc_asset_id="0WfvEO5Bq808" signature="tPoFFKXvtuVrX1vr0XHakwMPimTADbFg2akWrFgUeqHU76tWPh8zvO54DvdTdB4WYflek8SHzCAwgn5V2bcN8M30jcTACeI7rykMFR55cH0lqWOcpWv7wFRcBZLTlTxwXZTDN7LinJuWsln8MLM+LI39RV7WWN4P44U_TUXHvHfFfHP_OKNhc9WkdRcg=="/><action subtype="" id="1731152.swf" name="bluedalek1explode" enable="Y" enc_asset_id="0DiwOn-SiO-s" signature="j88mvI_kveADtQtU0hLvwgITG3RPR5MuEtWgUBD+w8mj7kXDVpqaDluGmW0vSHrrR0e6NY4JwE3KlOkXXgph3qmCQGS0nFIc3OoRaem29xdwldFl+H7rNrDqqzteBEJHZpe1x8toNsBaWpu_vFUDefogrHpkcB3oCdJ+n7sEF8dYVtJHdXUKThduMWiQ=="/></char>
    <char id="1687187" name="GOLD DALEK" facing="left" thumb="1687188.swf" default="1687188.swf"><action subtype="" id="1687188.swf" name="DEAFAULT" enable="Y" enc_asset_id="0vvATzCm0AqU" signature="RHUHd7hugxoDmLFbtl5DnAV4IaVOQff2iu7S59Lp_9muvR5pZoKE6SokhLivHREI27_uAS0RGXfU956O0g_Dz7236ejdIGmSipyJ9W2aHTazkePomq9qKXXt+D1pUEIWBzXgFhlbpw1fYgC141zbXpAhp9wgkkq2goHMPkhlwCqpr38Adso1_RAfhLsw=="/><action subtype="" id="1687190.swf" name="movehead " enable="Y" enc_asset_id="0Bmgcd5KZcrk" signature="_gvgedxzPATtCtL3+kNmGwWGGqWlBnP+4kt79yzgC8IcRl1HarCD8zUmLBvpRxrDcLl9reROW+UGtljQaU9qv6mdwXsXqzKzN9vEcUCjWOA8CA2AtFhuQN6l8Nb8MAs9iEjJwYdEJOn2GXjbO2wtO7Uhg5ty+tU67cltl3uMtYOd0AQus9uPWQHrYYoA=="/><action subtype="" id="1687193.swf" name="Exterminate " enable="Y" enc_asset_id="0ScQgISINkJc" signature="O9ozs475P_KwtyEtyeuVNAqThIhrXfwsWa9VrAnHpuxOmvCai4EFnDVeHRKv7G1o55nQxI+qrhhKFdSzIB42StTRI3wy5I3y_V3zEaHsCRUoRSvrbo0AhdZSxUBgOqEozEqPvTjmfJikyXz+jxPpz+PqQsNTciBdDve6uTfeYykDQWaqBs7WiN2ZiYeg=="/><action subtype="" id="1687217.swf" name="exterminate2 " enable="Y" enc_asset_id="0ni_IFzugFRI" signature="YPAtEyp4hVUYyp8WaNXScgp6rysIiVn8LkUjrbPZM96vnNqAlYAib47oV8Vfte6wBjamW2bgXjJyqmCGW0v2zAAUQCBD4vLSYCTnczA0SCGQ3uP6rIymRrnpdNdj7EsMfYF_BQyK275Vc5_9OUwyE5OaHGwMHU1mW7qHz+B+zSx5egyRyUC7XRHmNn9A=="/><action subtype="" id="1731223.swf" name="golddalek1explode" enable="Y" enc_asset_id="0iNutjhxNM5I" signature="dZ0TozSCPbImExW+ROWrvwcr9PhH3yOKvmsjWs72BXbkKSivbF3i2Zq85mHTrcMEkjgXLweTGiJonVVdbrQrX0rPd54agYzwqMn4TdLugXV6D6N9sLuqnEpW83Bm8r7CxZuAWD1FdgZtko_r2W_JqNcO_Jz68IXE86M9zVJtpVgWxe3ks7d4F+W1RvQA=="/></char>
</theme>