<?xml version="1.0"?>
<film copyable="0" duration="56.0" published="0" pshare="0" isWide="1">
  <meta>
    <title>Emergency coffee shop meeting</title>
    <tag/>
    <hiddenTag/>
    <desc></desc>
    <mver><![CDATA[4]]></mver>
    <studio>a76d829cef09f7bb9bef739f686c0449acbaded8</studio>
    <thumbnail index="0"/>
    <palette>
      <color value="333333"/>
      <color value="999999"/>
      <color value="fbfbfb"/>
      <color value="669999"/>
      <color value="55bbaa"/>
      <color value="7fbb11"/>
      <color value="15709b"/>
      <color value="9a5d1"/>
      <color value="6ab8d6"/>
      <color value="da2021"/>
      <color value="fecd31"/>
      <color value="28c6c1"/>
      <color value="37444f"/>
    </palette>
  </meta>
  <scene id="SCENE23" adelay="72" lock="Y" index="0" color="16777215" guid="09B76479-A973-8F4B-68B6-492D155F1434">
    <bg id="cbg_coffee_shop_BG9" index="0">
      <file>custom.coffee_shop_bg.swf</file>
    </bg>
    <prop id="PROP176" index="1">
      <file>custom.coffee_shop_table.swf</file>
      <x>155</x>
      <y>254</y>
      <xscale>0.45</xscale>
      <yscale>0.45</yscale>
      <face>1</face>
      <rotation>0.1</rotation>
    </prop>
    <prop id="PROP178" index="2">
      <file>custom.coffee_shop_counter.swf</file>
      <x>451</x>
      <y>298</y>
      <xscale>1</xscale>
      <yscale>1</yscale>
      <face>1</face>
      <rotation>0</rotation>
    </prop>
    <prop id="PROP180" index="3">
      <file>custom.coffee_shop_chair.swf</file>
      <x>48.8</x>
      <y>293.7</y>
      <xscale>0.7</xscale>
      <yscale>0.7</yscale>
      <face>-1</face>
      <rotation>0</rotation>
    </prop>
    <prop id="PROP181" index="4">
      <file>custom.coffee_shop_chair.swf</file>
      <x>158.2</x>
      <y>297.5</y>
      <xscale>0.71</xscale>
      <yscale>0.71</yscale>
      <face>1</face>
      <rotation>0</rotation>
    </prop>
    <prop id="PROP183" index="5">
      <file>custom.coffee_shop_table.swf</file>
      <x>113.7</x>
      <y>303.1</y>
      <xscale>0.83</xscale>
      <yscale>0.83</yscale>
      <face>1</face>
      <rotation>0.1</rotation>
    </prop>
    <prop id="PROP184" index="6">
      <file>custom.coffee_shop_chair.swf</file>
      <x>397</x>
      <y>341</y>
      <xscale>1</xscale>
      <yscale>1</yscale>
      <face>1</face>
      <rotation>0</rotation>
    </prop>
    <prop id="PROP186" index="7">
      <file>custom.coffee_shop_chair.swf</file>
      <x>208</x>
      <y>343</y>
      <xscale>1</xscale>
      <yscale>1</yscale>
      <face>-1</face>
      <rotation>0</rotation>
    </prop>
    <prop id="PROP187" index="8">
      <file>custom.coffee_shop_table.swf</file>
      <x>305</x>
      <y>345</y>
      <xscale>1</xscale>
      <yscale>1</yscale>
      <face>1</face>
      <rotation>0</rotation>
    </prop>
    <prop id="PROP189" index="9">
      <file>common.ncc_03coffee.swf</file>
      <x>274.7</x>
      <y>311.2</y>
      <xscale>0.88</xscale>
      <yscale>0.88</yscale>
      <face>1</face>
      <rotation>0</rotation>
    </prop>
    <prop id="PROP190" index="10">
      <file>common.ncc_03coffee.swf</file>
      <x>335.7</x>
      <y>308.2</y>
      <xscale>0.88</xscale>
      <yscale>0.88</yscale>
      <face>1</face>
      <rotation>0</rotation>
    </prop>
    <effectAsset id="EFFECT37" themecode="common" index="11">
      <effect x="0" y="0" w="550" h="310" rotate="0" id="cut" type="ZOOM" isCut="true" isPan="false"/>
      <x>47</x>
      <y>24</y>
      <width>550</width>
      <height>354</height>
      <speech>0</speech>
    </effectAsset>
  </scene>
  <scene id="SCENE24" adelay="60" lock="N" index="1" color="16777215" guid="B93AB9CE-EFE1-FBED-47A7-8D325431B703">
    <durationSetting countMinimum="1" countTransition="1" countAction="1" countBubble="1" countSpeech="1"/>
    <bubbleAsset id="BUBBLE496" index="1">
      <x>241</x>
      <y>147</y>
      <xscale>1</xscale>
      <yscale>1</yscale>
      <rotation>0</rotation>
      <fx>easeNone</fx>
      <fxdur>0</fxdur>
      <bubble x="0" y="0" w="180" h="90" rotate="0" type="BLANK" hasTail="0" colorStyle="1" autoTextResize="true">
        <body rgb="16777215" shadow="1" bgAlpha="0" linergb="0" tailx="180" taily="110" paddingHorizontal="0" paddingVertical="0"/>
        <text rgb="0" alpha="100" font="Accidental Presidency" size="60" align="center" bold="false" italic="false" embed="true">opening:1</text>
        <url target="top"><![CDATA[]]></url>
      </bubble>
    </bubbleAsset>
    <effectAsset id="EFFECT39" themecode="common" index="2">
      <effect x="0" y="0" w="550" h="310" rotate="0" id="cut" type="ZOOM" isCut="true" isPan="false"/>
      <x>47</x>
      <y>24</y>
      <width>550</width>
      <height>354</height>
      <speech>0</speech>
    </effectAsset>
  </scene>
  <scene id="SCENE25" adelay="72" lock="Y" index="2" color="16777215" guid="7CDAA006-B92F-0AA0-FFCA-F3B71DDDDA28">
    <bg id="cbg_coffee_shop_BG9" index="0">
      <file>custom.coffee_shop_bg.swf</file>
    </bg>
    <char id="AVATOR350" index="2" raceCode="1">
      <action face="1" motionface="1">ugc.15696177.stand.xml</action>
      <x>560</x>
      <y>257</y>
      <xscale>0.65</xscale>
      <yscale>0.65</yscale>
      <rotation>0</rotation>
    </char>
    <char id="AVATOR178" index="6" raceCode="1">
      <action face="-1" motionface="1">ugc.15693158.sit.xml</action>
      <x>52.7</x>
      <y>263.3</y>
      <xscale>0.66</xscale>
      <yscale>0.66</yscale>
      <rotation>0</rotation>
    </char>
    <char id="AVATOR66" index="9" raceCode="1">
      <action face="1" motionface="1">ugc.15689601.sit.xml</action>
      <x>391</x>
      <y>296</y>
      <xscale>0.94</xscale>
      <yscale>0.94</yscale>
      <rotation>0</rotation>
    </char>
    <char id="AVATOR67" index="12" raceCode="1">
      <action face="-1,-1" motionface="-1">ugc.15688438.walk.xml</action>
      <x>-14.4,217.6</x>
      <y>297.6,299.6</y>
      <xscale>0.93,0.93</xscale>
      <yscale>0.93,0.93</yscale>
      <rotation>0,0</rotation>
      <assetMotion ver="1"/>
    </char>
    <prop id="PROP155" index="1">
      <file>custom.coffee_shop_table.swf</file>
      <x>155</x>
      <y>254</y>
      <xscale>0.45</xscale>
      <yscale>0.45</yscale>
      <face>1</face>
      <rotation>0.1</rotation>
    </prop>
    <prop id="PROP156" index="3">
      <file>custom.coffee_shop_counter.swf</file>
      <x>451</x>
      <y>298</y>
      <xscale>1</xscale>
      <yscale>1</yscale>
      <face>1</face>
      <rotation>0</rotation>
    </prop>
    <prop id="PROP157" index="4">
      <file>custom.coffee_shop_chair.swf</file>
      <x>48.8</x>
      <y>293.7</y>
      <xscale>0.7</xscale>
      <yscale>0.7</yscale>
      <face>-1</face>
      <rotation>0</rotation>
    </prop>
    <prop id="PROP159" index="5">
      <file>custom.coffee_shop_chair.swf</file>
      <x>158.2</x>
      <y>297.5</y>
      <xscale>0.71</xscale>
      <yscale>0.71</yscale>
      <face>1</face>
      <rotation>0</rotation>
    </prop>
    <prop id="PROP161" index="7">
      <file>custom.coffee_shop_table.swf</file>
      <x>113.7</x>
      <y>303.1</y>
      <xscale>0.83</xscale>
      <yscale>0.83</yscale>
      <face>1</face>
      <rotation>0.1</rotation>
    </prop>
    <prop id="PROP163" index="8">
      <file>custom.coffee_shop_chair.swf</file>
      <x>397</x>
      <y>341</y>
      <xscale>1</xscale>
      <yscale>1</yscale>
      <face>1</face>
      <rotation>0</rotation>
    </prop>
    <prop id="PROP164" index="10">
      <file>custom.coffee_shop_chair.swf</file>
      <x>208</x>
      <y>343</y>
      <xscale>1</xscale>
      <yscale>1</yscale>
      <face>-1</face>
      <rotation>0</rotation>
    </prop>
    <prop id="PROP165" index="11">
      <file>custom.coffee_shop_table.swf</file>
      <x>305</x>
      <y>345</y>
      <xscale>1</xscale>
      <yscale>1</yscale>
      <face>1</face>
      <rotation>0</rotation>
    </prop>
    <prop id="PROP166" index="13">
      <file>common.ncc_03coffee.swf</file>
      <x>274.7</x>
      <y>311.2</y>
      <xscale>0.88</xscale>
      <yscale>0.88</yscale>
      <face>1</face>
      <rotation>0</rotation>
    </prop>
    <prop id="PROP167" index="14">
      <file>common.ncc_03coffee.swf</file>
      <x>335.7</x>
      <y>308.2</y>
      <xscale>0.88</xscale>
      <yscale>0.88</yscale>
      <face>1</face>
      <rotation>0</rotation>
    </prop>
    <effectAsset id="EFFECT0" themecode="common" index="15">
      <effect x="0" y="0" w="550" h="310" rotate="0" id="fadeInEx" type="FADING" isIn="true" isOut="false"/>
      <x>47</x>
      <y>24</y>
      <width>550</width>
      <height>354</height>
      <speech>0</speech>
      <st>1</st>
      <et>48</et>
    </effectAsset>
    <effectAsset id="EFFECT3" themecode="common" index="16">
      <effect x="0" y="0" w="433.5" h="244.3363636" rotate="0" id="zoom" type="ZOOM" isCut="false" isPan="false"/>
      <x>97.3</x>
      <y>94.3236364</y>
      <width>433.5</width>
      <height>279.0163636</height>
      <speech>0</speech>
    </effectAsset>
  </scene>
  <scene id="SCENE26" adelay="12" lock="Y" index="3" color="16777215" guid="0BF690E6-D2F2-52E1-BF36-550A85853E69">
    <bg id="cbg_coffee_shop_BG9" index="0">
      <file>custom.coffee_shop_bg.swf</file>
    </bg>
    <char id="AVATOR350" index="2" raceCode="1">
      <action face="1" motionface="1">ugc.15696177.stand.xml</action>
      <x>560</x>
      <y>257</y>
      <xscale>0.65</xscale>
      <yscale>0.65</yscale>
      <rotation>0</rotation>
    </char>
    <char id="AVATOR178" index="6" raceCode="1">
      <action face="-1" motionface="1">ugc.15693158.sit.xml</action>
      <x>52.7</x>
      <y>263.3</y>
      <xscale>0.66</xscale>
      <yscale>0.66</yscale>
      <rotation>0</rotation>
    </char>
    <char id="AVATOR66" index="9" raceCode="1">
      <action face="1" motionface="1">ugc.15689601.sit.xml</action>
      <x>391</x>
      <y>296</y>
      <xscale>0.94</xscale>
      <yscale>0.94</yscale>
      <rotation>0</rotation>
    </char>
    <char id="AVATOR67" index="11" raceCode="1">
      <action face="-1" motionface="1">ugc.15688438.sit.xml</action>
      <x>213.6</x>
      <y>295.6</y>
      <xscale>0.93</xscale>
      <yscale>0.93</yscale>
      <rotation>0</rotation>
    </char>
    <prop id="PROP298" index="1">
      <file>custom.coffee_shop_table.swf</file>
      <x>155</x>
      <y>254</y>
      <xscale>0.45</xscale>
      <yscale>0.45</yscale>
      <face>1</face>
      <rotation>0.1</rotation>
    </prop>
    <prop id="PROP300" index="3">
      <file>custom.coffee_shop_counter.swf</file>
      <x>451</x>
      <y>298</y>
      <xscale>1</xscale>
      <yscale>1</yscale>
      <face>1</face>
      <rotation>0</rotation>
    </prop>
    <prop id="PROP301" index="4">
      <file>custom.coffee_shop_chair.swf</file>
      <x>48.8</x>
      <y>293.7</y>
      <xscale>0.7</xscale>
      <yscale>0.7</yscale>
      <face>-1</face>
      <rotation>0</rotation>
    </prop>
    <prop id="PROP303" index="5">
      <file>custom.coffee_shop_chair.swf</file>
      <x>158.2</x>
      <y>297.5</y>
      <xscale>0.71</xscale>
      <yscale>0.71</yscale>
      <face>1</face>
      <rotation>0</rotation>
    </prop>
    <prop id="PROP305" index="7">
      <file>custom.coffee_shop_table.swf</file>
      <x>113.7</x>
      <y>303.1</y>
      <xscale>0.83</xscale>
      <yscale>0.83</yscale>
      <face>1</face>
      <rotation>0.1</rotation>
    </prop>
    <prop id="PROP306" index="8">
      <file>custom.coffee_shop_chair.swf</file>
      <x>397</x>
      <y>341</y>
      <xscale>1</xscale>
      <yscale>1</yscale>
      <face>1</face>
      <rotation>0</rotation>
    </prop>
    <prop id="PROP308" index="10">
      <file>custom.coffee_shop_chair.swf</file>
      <x>208</x>
      <y>343</y>
      <xscale>1</xscale>
      <yscale>1</yscale>
      <face>-1</face>
      <rotation>0</rotation>
    </prop>
    <prop id="PROP312" index="12">
      <file>custom.coffee_shop_table.swf</file>
      <x>305</x>
      <y>345</y>
      <xscale>1</xscale>
      <yscale>1</yscale>
      <face>1</face>
      <rotation>0</rotation>
    </prop>
    <prop id="PROP309" index="13">
      <file>common.ncc_03coffee.swf</file>
      <x>274.7</x>
      <y>311.2</y>
      <xscale>0.88</xscale>
      <yscale>0.88</yscale>
      <face>1</face>
      <rotation>0</rotation>
    </prop>
    <prop id="PROP310" index="14">
      <file>common.ncc_03coffee.swf</file>
      <x>335.7</x>
      <y>308.2</y>
      <xscale>0.88</xscale>
      <yscale>0.88</yscale>
      <face>1</face>
      <rotation>0</rotation>
    </prop>
    <effectAsset id="EFFECT3" themecode="common" index="15">
      <effect x="0" y="0" w="433.5" h="244.3363636" rotate="0" id="cut" type="ZOOM" isCut="true" isPan="false"/>
      <x>97.3</x>
      <y>94.3236364</y>
      <width>433.5</width>
      <height>279.0163636</height>
      <speech>0</speech>
    </effectAsset>
  </scene>
  <scene id="SCENE27" adelay="60" lock="N" index="4" color="16777215" guid="BC7ECD0E-A286-208D-D541-C7FB8981837F">
    <durationSetting countMinimum="1" countTransition="1" countAction="1" countBubble="1" countSpeech="1"/>
    <bubbleAsset id="BUBBLE497" index="1">
      <x>219</x>
      <y>157</y>
      <xscale>1</xscale>
      <yscale>1</yscale>
      <rotation>0</rotation>
      <fx>easeNone</fx>
      <fxdur>0</fxdur>
      <bubble x="0" y="0" w="180" h="90" rotate="0" type="BLANK" hasTail="0" colorStyle="1" autoTextResize="true">
        <body rgb="16777215" shadow="1" bgAlpha="0" linergb="0" tailx="180" taily="110" paddingHorizontal="0" paddingVertical="0"/>
        <text rgb="0" alpha="100" font="Accidental Presidency" size="48" align="center" bold="false" italic="false" embed="true">character:1</text>
        <url target="top"><![CDATA[]]></url>
      </bubble>
    </bubbleAsset>
    <effectAsset id="EFFECT43" themecode="common" index="2">
      <effect x="0" y="0" w="550" h="310" rotate="0" id="cut" type="ZOOM" isCut="true" isPan="false"/>
      <x>47</x>
      <y>24</y>
      <width>550</width>
      <height>354</height>
      <speech>0</speech>
    </effectAsset>
  </scene>
  <scene id="SCENE28" adelay="60" lock="N" index="5" color="16777215" guid="E1AD73FB-0000-B045-AFBA-A8DE80A8B78D">
    <durationSetting countMinimum="1" countTransition="1" countAction="1" countBubble="1" countSpeech="1"/>
    <char id="AVATOR498" index="1" raceCode="1">
      <action face="-1" motionface="1">ugc.15688438.stand.xml</action>
      <x>320.6</x>
      <y>220.6</y>
      <xscale>0.93</xscale>
      <yscale>0.93</yscale>
      <rotation>0</rotation>
    </char>
    <effectAsset id="EFFECT45" themecode="common" index="2">
      <effect x="0" y="0" w="550" h="310" rotate="0" id="cut" type="ZOOM" isCut="true" isPan="false"/>
      <x>47</x>
      <y>24</y>
      <width>550</width>
      <height>354</height>
      <speech>0</speech>
    </effectAsset>
  </scene>
  <scene id="SCENE29" adelay="60" lock="N" index="6" color="16777215" guid="B269A299-8CC2-FA63-0D32-6ED401CEF77A">
    <durationSetting countMinimum="1" countTransition="1" countAction="1" countBubble="1" countSpeech="1"/>
    <bubbleAsset id="BUBBLE501" index="1">
      <x>226</x>
      <y>149</y>
      <xscale>1</xscale>
      <yscale>1</yscale>
      <rotation>0</rotation>
      <fx>easeNone</fx>
      <fxdur>0</fxdur>
      <bubble x="0" y="0" w="180" h="90" rotate="0" type="BLANK" hasTail="0" colorStyle="1" autoTextResize="true">
        <body rgb="16777215" shadow="1" bgAlpha="0" linergb="0" tailx="180" taily="110" paddingHorizontal="0" paddingVertical="0"/>
        <text rgb="0" alpha="100" font="Accidental Presidency" size="47" align="center" bold="false" italic="false" embed="true">character:2</text>
        <url target="top"><![CDATA[]]></url>
      </bubble>
    </bubbleAsset>
    <effectAsset id="EFFECT47" themecode="common" index="2">
      <effect x="0" y="0" w="550" h="310" rotate="0" id="cut" type="ZOOM" isCut="true" isPan="false"/>
      <x>47</x>
      <y>24</y>
      <width>550</width>
      <height>354</height>
      <speech>0</speech>
    </effectAsset>
  </scene>
  <scene id="SCENE30" adelay="60" lock="N" index="7" color="16777215" guid="79F2D767-3D51-5698-7813-16451410982B">
    <durationSetting countMinimum="1" countTransition="1" countAction="1" countBubble="1" countSpeech="1"/>
    <char id="AVATOR502" index="1" raceCode="1">
      <action face="1" motionface="1">ugc.15689601.stand.xml</action>
      <x>318</x>
      <y>212</y>
      <xscale>0.94</xscale>
      <yscale>0.94</yscale>
      <rotation>0</rotation>
    </char>
    <effectAsset id="EFFECT49" themecode="common" index="2">
      <effect x="0" y="0" w="550" h="310" rotate="0" id="cut" type="ZOOM" isCut="true" isPan="false"/>
      <x>47</x>
      <y>24</y>
      <width>550</width>
      <height>354</height>
      <speech>0</speech>
    </effectAsset>
  </scene>
  <scene id="SCENE31" adelay="60" lock="N" index="8" color="16777215" guid="6E0D3109-7A6E-4703-A663-A10298C39C5C">
    <durationSetting countMinimum="1" countTransition="1" countAction="1" countBubble="1" countSpeech="1"/>
    <bubbleAsset id="BUBBLE505" index="1">
      <x>252</x>
      <y>159</y>
      <xscale>1</xscale>
      <yscale>1</yscale>
      <rotation>0</rotation>
      <fx>easeNone</fx>
      <fxdur>0</fxdur>
      <bubble x="0" y="0" w="180" h="90" rotate="0" type="BLANK" hasTail="0" colorStyle="1" autoTextResize="true">
        <body rgb="16777215" shadow="1" bgAlpha="0" linergb="0" tailx="180" taily="110" paddingHorizontal="0" paddingVertical="0"/>
        <text rgb="0" alpha="100" font="Accidental Presidency" size="74" align="center" bold="false" italic="false" embed="true">1:talk:1</text>
        <url target="top"><![CDATA[]]></url>
      </bubble>
    </bubbleAsset>
    <effectAsset id="EFFECT51" themecode="common" index="2">
      <effect x="0" y="0" w="550" h="310" rotate="0" id="cut" type="ZOOM" isCut="true" isPan="false"/>
      <x>47</x>
      <y>24</y>
      <width>550</width>
      <height>354</height>
      <speech>0</speech>
    </effectAsset>
  </scene>
  <scene id="SCENE32" adelay="60" lock="N" index="9" color="16777215" guid="75EF4FAA-84BE-2F36-6099-DD36CDF5AD94">
    <durationSetting countMinimum="1" countTransition="1" countAction="1" countBubble="1" countSpeech="1"/>
    <bg id="cbg_coffee_shop_BG9" index="0">
      <file>custom.coffee_shop_bg.swf</file>
    </bg>
    <char id="AVATOR350" index="2" raceCode="1">
      <action face="1" motionface="1">ugc.15696177.stand.xml</action>
      <x>560</x>
      <y>257</y>
      <xscale>0.65</xscale>
      <yscale>0.65</yscale>
      <rotation>0</rotation>
    </char>
    <char id="AVATOR178" index="6" raceCode="1">
      <action face="-1" motionface="1">ugc.15693158.sit.xml</action>
      <x>52.7</x>
      <y>263.3</y>
      <xscale>0.66</xscale>
      <yscale>0.66</yscale>
      <rotation>0</rotation>
    </char>
    <char id="AVATOR66" index="9" raceCode="1">
      <action face="1" motionface="1">ugc.15689601.sit.xml</action>
      <x>391</x>
      <y>296</y>
      <xscale>0.94</xscale>
      <yscale>0.94</yscale>
      <rotation>0</rotation>
    </char>
    <char id="AVATOR67" index="11" raceCode="1">
      <action face="-1" motionface="1">ugc.15688438.sit.xml</action>
      <head id="PROP97" raceCode="1">
        <file>ugc.15688438.head.head_neutral.xml</file>
      </head>
      <x>213.6</x>
      <y>295.6</y>
      <xscale>0.93</xscale>
      <yscale>0.93</yscale>
      <rotation>0</rotation>
    </char>
    <prop id="PROP50" index="1">
      <file>custom.coffee_shop_table.swf</file>
      <x>155</x>
      <y>254</y>
      <xscale>0.45</xscale>
      <yscale>0.45</yscale>
      <face>1</face>
      <rotation>0.1</rotation>
    </prop>
    <prop id="PROP52" index="3">
      <file>custom.coffee_shop_counter.swf</file>
      <x>451</x>
      <y>298</y>
      <xscale>1</xscale>
      <yscale>1</yscale>
      <face>1</face>
      <rotation>0</rotation>
    </prop>
    <prop id="PROP75" index="4">
      <file>custom.coffee_shop_chair.swf</file>
      <x>48.8</x>
      <y>293.7</y>
      <xscale>0.7</xscale>
      <yscale>0.7</yscale>
      <face>-1</face>
      <rotation>0</rotation>
    </prop>
    <prop id="PROP55" index="5">
      <file>custom.coffee_shop_chair.swf</file>
      <x>158.2</x>
      <y>297.5</y>
      <xscale>0.71</xscale>
      <yscale>0.71</yscale>
      <face>1</face>
      <rotation>0</rotation>
    </prop>
    <prop id="PROP57" index="7">
      <file>custom.coffee_shop_table.swf</file>
      <x>113.7</x>
      <y>303.1</y>
      <xscale>0.83</xscale>
      <yscale>0.83</yscale>
      <face>1</face>
      <rotation>0.1</rotation>
    </prop>
    <prop id="PROP81" index="8">
      <file>custom.coffee_shop_chair.swf</file>
      <x>397</x>
      <y>341</y>
      <xscale>1</xscale>
      <yscale>1</yscale>
      <face>1</face>
      <rotation>0</rotation>
    </prop>
    <prop id="PROP60" index="10">
      <file>custom.coffee_shop_chair.swf</file>
      <x>208</x>
      <y>343</y>
      <xscale>1</xscale>
      <yscale>1</yscale>
      <face>-1</face>
      <rotation>0</rotation>
    </prop>
    <prop id="PROP85" index="12">
      <file>custom.coffee_shop_table.swf</file>
      <x>305</x>
      <y>345</y>
      <xscale>1</xscale>
      <yscale>1</yscale>
      <face>1</face>
      <rotation>0</rotation>
    </prop>
    <prop id="PROP62" index="13">
      <file>common.ncc_03coffee.swf</file>
      <x>274.7</x>
      <y>311.2</y>
      <xscale>0.88</xscale>
      <yscale>0.88</yscale>
      <face>1</face>
      <rotation>0</rotation>
    </prop>
    <prop id="PROP88" index="14">
      <file>common.ncc_03coffee.swf</file>
      <x>335.7</x>
      <y>308.2</y>
      <xscale>0.88</xscale>
      <yscale>0.88</yscale>
      <face>1</face>
      <rotation>0</rotation>
    </prop>
    <effectAsset id="EFFECT3" themecode="common" index="15">
      <effect x="0" y="0" w="433.5" h="244.3363636" rotate="0" id="cut" type="ZOOM" isCut="true" isPan="false"/>
      <x>97.3</x>
      <y>94.3236364</y>
      <width>433.5</width>
      <height>279.0163636</height>
      <speech>0</speech>
    </effectAsset>
  </scene>
  <scene id="SCENE33" adelay="60" lock="N" index="10" color="16777215" guid="33A8243A-1ACA-B747-6769-E583FD225A8F">
    <durationSetting countMinimum="1" countTransition="1" countAction="1" countBubble="1" countSpeech="1"/>
    <bubbleAsset id="BUBBLE506" index="1">
      <x>229</x>
      <y>142</y>
      <xscale>1</xscale>
      <yscale>1</yscale>
      <rotation>0</rotation>
      <fx>easeNone</fx>
      <fxdur>0</fxdur>
      <bubble x="0" y="0" w="180" h="90" rotate="0" type="BLANK" hasTail="0" colorStyle="1" autoTextResize="true">
        <body rgb="16777215" shadow="1" bgAlpha="0" linergb="0" tailx="180" taily="110" paddingHorizontal="0" paddingVertical="0"/>
        <text rgb="0" alpha="100" font="Accidental Presidency" size="74" align="center" bold="false" italic="false" embed="true">1:talk:2</text>
        <url target="top"><![CDATA[]]></url>
      </bubble>
    </bubbleAsset>
    <effectAsset id="EFFECT54" themecode="common" index="2">
      <effect x="0" y="0" w="550" h="310" rotate="0" id="cut" type="ZOOM" isCut="true" isPan="false"/>
      <x>47</x>
      <y>24</y>
      <width>550</width>
      <height>354</height>
      <speech>0</speech>
    </effectAsset>
  </scene>
  <scene id="SCENE34" adelay="60" lock="N" index="11" color="16777215" guid="305451FE-2D0B-3507-2C23-223F19C3EAD3">
    <durationSetting countMinimum="1" countTransition="1" countAction="1" countBubble="1" countSpeech="1"/>
    <char id="AVATOR66" index="3" raceCode="1">
      <action face="1" motionface="1">ugc.15689601.sit.xml</action>
      <x>391</x>
      <y>296</y>
      <xscale>0.94</xscale>
      <yscale>0.94</yscale>
      <rotation>0</rotation>
    </char>
    <char id="AVATOR67" index="5" raceCode="1">
      <action face="-1" motionface="1">ugc.15688438.sit.xml</action>
      <head id="PROP98" raceCode="1">
        <file>ugc.15688438.head.head_neutral.xml</file>
      </head>
      <x>213.6</x>
      <y>295.6</y>
      <xscale>0.93</xscale>
      <yscale>0.93</yscale>
      <rotation>0</rotation>
    </char>
    <prop id="PROP337" index="1">
      <file>ugc.17797176.jpg</file>
      <x>299</x>
      <y>253.9</y>
      <xscale>0.33</xscale>
      <yscale>0.33</yscale>
      <face>1</face>
      <rotation>0</rotation>
    </prop>
    <prop id="PROP258" index="2">
      <file>custom.coffee_shop_chair.swf</file>
      <x>397</x>
      <y>341</y>
      <xscale>1</xscale>
      <yscale>1</yscale>
      <face>1</face>
      <rotation>0</rotation>
    </prop>
    <prop id="PROP265" index="4">
      <file>custom.coffee_shop_chair.swf</file>
      <x>208</x>
      <y>343</y>
      <xscale>1</xscale>
      <yscale>1</yscale>
      <face>-1</face>
      <rotation>0</rotation>
    </prop>
    <prop id="PROP263" index="6">
      <file>custom.coffee_shop_table.swf</file>
      <x>305</x>
      <y>345</y>
      <xscale>1</xscale>
      <yscale>1</yscale>
      <face>1</face>
      <rotation>0</rotation>
    </prop>
    <prop id="PROP266" index="7">
      <file>common.ncc_03coffee.swf</file>
      <x>274.7</x>
      <y>311.2</y>
      <xscale>0.88</xscale>
      <yscale>0.88</yscale>
      <face>1</face>
      <rotation>0</rotation>
    </prop>
    <prop id="PROP270" index="8">
      <file>common.ncc_03coffee.swf</file>
      <x>335.7</x>
      <y>308.2</y>
      <xscale>0.88</xscale>
      <yscale>0.88</yscale>
      <face>1</face>
      <rotation>0</rotation>
    </prop>
    <effectAsset id="EFFECT3" themecode="common" index="9">
      <effect x="0" y="0" w="335.6" h="189.1563636" rotate="0" id="cut" type="ZOOM" isCut="true" isPan="false"/>
      <x>131.3</x>
      <y>146.4978182</y>
      <width>335.6</width>
      <height>216.0043636</height>
      <speech>0</speech>
    </effectAsset>
  </scene>
  <scene id="SCENE35" adelay="60" lock="N" index="12" color="16777215" guid="0EC786AB-736A-3C32-E5AE-C7E1CB3CA2A6">
    <durationSetting countMinimum="1" countTransition="1" countAction="1" countBubble="1" countSpeech="1"/>
    <bubbleAsset id="BUBBLE508" index="1">
      <x>226</x>
      <y>118</y>
      <xscale>1</xscale>
      <yscale>1</yscale>
      <rotation>0</rotation>
      <fx>easeNone</fx>
      <fxdur>0</fxdur>
      <bubble x="0" y="0" w="180" h="90" rotate="0" type="BLANK" hasTail="0" colorStyle="1" autoTextResize="true">
        <body rgb="16777215" shadow="1" bgAlpha="0" linergb="0" tailx="180" taily="110" paddingHorizontal="0" paddingVertical="0"/>
        <text rgb="0" alpha="100" font="Accidental Presidency" size="74" align="center" bold="false" italic="false" embed="true">1:talk:3</text>
        <url target="top"><![CDATA[]]></url>
      </bubble>
    </bubbleAsset>
    <effectAsset id="EFFECT57" themecode="common" index="2">
      <effect x="0" y="0" w="550" h="310" rotate="0" id="cut" type="ZOOM" isCut="true" isPan="false"/>
      <x>47</x>
      <y>24</y>
      <width>550</width>
      <height>354</height>
      <speech>0</speech>
    </effectAsset>
  </scene>
  <scene id="SCENE36" adelay="60" lock="N" index="13" color="16777215" guid="15FBE37D-3EB1-B7F2-76F9-6B7FA29607E6">
    <durationSetting countMinimum="1" countTransition="1" countAction="1" countBubble="1" countSpeech="1"/>
    <char id="AVATOR67" index="3" raceCode="1">
      <action face="-1" motionface="1">ugc.15688438.sit.xml</action>
      <head id="PROP99" raceCode="1">
        <file>ugc.15688438.head.head_neutral.xml</file>
      </head>
      <x>213.6</x>
      <y>295.6</y>
      <xscale>0.93</xscale>
      <yscale>0.93</yscale>
      <rotation>0</rotation>
    </char>
    <prop id="PROP339" index="1">
      <file>ugc.17797284.jpg</file>
      <x>239.2</x>
      <y>252.7</y>
      <xscale>0.26</xscale>
      <yscale>0.26</yscale>
      <face>1</face>
      <rotation>0</rotation>
    </prop>
    <prop id="PROP340" index="2">
      <file>custom.coffee_shop_chair.swf</file>
      <x>208</x>
      <y>343</y>
      <xscale>1</xscale>
      <yscale>1</yscale>
      <face>-1</face>
      <rotation>0</rotation>
    </prop>
    <prop id="PROP343" index="4">
      <file>custom.coffee_shop_table.swf</file>
      <x>305</x>
      <y>345</y>
      <xscale>1</xscale>
      <yscale>1</yscale>
      <face>1</face>
      <rotation>0</rotation>
    </prop>
    <prop id="PROP344" index="5">
      <file>common.ncc_03coffee.swf</file>
      <x>274.7</x>
      <y>311.2</y>
      <xscale>0.88</xscale>
      <yscale>0.88</yscale>
      <face>1</face>
      <rotation>0</rotation>
    </prop>
    <prop id="PROP345" index="6">
      <file>common.ncc_03coffee.swf</file>
      <x>335.7</x>
      <y>308.2</y>
      <xscale>0.88</xscale>
      <yscale>0.88</yscale>
      <face>1</face>
      <rotation>0</rotation>
    </prop>
    <effectAsset id="EFFECT3" themecode="common" index="7">
      <effect x="0" y="0" w="263.3" h="148.4054545" rotate="0" id="cut" type="ZOOM" isCut="true" isPan="false"/>
      <x>106.4</x>
      <y>168.7152727</y>
      <width>263.3</width>
      <height>169.4694545</height>
      <speech>0</speech>
    </effectAsset>
  </scene>
  <scene id="SCENE37" adelay="60" lock="N" index="14" color="16777215" guid="9A4D6752-C09A-702B-D926-13B37ED89E58">
    <durationSetting countMinimum="1" countTransition="1" countAction="1" countBubble="1" countSpeech="1"/>
    <bubbleAsset id="BUBBLE509" index="1">
      <x>228</x>
      <y>151</y>
      <xscale>1</xscale>
      <yscale>1</yscale>
      <rotation>0</rotation>
      <fx>easeNone</fx>
      <fxdur>0</fxdur>
      <bubble x="0" y="0" w="180" h="90" rotate="0" type="BLANK" hasTail="0" colorStyle="1" autoTextResize="true">
        <body rgb="16777215" shadow="1" bgAlpha="0" linergb="0" tailx="180" taily="110" paddingHorizontal="0" paddingVertical="0"/>
        <text rgb="0" alpha="100" font="Accidental Presidency" size="74" align="center" bold="false" italic="false" embed="true">2:talk:1</text>
        <url target="top"><![CDATA[]]></url>
      </bubble>
    </bubbleAsset>
    <effectAsset id="EFFECT60" themecode="common" index="2">
      <effect x="0" y="0" w="550" h="310" rotate="0" id="cut" type="ZOOM" isCut="true" isPan="false"/>
      <x>47</x>
      <y>24</y>
      <width>550</width>
      <height>354</height>
      <speech>0</speech>
    </effectAsset>
  </scene>
  <scene id="SCENE38" adelay="60" lock="N" index="15" color="16777215" guid="154CA3EB-3EA0-4F9B-B64E-2BF79CE7DC80">
    <durationSetting countMinimum="1" countTransition="1" countAction="1" countBubble="1" countSpeech="1"/>
    <bg id="cbg_coffee_shop_BG9" index="0">
      <file>custom.coffee_shop_bg.swf</file>
    </bg>
    <char id="AVATOR350" index="2" raceCode="1">
      <action face="1" motionface="1">ugc.15696177.stand.xml</action>
      <x>560</x>
      <y>257</y>
      <xscale>0.65</xscale>
      <yscale>0.65</yscale>
      <rotation>0</rotation>
    </char>
    <char id="AVATOR178" index="6" raceCode="1">
      <action face="-1" motionface="1">ugc.15693158.sit.xml</action>
      <x>52.7</x>
      <y>263.3</y>
      <xscale>0.66</xscale>
      <yscale>0.66</yscale>
      <rotation>0</rotation>
    </char>
    <char id="AVATOR66" index="9" raceCode="1">
      <action face="1" motionface="1">ugc.15689601.sit.xml</action>
      <head id="PROP100" raceCode="1">
        <file>ugc.15689601.head.head_neutral.xml</file>
      </head>
      <x>391</x>
      <y>296</y>
      <xscale>0.94</xscale>
      <yscale>0.94</yscale>
      <rotation>0</rotation>
    </char>
    <char id="AVATOR67" index="14" raceCode="1">
      <action face="-1" motionface="1">ugc.15688438.sit.xml</action>
      <x>213.6</x>
      <y>295.6</y>
      <xscale>0.93</xscale>
      <yscale>0.93</yscale>
      <rotation>0</rotation>
    </char>
    <prop id="PROP296" index="1">
      <file>custom.coffee_shop_table.swf</file>
      <x>155</x>
      <y>254</y>
      <xscale>0.45</xscale>
      <yscale>0.45</yscale>
      <face>1</face>
      <rotation>0.1</rotation>
    </prop>
    <prop id="PROP299" index="3">
      <file>custom.coffee_shop_counter.swf</file>
      <x>451</x>
      <y>298</y>
      <xscale>1</xscale>
      <yscale>1</yscale>
      <face>1</face>
      <rotation>0</rotation>
    </prop>
    <prop id="PROP302" index="4">
      <file>custom.coffee_shop_chair.swf</file>
      <x>48.8</x>
      <y>293.7</y>
      <xscale>0.7</xscale>
      <yscale>0.7</yscale>
      <face>-1</face>
      <rotation>0</rotation>
    </prop>
    <prop id="PROP307" index="5">
      <file>custom.coffee_shop_chair.swf</file>
      <x>158.2</x>
      <y>297.5</y>
      <xscale>0.71</xscale>
      <yscale>0.71</yscale>
      <face>1</face>
      <rotation>0</rotation>
    </prop>
    <prop id="PROP313" index="7">
      <file>custom.coffee_shop_table.swf</file>
      <x>113.7</x>
      <y>303.1</y>
      <xscale>0.83</xscale>
      <yscale>0.83</yscale>
      <face>1</face>
      <rotation>0.1</rotation>
    </prop>
    <prop id="PROP314" index="8">
      <file>custom.coffee_shop_chair.swf</file>
      <x>397</x>
      <y>341</y>
      <xscale>1</xscale>
      <yscale>1</yscale>
      <face>1</face>
      <rotation>0</rotation>
    </prop>
    <prop id="PROP317" index="10">
      <file>custom.coffee_shop_chair.swf</file>
      <x>208</x>
      <y>343</y>
      <xscale>1</xscale>
      <yscale>1</yscale>
      <face>-1</face>
      <rotation>0</rotation>
    </prop>
    <prop id="PROP318" index="11">
      <file>custom.coffee_shop_table.swf</file>
      <x>305</x>
      <y>345</y>
      <xscale>1</xscale>
      <yscale>1</yscale>
      <face>1</face>
      <rotation>0</rotation>
    </prop>
    <prop id="PROP319" index="12">
      <file>common.ncc_03coffee.swf</file>
      <x>274.7</x>
      <y>311.2</y>
      <xscale>0.88</xscale>
      <yscale>0.88</yscale>
      <face>1</face>
      <rotation>0</rotation>
    </prop>
    <prop id="PROP320" index="13">
      <file>common.ncc_03coffee.swf</file>
      <x>335.7</x>
      <y>308.2</y>
      <xscale>0.88</xscale>
      <yscale>0.88</yscale>
      <face>1</face>
      <rotation>0</rotation>
    </prop>
    <effectAsset id="EFFECT3" themecode="common" index="15">
      <effect x="0" y="0" w="433.5" h="244.3363636" rotate="0" id="cut" type="ZOOM" isCut="true" isPan="false"/>
      <x>97.3</x>
      <y>94.3236364</y>
      <width>433.5</width>
      <height>279.0163636</height>
      <speech>0</speech>
    </effectAsset>
  </scene>
  <scene id="SCENE39" adelay="60" lock="N" index="16" color="16777215" guid="6F85AB6A-D57A-FFE0-7722-D5A181E32C33">
    <durationSetting countMinimum="1" countTransition="1" countAction="1" countBubble="1" countSpeech="1"/>
    <bubbleAsset id="BUBBLE510" index="1">
      <x>276</x>
      <y>180</y>
      <xscale>1</xscale>
      <yscale>1</yscale>
      <rotation>0</rotation>
      <fx>easeNone</fx>
      <fxdur>0</fxdur>
      <bubble x="0" y="0" w="180" h="90" rotate="0" type="BLANK" hasTail="0" colorStyle="1" autoTextResize="true">
        <body rgb="16777215" shadow="1" bgAlpha="0" linergb="0" tailx="180" taily="110" paddingHorizontal="0" paddingVertical="0"/>
        <text rgb="0" alpha="100" font="Accidental Presidency" size="74" align="center" bold="false" italic="false" embed="true">2:talk:2</text>
        <url target="top"><![CDATA[]]></url>
      </bubble>
    </bubbleAsset>
    <effectAsset id="EFFECT63" themecode="common" index="2">
      <effect x="0" y="0" w="550" h="310" rotate="0" id="cut" type="ZOOM" isCut="true" isPan="false"/>
      <x>47</x>
      <y>24</y>
      <width>550</width>
      <height>354</height>
      <speech>0</speech>
    </effectAsset>
  </scene>
  <scene id="SCENE40" adelay="60" lock="N" index="17" color="16777215" guid="C141CEE0-E4EE-E415-6B9A-BA03B4FA6B50">
    <durationSetting countMinimum="1" countTransition="1" countAction="1" countBubble="1" countSpeech="1"/>
    <char id="AVATOR66" index="3" raceCode="1">
      <action face="1" motionface="1">ugc.15689601.sit.xml</action>
      <head id="PROP101" raceCode="1">
        <file>ugc.15689601.head.head_neutral.xml</file>
      </head>
      <x>391</x>
      <y>296</y>
      <xscale>0.94</xscale>
      <yscale>0.94</yscale>
      <rotation>0</rotation>
    </char>
    <char id="AVATOR67" index="5" raceCode="1">
      <action face="-1" motionface="1">ugc.15688438.sit.xml</action>
      <x>213.6</x>
      <y>295.6</y>
      <xscale>0.93</xscale>
      <yscale>0.93</yscale>
      <rotation>0</rotation>
    </char>
    <prop id="PROP346" index="1">
      <file>ugc.17797176.jpg</file>
      <x>299</x>
      <y>253.9</y>
      <xscale>0.33</xscale>
      <yscale>0.33</yscale>
      <face>1</face>
      <rotation>0</rotation>
    </prop>
    <prop id="PROP244" index="2">
      <file>custom.coffee_shop_chair.swf</file>
      <x>397</x>
      <y>341</y>
      <xscale>1</xscale>
      <yscale>1</yscale>
      <face>1</face>
      <rotation>0</rotation>
    </prop>
    <prop id="PROP247" index="4">
      <file>custom.coffee_shop_chair.swf</file>
      <x>208</x>
      <y>343</y>
      <xscale>1</xscale>
      <yscale>1</yscale>
      <face>-1</face>
      <rotation>0</rotation>
    </prop>
    <prop id="PROP246" index="6">
      <file>custom.coffee_shop_table.swf</file>
      <x>305</x>
      <y>345</y>
      <xscale>1</xscale>
      <yscale>1</yscale>
      <face>1</face>
      <rotation>0</rotation>
    </prop>
    <prop id="PROP248" index="7">
      <file>common.ncc_03coffee.swf</file>
      <x>274.7</x>
      <y>311.2</y>
      <xscale>0.88</xscale>
      <yscale>0.88</yscale>
      <face>1</face>
      <rotation>0</rotation>
    </prop>
    <prop id="PROP249" index="8">
      <file>common.ncc_03coffee.swf</file>
      <x>335.7</x>
      <y>308.2</y>
      <xscale>0.88</xscale>
      <yscale>0.88</yscale>
      <face>1</face>
      <rotation>0</rotation>
    </prop>
    <effectAsset id="EFFECT3" themecode="common" index="9">
      <effect x="0" y="0" w="335.6" h="189.1563636" rotate="0" id="cut" type="ZOOM" isCut="true" isPan="false"/>
      <x>131.3</x>
      <y>145.4978182</y>
      <width>335.6</width>
      <height>216.0043636</height>
      <speech>0</speech>
    </effectAsset>
  </scene>
  <scene id="SCENE41" adelay="60" lock="N" index="18" color="16777215" guid="4E488934-EFF4-B0F4-85F8-4B58FB44F97D">
    <durationSetting countMinimum="1" countTransition="1" countAction="1" countBubble="1" countSpeech="1"/>
    <bubbleAsset id="BUBBLE511" index="1">
      <x>209</x>
      <y>138</y>
      <xscale>1</xscale>
      <yscale>1</yscale>
      <rotation>0</rotation>
      <fx>easeNone</fx>
      <fxdur>0</fxdur>
      <bubble x="0" y="0" w="180" h="90" rotate="0" type="BLANK" hasTail="0" colorStyle="1" autoTextResize="true">
        <body rgb="16777215" shadow="1" bgAlpha="0" linergb="0" tailx="180" taily="110" paddingHorizontal="0" paddingVertical="0"/>
        <text rgb="0" alpha="100" font="Accidental Presidency" size="74" align="center" bold="false" italic="false" embed="true">2:talk:3</text>
        <url target="top"><![CDATA[]]></url>
      </bubble>
    </bubbleAsset>
    <effectAsset id="EFFECT66" themecode="common" index="2">
      <effect x="0" y="0" w="550" h="310" rotate="0" id="cut" type="ZOOM" isCut="true" isPan="false"/>
      <x>47</x>
      <y>24</y>
      <width>550</width>
      <height>354</height>
      <speech>0</speech>
    </effectAsset>
  </scene>
  <scene id="SCENE42" adelay="60" lock="N" index="19" color="16777215" guid="1E7BEC62-FDF4-0826-1D40-20CED6A2A16E">
    <durationSetting countMinimum="1" countTransition="1" countAction="1" countBubble="1" countSpeech="1"/>
    <char id="AVATOR66" index="3" raceCode="1">
      <action face="1" motionface="1">ugc.15689601.sit.xml</action>
      <head id="PROP102" raceCode="1">
        <file>ugc.15689601.head.head_neutral.xml</file>
      </head>
      <x>405</x>
      <y>296</y>
      <xscale>0.94</xscale>
      <yscale>0.94</yscale>
      <rotation>0</rotation>
    </char>
    <prop id="PROP347" index="1">
      <file>ugc.17797341.jpg</file>
      <x>400.5</x>
      <y>252.6</y>
      <xscale>0.25</xscale>
      <yscale>0.25</yscale>
      <face>1</face>
      <rotation>0</rotation>
    </prop>
    <prop id="PROP262" index="2">
      <file>custom.coffee_shop_chair.swf</file>
      <x>411</x>
      <y>341</y>
      <xscale>1</xscale>
      <yscale>1</yscale>
      <face>1</face>
      <rotation>0</rotation>
    </prop>
    <prop id="PROP267" index="4">
      <file>custom.coffee_shop_table.swf</file>
      <x>305</x>
      <y>345</y>
      <xscale>1</xscale>
      <yscale>1</yscale>
      <face>1</face>
      <rotation>0</rotation>
    </prop>
    <prop id="PROP268" index="5">
      <file>common.ncc_03coffee.swf</file>
      <x>274.7</x>
      <y>311.2</y>
      <xscale>0.88</xscale>
      <yscale>0.88</yscale>
      <face>1</face>
      <rotation>0</rotation>
    </prop>
    <prop id="PROP269" index="6">
      <file>common.ncc_03coffee.swf</file>
      <x>335.7</x>
      <y>308.2</y>
      <xscale>0.88</xscale>
      <yscale>0.88</yscale>
      <face>1</face>
      <rotation>0</rotation>
    </prop>
    <effectAsset id="EFFECT3" themecode="common" index="7">
      <effect x="0" y="0" w="244.4" h="137.7527273" rotate="0" id="cut" type="ZOOM" isCut="true" isPan="false"/>
      <x>276.8</x>
      <y>174.7976364</y>
      <width>244.4</width>
      <height>157.3047273</height>
      <speech>0</speech>
    </effectAsset>
  </scene>
  <scene id="SCENE43" adelay="60" lock="N" index="20" color="16777215" guid="8A99D318-836F-39D2-2E81-1D11D6080E75">
    <durationSetting countMinimum="1" countTransition="1" countAction="1" countBubble="1" countSpeech="1"/>
    <bubbleAsset id="BUBBLE512" index="1">
      <x>252</x>
      <y>186</y>
      <xscale>1</xscale>
      <yscale>1</yscale>
      <rotation>0</rotation>
      <fx>easeNone</fx>
      <fxdur>0</fxdur>
      <bubble x="0" y="0" w="180" h="90" rotate="0" type="BLANK" hasTail="0" colorStyle="1" autoTextResize="true">
        <body rgb="16777215" shadow="1" bgAlpha="0" linergb="0" tailx="180" taily="110" paddingHorizontal="0" paddingVertical="0"/>
        <text rgb="0" alpha="100" font="Accidental Presidency" size="65" align="center" bold="false" italic="false" embed="true">closing:1</text>
        <url target="top"><![CDATA[]]></url>
      </bubble>
    </bubbleAsset>
    <effectAsset id="EFFECT69" themecode="common" index="2">
      <effect x="0" y="0" w="550" h="310" rotate="0" id="cut" type="ZOOM" isCut="true" isPan="false"/>
      <x>47</x>
      <y>24</y>
      <width>550</width>
      <height>354</height>
      <speech>0</speech>
    </effectAsset>
  </scene>
  <scene id="SCENE44" adelay="108" lock="Y" index="21" color="16777215" guid="B07A7976-37A3-D95C-52E3-829134EB67DB">
    <bg id="cbg_coffee_shop_BG9" index="0">
      <file>custom.coffee_shop_bg.swf</file>
    </bg>
    <char id="AVATOR350" index="2" raceCode="1">
      <action face="1" motionface="1">ugc.15696177.stand.xml</action>
      <x>560</x>
      <y>257</y>
      <xscale>0.65</xscale>
      <yscale>0.65</yscale>
      <rotation>0</rotation>
    </char>
    <char id="AVATOR178" index="6" raceCode="1">
      <action face="-1" motionface="1">ugc.15693158.sit.xml</action>
      <x>52.7</x>
      <y>263.3</y>
      <xscale>0.66</xscale>
      <yscale>0.66</yscale>
      <rotation>0</rotation>
    </char>
    <char id="AVATOR66" index="9" raceCode="1">
      <action face="1" motionface="1">ugc.15689601.sit.xml</action>
      <x>391</x>
      <y>296</y>
      <xscale>0.94</xscale>
      <yscale>0.94</yscale>
      <rotation>0</rotation>
    </char>
    <char id="AVATOR67" index="11" raceCode="1">
      <action face="-1" motionface="1">ugc.15688438.sit.xml</action>
      <x>213.6</x>
      <y>295.6</y>
      <xscale>0.93</xscale>
      <yscale>0.93</yscale>
      <rotation>0</rotation>
    </char>
    <prop id="PROP272" index="1">
      <file>custom.coffee_shop_table.swf</file>
      <x>155</x>
      <y>254</y>
      <xscale>0.45</xscale>
      <yscale>0.45</yscale>
      <face>1</face>
      <rotation>0.1</rotation>
    </prop>
    <prop id="PROP274" index="3">
      <file>custom.coffee_shop_counter.swf</file>
      <x>451</x>
      <y>298</y>
      <xscale>1</xscale>
      <yscale>1</yscale>
      <face>1</face>
      <rotation>0</rotation>
    </prop>
    <prop id="PROP275" index="4">
      <file>custom.coffee_shop_chair.swf</file>
      <x>48.8</x>
      <y>293.7</y>
      <xscale>0.7</xscale>
      <yscale>0.7</yscale>
      <face>-1</face>
      <rotation>0</rotation>
    </prop>
    <prop id="PROP277" index="5">
      <file>custom.coffee_shop_chair.swf</file>
      <x>158.2</x>
      <y>297.5</y>
      <xscale>0.71</xscale>
      <yscale>0.71</yscale>
      <face>1</face>
      <rotation>0</rotation>
    </prop>
    <prop id="PROP279" index="7">
      <file>custom.coffee_shop_table.swf</file>
      <x>113.7</x>
      <y>303.1</y>
      <xscale>0.83</xscale>
      <yscale>0.83</yscale>
      <face>1</face>
      <rotation>0.1</rotation>
    </prop>
    <prop id="PROP280" index="8">
      <file>custom.coffee_shop_chair.swf</file>
      <x>397</x>
      <y>341</y>
      <xscale>1</xscale>
      <yscale>1</yscale>
      <face>1</face>
      <rotation>0</rotation>
    </prop>
    <prop id="PROP282" index="10">
      <file>custom.coffee_shop_chair.swf</file>
      <x>208</x>
      <y>343</y>
      <xscale>1</xscale>
      <yscale>1</yscale>
      <face>-1</face>
      <rotation>0</rotation>
    </prop>
    <prop id="PROP283" index="12">
      <file>custom.coffee_shop_table.swf</file>
      <x>305</x>
      <y>345</y>
      <xscale>1</xscale>
      <yscale>1</yscale>
      <face>1</face>
      <rotation>0</rotation>
    </prop>
    <prop id="PROP284" index="13">
      <file>common.ncc_03coffee.swf</file>
      <x>274.7</x>
      <y>311.2</y>
      <xscale>0.88</xscale>
      <yscale>0.88</yscale>
      <face>1</face>
      <rotation>0</rotation>
    </prop>
    <prop id="PROP285" index="14">
      <file>common.ncc_03coffee.swf</file>
      <x>335.7</x>
      <y>308.2</y>
      <xscale>0.88</xscale>
      <yscale>0.88</yscale>
      <face>1</face>
      <rotation>0</rotation>
    </prop>
    <effectAsset id="EFFECT9" themecode="common" index="15">
      <effect x="0" y="0" w="550" h="310" rotate="0" id="fadeOutEx" type="FADING" isIn="false" isOut="true"/>
      <x>47</x>
      <y>24</y>
      <width>550</width>
      <height>354</height>
      <speech>0</speech>
      <st>13</st>
      <et>108</et>
    </effectAsset>
    <effectAsset id="EFFECT3" themecode="common" index="16">
      <effect x="0" y="0" w="454.7" h="256.2854545" rotate="0" id="cut" type="ZOOM" isCut="true" isPan="false"/>
      <x>82.6</x>
      <y>81.5265455</y>
      <width>454.7</width>
      <height>292.6614545</height>
      <speech>0</speech>
    </effectAsset>
  </scene>
</film>
