<?xml version="1.0"?>
<film copyable="0" duration="57.7" published="0" pshare="0" isWide="1">
  <meta>
    <title>B.F.D.E.?</title>
    <tag/>
    <hiddenTag/>
    <desc></desc>
    <mver><![CDATA[4]]></mver>
    <studio>a76d829cef09f7bb9bef739f686c0449acbaded8</studio>
    <thumbnail index="0"/>
    <palette>
      <color value="333333"/>
      <color value="999999"/>
      <color value="fbfbfb"/>
      <color value="669999"/>
      <color value="55bbaa"/>
      <color value="7fbb11"/>
      <color value="15709b"/>
      <color value="9a5d1"/>
      <color value="6ab8d6"/>
      <color value="da2021"/>
      <color value="fecd31"/>
      <color value="28c6c1"/>
      <color value="37444f"/>
    </palette>
  </meta>
  <scene id="SCENE23" adelay="66" lock="Y" index="0" color="16777215" guid="6B6B6BEB-E12E-B621-4444-D87F783B05A6">
    <bg id="BG2" index="0">
      <file>custom.restaurant_int_bg.swf</file>
      <dcsn>9532</dcsn>
      <color r="ccColorA" oc="0x0">5979730</color>
    </bg>
    <prop id="PROP180" index="1">
      <file>custom.restaurant_int_column.swf</file>
      <x>324.1</x>
      <y>144.6</y>
      <xscale>1</xscale>
      <yscale>1</yscale>
      <face>1</face>
      <rotation>0</rotation>
    </prop>
    <prop id="PROP181" index="2">
      <file>custom.restaurant_int_chair.swf</file>
      <x>79.1</x>
      <y>250.6</y>
      <xscale>0.72</xscale>
      <yscale>0.72</yscale>
      <face>1</face>
      <rotation>0</rotation>
      <dcsn>9516</dcsn>
      <color r="ccColorA" oc="0x0">7021109</color>
    </prop>
    <prop id="PROP184" index="3">
      <file>custom.restaurant_int_chair.swf</file>
      <x>524.2</x>
      <y>236.8</y>
      <xscale>0.64</xscale>
      <yscale>0.64</yscale>
      <face>-1</face>
      <rotation>0</rotation>
      <dcsn>9516</dcsn>
      <color r="ccColorA" oc="0x0">7021109</color>
    </prop>
    <prop id="PROP186" index="4">
      <file>custom.restaurant_int_table.swf</file>
      <x>579.8</x>
      <y>268</y>
      <xscale>0.59</xscale>
      <yscale>0.59</yscale>
      <face>1</face>
      <rotation>0</rotation>
    </prop>
    <prop id="PROP187" index="5">
      <file>custom.restaurant_int_table.swf</file>
      <x>26.1</x>
      <y>291.6</y>
      <xscale>0.72</xscale>
      <yscale>0.72</yscale>
      <face>-1</face>
      <rotation>0</rotation>
    </prop>
    <prop id="PROP188" index="6">
      <file>custom.restaurant_int_chair.swf</file>
      <x>427.3</x>
      <y>288.2</y>
      <xscale>1</xscale>
      <yscale>1</yscale>
      <face>1</face>
      <rotation>0</rotation>
      <dcsn>9516</dcsn>
      <color r="ccColorA" oc="0x0">7021109</color>
    </prop>
    <prop id="PROP189" index="7">
      <file>custom.restaurant_int_chair.swf</file>
      <x>198.9</x>
      <y>285.2</y>
      <xscale>1</xscale>
      <yscale>1</yscale>
      <face>-1</face>
      <rotation>0</rotation>
      <dcsn>9516</dcsn>
      <color r="ccColorA" oc="0x0">7021109</color>
    </prop>
    <prop id="PROP192" index="8">
      <file>custom.restaurant_int_table.swf</file>
      <x>312.1</x>
      <y>329.6</y>
      <xscale>1</xscale>
      <yscale>1</yscale>
      <face>1</face>
      <rotation>0</rotation>
    </prop>
    <prop id="PROP193" index="9">
      <file>custom.msp_dishes.msp_dishes_restaurant_int_food.swf</file>
      <x>366.1</x>
      <y>249.6</y>
      <xscale>1</xscale>
      <yscale>1</yscale>
      <face>1</face>
      <rotation>0</rotation>
    </prop>
    <prop id="PROP194" index="10">
      <file>custom.cc_vase.swf</file>
      <x>31</x>
      <y>216</y>
      <xscale>0.97</xscale>
      <yscale>0.58</yscale>
      <face>1</face>
      <rotation>0</rotation>
      <dcsn>9205</dcsn>
      <color r="ccColorA" oc="0x0">10027008</color>
    </prop>
    <prop id="PROP195" index="11">
      <file>custom.msp_dishes.msp_dishes_restaurant_int_food.swf</file>
      <x>258.1</x>
      <y>248.6</y>
      <xscale>1</xscale>
      <yscale>1</yscale>
      <face>-1</face>
      <rotation>0</rotation>
    </prop>
    <prop id="PROP196" index="12">
      <file>custom.msp_dishes.msp_dishes_restaurant_int_food.swf</file>
      <x>558.1</x>
      <y>217.6</y>
      <xscale>0.73</xscale>
      <yscale>0.73</yscale>
      <face>-1</face>
      <rotation>0</rotation>
    </prop>
    <prop id="PROP197" index="13">
      <file>custom.cc_vase.swf</file>
      <x>594</x>
      <y>204.7</y>
      <xscale>0.97</xscale>
      <yscale>0.58</yscale>
      <face>1</face>
      <rotation>0</rotation>
      <dcsn>9205</dcsn>
      <color r="ccColorA" oc="0x0">10027008</color>
    </prop>
    <effectAsset id="EFFECT38" themecode="common" index="14">
      <effect x="0" y="0" w="550" h="310" rotate="0" id="cut" type="ZOOM" isCut="true" isPan="false"/>
      <x>47</x>
      <y>24</y>
      <width>550</width>
      <height>354</height>
      <speech>0</speech>
    </effectAsset>
  </scene>
  <scene id="SCENE24" adelay="60" lock="N" index="1" color="16777215" guid="B087C3B1-CCA8-1DFA-E43C-C7E6CA712DC0">
    <durationSetting countMinimum="1" countTransition="1" countAction="1" countBubble="1" countSpeech="1"/>
    <bubbleAsset id="BUBBLE520" index="1">
      <x>200</x>
      <y>169</y>
      <xscale>1</xscale>
      <yscale>1</yscale>
      <rotation>0</rotation>
      <fx>easeNone</fx>
      <fxdur>0</fxdur>
      <bubble x="0" y="0" w="180" h="90" rotate="0" type="BLANK" hasTail="0" colorStyle="1" autoTextResize="true">
        <body rgb="16777215" shadow="1" bgAlpha="0" linergb="0" tailx="180" taily="110" paddingHorizontal="0" paddingVertical="0"/>
        <text rgb="0" alpha="100" font="Accidental Presidency" size="60" align="center" bold="false" italic="false" embed="true">opening:1</text>
        <url target="top"><![CDATA[]]></url>
      </bubble>
    </bubbleAsset>
    <effectAsset id="EFFECT40" themecode="common" index="2">
      <effect x="0" y="0" w="550" h="310" rotate="0" id="cut" type="ZOOM" isCut="true" isPan="false"/>
      <x>47</x>
      <y>24</y>
      <width>550</width>
      <height>354</height>
      <speech>0</speech>
    </effectAsset>
  </scene>
  <scene id="SCENE25" adelay="60" lock="N" index="2" color="16777215" guid="B374B79B-DE3D-0CE6-3B09-BC603857E55D">
    <durationSetting countMinimum="1" countTransition="1" countAction="1" countBubble="1" countSpeech="1"/>
    <bg id="BG2" index="0">
      <file>custom.restaurant_ext_bg.swf</file>
    </bg>
    <prop id="PROP26" index="1">
      <file>custom.msp_door02.msp_door02_restaurant_ext_doorclosed.swf</file>
      <x>239</x>
      <y>289</y>
      <xscale>1</xscale>
      <yscale>1</yscale>
      <face>1</face>
      <rotation>0</rotation>
      <dcsn>9512</dcsn>
      <color r="ccColorA" oc="0x0">5783370</color>
    </prop>
    <prop id="PROP9" index="2">
      <file>custom.restaurant_ext_booth.swf</file>
      <x>95</x>
      <y>267</y>
      <xscale>1</xscale>
      <yscale>1</yscale>
      <face>1</face>
      <rotation>0</rotation>
    </prop>
    <effectAsset id="EFFECT1" themecode="common" index="3">
      <effect x="0" y="0" w="550" h="310" rotate="0" id="fadeInEx" type="FADING" isIn="true" isOut="false"/>
      <x>47</x>
      <y>24</y>
      <width>550</width>
      <height>354</height>
      <speech>0</speech>
    </effectAsset>
    <effectAsset id="EFFECT42" themecode="common" index="4">
      <effect x="0" y="0" w="550" h="310" rotate="0" id="cut" type="ZOOM" isCut="true" isPan="false"/>
      <x>47</x>
      <y>24</y>
      <width>550</width>
      <height>354</height>
      <speech>0</speech>
    </effectAsset>
  </scene>
  <scene id="SCENE26" adelay="65" lock="Y" index="3" color="16777215" guid="11255CB6-43ED-7210-3094-886B2DC85079">
    <bg id="BG2" index="0">
      <file>custom.restaurant_int_bg.swf</file>
      <dcsn>9532</dcsn>
      <color r="ccColorA" oc="0x0">5979730</color>
    </bg>
    <char id="AVATOR189" index="3" raceCode="1">
      <action face="1" motionface="1">ugc.15696177.sit.xml</action>
      <head id="PROP109" raceCode="1">
        <file>ugc.15696177.head.head_happy.xml</file>
      </head>
      <x>83</x>
      <y>215</y>
      <xscale>0.85</xscale>
      <yscale>0.85</yscale>
      <rotation>0</rotation>
    </char>
    <char id="AVATOR192" index="5" raceCode="1">
      <action face="-1" motionface="1">ugc.15693158.sit.xml</action>
      <x>530.4</x>
      <y>200.4</y>
      <xscale>0.75</xscale>
      <yscale>0.75</yscale>
      <rotation>0</rotation>
    </char>
    <char id="AVATOR180" index="10" raceCode="1">
      <action face="-1" motionface="1">ugc.15688438.sit.xml</action>
      <x>193</x>
      <y>236.8</y>
      <xscale>1</xscale>
      <yscale>1</yscale>
      <rotation>0</rotation>
    </char>
    <char id="AVATOR181" index="11" raceCode="1">
      <action face="1" motionface="1">ugc.15689601.sit.xml</action>
      <x>436.8</x>
      <y>243.8</y>
      <xscale>1</xscale>
      <yscale>1</yscale>
      <rotation>0</rotation>
    </char>
    <prop id="PROP39" index="1">
      <file>custom.restaurant_int_column.swf</file>
      <x>324.1</x>
      <y>144.6</y>
      <xscale>1</xscale>
      <yscale>1</yscale>
      <face>1</face>
      <rotation>0</rotation>
    </prop>
    <prop id="PROP38" index="2">
      <file>custom.restaurant_int_chair.swf</file>
      <x>79.1</x>
      <y>250.6</y>
      <xscale>0.72</xscale>
      <yscale>0.72</yscale>
      <face>1</face>
      <rotation>0</rotation>
      <dcsn>9516</dcsn>
      <color r="ccColorA" oc="0x0">7021109</color>
    </prop>
    <prop id="PROP37" index="4">
      <file>custom.restaurant_int_chair.swf</file>
      <x>524.2</x>
      <y>236.8</y>
      <xscale>0.64</xscale>
      <yscale>0.64</yscale>
      <face>-1</face>
      <rotation>0</rotation>
      <dcsn>9516</dcsn>
      <color r="ccColorA" oc="0x0">7021109</color>
    </prop>
    <prop id="PROP41" index="6">
      <file>custom.restaurant_int_table.swf</file>
      <x>579.8</x>
      <y>268</y>
      <xscale>0.59</xscale>
      <yscale>0.59</yscale>
      <face>1</face>
      <rotation>0</rotation>
    </prop>
    <prop id="PROP35" index="7">
      <file>custom.restaurant_int_table.swf</file>
      <x>26.1</x>
      <y>291.6</y>
      <xscale>0.72</xscale>
      <yscale>0.72</yscale>
      <face>-1</face>
      <rotation>0</rotation>
    </prop>
    <prop id="PROP44" index="8">
      <file>custom.restaurant_int_chair.swf</file>
      <x>427.3</x>
      <y>288.2</y>
      <xscale>1</xscale>
      <yscale>1</yscale>
      <face>1</face>
      <rotation>0</rotation>
      <dcsn>9516</dcsn>
      <color r="ccColorA" oc="0x0">7021109</color>
    </prop>
    <prop id="PROP45" index="9">
      <file>custom.restaurant_int_chair.swf</file>
      <x>198.9</x>
      <y>285.2</y>
      <xscale>1</xscale>
      <yscale>1</yscale>
      <face>-1</face>
      <rotation>0</rotation>
      <dcsn>9516</dcsn>
      <color r="ccColorA" oc="0x0">7021109</color>
    </prop>
    <prop id="PROP32" index="12">
      <file>custom.restaurant_int_table.swf</file>
      <x>312.1</x>
      <y>329.6</y>
      <xscale>1</xscale>
      <yscale>1</yscale>
      <face>1</face>
      <rotation>0</rotation>
    </prop>
    <prop id="PROP30" index="13">
      <file>custom.msp_dishes.msp_dishes_restaurant_int_food.swf</file>
      <x>366.1</x>
      <y>249.6</y>
      <xscale>1</xscale>
      <yscale>1</yscale>
      <face>1</face>
      <rotation>0</rotation>
    </prop>
    <prop id="PROP50" index="14">
      <file>custom.cc_vase.swf</file>
      <x>31</x>
      <y>216</y>
      <xscale>0.97</xscale>
      <yscale>0.58</yscale>
      <face>1</face>
      <rotation>0</rotation>
      <dcsn>9205</dcsn>
      <color r="ccColorA" oc="0x0">10027008</color>
    </prop>
    <prop id="PROP51" index="15">
      <file>custom.msp_dishes.msp_dishes_restaurant_int_food.swf</file>
      <x>258.1</x>
      <y>248.6</y>
      <xscale>1</xscale>
      <yscale>1</yscale>
      <face>-1</face>
      <rotation>0</rotation>
    </prop>
    <prop id="PROP52" index="16">
      <file>custom.msp_dishes.msp_dishes_restaurant_int_food.swf</file>
      <x>558.1</x>
      <y>217.6</y>
      <xscale>0.73</xscale>
      <yscale>0.73</yscale>
      <face>-1</face>
      <rotation>0</rotation>
    </prop>
    <prop id="PROP53" index="17">
      <file>custom.cc_vase.swf</file>
      <x>594</x>
      <y>204.7</y>
      <xscale>0.97</xscale>
      <yscale>0.58</yscale>
      <face>1</face>
      <rotation>0</rotation>
      <dcsn>9205</dcsn>
      <color r="ccColorA" oc="0x0">10027008</color>
    </prop>
    <effectAsset id="EFFECT2" themecode="common" index="18">
      <effect x="0" y="0" w="487.9" h="274.9981818" rotate="0" id="zoom" type="ZOOM" isCut="false" isPan="false"/>
      <x>78.1</x>
      <y>43.9849091</y>
      <width>487.9</width>
      <height>314.0301818</height>
      <speech>0</speech>
    </effectAsset>
  </scene>
  <scene id="SCENE27" adelay="60" lock="N" index="4" color="16777215" guid="3E5869B6-0D4E-612C-D70C-8470970E901E">
    <durationSetting countMinimum="1" countTransition="1" countAction="1" countBubble="1" countSpeech="1"/>
    <bubbleAsset id="BUBBLE521" index="1">
      <x>313</x>
      <y>162</y>
      <xscale>1</xscale>
      <yscale>1</yscale>
      <rotation>0</rotation>
      <fx>easeNone</fx>
      <fxdur>0</fxdur>
      <bubble x="0" y="0" w="180" h="90" rotate="0" type="BLANK" hasTail="0" colorStyle="1" autoTextResize="true">
        <body rgb="16777215" shadow="1" bgAlpha="0" linergb="0" tailx="180" taily="110" paddingHorizontal="0" paddingVertical="0"/>
        <text rgb="0" alpha="100" font="Accidental Presidency" size="48" align="center" bold="false" italic="false" embed="true">character:1</text>
        <url target="top"><![CDATA[]]></url>
      </bubble>
    </bubbleAsset>
    <effectAsset id="EFFECT45" themecode="common" index="2">
      <effect x="0" y="0" w="550" h="310" rotate="0" id="cut" type="ZOOM" isCut="true" isPan="false"/>
      <x>47</x>
      <y>24</y>
      <width>550</width>
      <height>354</height>
      <speech>0</speech>
    </effectAsset>
  </scene>
  <scene id="SCENE28" adelay="60" lock="N" index="5" color="16777215" guid="D6731C6B-3715-0226-DA55-C8B48FAB87F3">
    <durationSetting countMinimum="1" countTransition="1" countAction="1" countBubble="1" countSpeech="1"/>
    <char id="AVATOR522" index="1" raceCode="1">
      <action face="-1" motionface="1">ugc.15688438.sit.xml</action>
      <x>292</x>
      <y>218.8</y>
      <xscale>1</xscale>
      <yscale>1</yscale>
      <rotation>0</rotation>
    </char>
    <effectAsset id="EFFECT47" themecode="common" index="2">
      <effect x="0" y="0" w="550" h="310" rotate="0" id="cut" type="ZOOM" isCut="true" isPan="false"/>
      <x>47</x>
      <y>24</y>
      <width>550</width>
      <height>354</height>
      <speech>0</speech>
    </effectAsset>
  </scene>
  <scene id="SCENE29" adelay="60" lock="N" index="6" color="16777215" guid="97D466B7-E6B4-2171-9C81-6C11040AA3F6">
    <durationSetting countMinimum="1" countTransition="1" countAction="1" countBubble="1" countSpeech="1"/>
    <bubbleAsset id="BUBBLE524" index="1">
      <x>236</x>
      <y>158</y>
      <xscale>1</xscale>
      <yscale>1</yscale>
      <rotation>0</rotation>
      <fx>easeNone</fx>
      <fxdur>0</fxdur>
      <bubble x="0" y="0" w="180" h="90" rotate="0" type="BLANK" hasTail="0" colorStyle="1" autoTextResize="true">
        <body rgb="16777215" shadow="1" bgAlpha="0" linergb="0" tailx="180" taily="110" paddingHorizontal="0" paddingVertical="0"/>
        <text rgb="0" alpha="100" font="Accidental Presidency" size="47" align="center" bold="false" italic="false" embed="true">character:2</text>
        <url target="top"><![CDATA[]]></url>
      </bubble>
    </bubbleAsset>
    <effectAsset id="EFFECT49" themecode="common" index="2">
      <effect x="0" y="0" w="550" h="310" rotate="0" id="cut" type="ZOOM" isCut="true" isPan="false"/>
      <x>47</x>
      <y>24</y>
      <width>550</width>
      <height>354</height>
      <speech>0</speech>
    </effectAsset>
  </scene>
  <scene id="SCENE30" adelay="60" lock="N" index="7" color="16777215" guid="C0E6ECC2-3013-4A26-1E63-E0415DB39919">
    <durationSetting countMinimum="1" countTransition="1" countAction="1" countBubble="1" countSpeech="1"/>
    <char id="AVATOR525" index="1" raceCode="1">
      <action face="1" motionface="1">ugc.15689601.sit.xml</action>
      <x>436.8</x>
      <y>243.8</y>
      <xscale>1</xscale>
      <yscale>1</yscale>
      <rotation>0</rotation>
    </char>
    <effectAsset id="EFFECT51" themecode="common" index="2">
      <effect x="0" y="0" w="550" h="310" rotate="0" id="cut" type="ZOOM" isCut="true" isPan="false"/>
      <x>47</x>
      <y>24</y>
      <width>550</width>
      <height>354</height>
      <speech>0</speech>
    </effectAsset>
  </scene>
  <scene id="SCENE31" adelay="60" lock="N" index="8" color="16777215" guid="564519C0-CD94-8169-599C-38C85328DEC8">
    <durationSetting countMinimum="1" countTransition="1" countAction="1" countBubble="1" countSpeech="1"/>
    <bubbleAsset id="BUBBLE527" index="1">
      <x>206</x>
      <y>133</y>
      <xscale>1</xscale>
      <yscale>1</yscale>
      <rotation>0</rotation>
      <fx>easeNone</fx>
      <fxdur>0</fxdur>
      <bubble x="0" y="0" w="180" h="90" rotate="0" type="BLANK" hasTail="0" colorStyle="1" autoTextResize="true">
        <body rgb="16777215" shadow="1" bgAlpha="0" linergb="0" tailx="180" taily="110" paddingHorizontal="0" paddingVertical="0"/>
        <text rgb="0" alpha="100" font="Accidental Presidency" size="74" align="center" bold="false" italic="false" embed="true">1:talk:1</text>
        <url target="top"><![CDATA[]]></url>
      </bubble>
    </bubbleAsset>
    <effectAsset id="EFFECT53" themecode="common" index="2">
      <effect x="0" y="0" w="550" h="310" rotate="0" id="cut" type="ZOOM" isCut="true" isPan="false"/>
      <x>47</x>
      <y>24</y>
      <width>550</width>
      <height>354</height>
      <speech>0</speech>
    </effectAsset>
  </scene>
  <scene id="SCENE32" adelay="72" lock="Y" index="9" color="16777215" guid="315054B0-487F-8C8F-4D7E-0DDA7414687D">
    <bg id="BG411" index="0">
      <file>ugc.17793232.swf</file>
    </bg>
    <char id="AVATOR237" index="3" raceCode="1">
      <action face="-1" motionface="1">ugc.15688438.talk.xml</action>
      <head id="PROP110" raceCode="1">
        <file>ugc.15688438.head.head_neutral.xml</file>
      </head>
      <x>193</x>
      <y>255.8</y>
      <xscale>1</xscale>
      <yscale>1</yscale>
      <rotation>0</rotation>
    </char>
    <prop id="PROP56" index="1">
      <file>custom.restaurant_int_chair.swf</file>
      <x>427.3</x>
      <y>288.2</y>
      <xscale>1</xscale>
      <yscale>1</yscale>
      <face>1</face>
      <rotation>0</rotation>
      <color r="ccColorA" oc="0x0">7021109</color>
    </prop>
    <prop id="PROP57" index="2">
      <file>custom.restaurant_int_chair.swf</file>
      <x>198.9</x>
      <y>285.2</y>
      <xscale>1</xscale>
      <yscale>1</yscale>
      <face>-1</face>
      <rotation>0</rotation>
      <color r="ccColorA" oc="0x0">7021109</color>
    </prop>
    <prop id="PROP59" index="4">
      <file>custom.restaurant_int_table.swf</file>
      <x>312.1</x>
      <y>329.6</y>
      <xscale>1</xscale>
      <yscale>1</yscale>
      <face>1</face>
      <rotation>0</rotation>
    </prop>
    <prop id="PROP60" index="5">
      <file>custom.msp_dishes.msp_dishes_restaurant_int_food.swf</file>
      <x>366.1</x>
      <y>249.6</y>
      <xscale>1</xscale>
      <yscale>1</yscale>
      <face>1</face>
      <rotation>0</rotation>
    </prop>
    <prop id="PROP61" index="6">
      <file>custom.msp_dishes.msp_dishes_restaurant_int_food.swf</file>
      <x>258.1</x>
      <y>248.6</y>
      <xscale>1</xscale>
      <yscale>1</yscale>
      <face>-1</face>
      <rotation>0</rotation>
    </prop>
    <effectAsset id="EFFECT2" themecode="common" index="7">
      <effect x="0" y="0" w="287.2" h="161.8763636" rotate="0" id="cut" type="ZOOM" isCut="true" isPan="false"/>
      <x>57.4</x>
      <y>104.5738182</y>
      <width>287.2</width>
      <height>184.8523636</height>
      <speech>0</speech>
    </effectAsset>
  </scene>
  <scene id="SCENE33" adelay="60" lock="N" index="10" color="16777215" guid="3F0E58DE-B527-FF22-B02B-7A54AD21FC6B">
    <durationSetting countMinimum="1" countTransition="1" countAction="1" countBubble="1" countSpeech="1"/>
    <bubbleAsset id="BUBBLE530" index="1">
      <x>259</x>
      <y>168</y>
      <xscale>1</xscale>
      <yscale>1</yscale>
      <rotation>0</rotation>
      <fx>easeNone</fx>
      <fxdur>0</fxdur>
      <bubble x="0" y="0" w="180" h="90" rotate="0" type="BLANK" hasTail="0" colorStyle="1" autoTextResize="true">
        <body rgb="16777215" shadow="1" bgAlpha="0" linergb="0" tailx="180" taily="110" paddingHorizontal="0" paddingVertical="0"/>
        <text rgb="0" alpha="100" font="Accidental Presidency" size="74" align="center" bold="false" italic="false" embed="true">1:talk:2</text>
        <url target="top"><![CDATA[]]></url>
      </bubble>
    </bubbleAsset>
    <effectAsset id="EFFECT56" themecode="common" index="2">
      <effect x="0" y="0" w="550" h="310" rotate="0" id="cut" type="ZOOM" isCut="true" isPan="false"/>
      <x>47</x>
      <y>24</y>
      <width>550</width>
      <height>354</height>
      <speech>0</speech>
    </effectAsset>
  </scene>
  <scene id="SCENE34" adelay="72" lock="Y" index="11" color="16777215" guid="FC9FC181-E9D0-4811-4207-4FBA1790D717">
    <bg id="BG413" index="0">
      <file>ugc.17793232.swf</file>
    </bg>
    <char id="AVATOR237" index="2" raceCode="1">
      <action face="-1" motionface="1">ugc.15688438.talk.xml</action>
      <head id="PROP111" raceCode="1">
        <file>ugc.15688438.head.head_neutral.xml</file>
      </head>
      <x>193</x>
      <y>255.8</y>
      <xscale>1</xscale>
      <yscale>1</yscale>
      <rotation>0</rotation>
    </char>
    <prop id="PROP97" index="1">
      <file>custom.restaurant_int_chair.swf</file>
      <x>198.9</x>
      <y>285.2</y>
      <xscale>1</xscale>
      <yscale>1</yscale>
      <face>-1</face>
      <rotation>0</rotation>
      <color r="ccColorA" oc="0x0">7021109</color>
    </prop>
    <prop id="PROP100" index="3">
      <file>custom.restaurant_int_table.swf</file>
      <x>312.1</x>
      <y>329.6</y>
      <xscale>1</xscale>
      <yscale>1</yscale>
      <face>1</face>
      <rotation>0</rotation>
    </prop>
    <prop id="PROP101" index="4">
      <file>custom.msp_dishes.msp_dishes_restaurant_int_food.swf</file>
      <x>366.1</x>
      <y>249.6</y>
      <xscale>1</xscale>
      <yscale>1</yscale>
      <face>1</face>
      <rotation>0</rotation>
    </prop>
    <prop id="PROP103" index="5">
      <file>custom.msp_dishes.msp_dishes_restaurant_int_food.swf</file>
      <x>258.1</x>
      <y>248.6</y>
      <xscale>1</xscale>
      <yscale>1</yscale>
      <face>-1</face>
      <rotation>0</rotation>
    </prop>
    <effectAsset id="EFFECT2" themecode="common" index="6">
      <effect x="0" y="0" w="203.3" h="114.5872727" rotate="0" id="cut" type="ZOOM" isCut="true" isPan="false"/>
      <x>93.3</x>
      <y>117.5243636</y>
      <width>203.3</width>
      <height>130.8512727</height>
      <speech>0</speech>
    </effectAsset>
  </scene>
  <scene id="SCENE35" adelay="60" lock="N" index="12" color="16777215" guid="12280B52-2031-1137-0EF3-47C88B7A99DE">
    <durationSetting countMinimum="1" countTransition="1" countAction="1" countBubble="1" countSpeech="1"/>
    <bubbleAsset id="BUBBLE532" index="1">
      <x>254</x>
      <y>150</y>
      <xscale>1</xscale>
      <yscale>1</yscale>
      <rotation>0</rotation>
      <fx>easeNone</fx>
      <fxdur>0</fxdur>
      <bubble x="0" y="0" w="180" h="90" rotate="0" type="BLANK" hasTail="0" colorStyle="1" autoTextResize="true">
        <body rgb="16777215" shadow="1" bgAlpha="0" linergb="0" tailx="180" taily="110" paddingHorizontal="0" paddingVertical="0"/>
        <text rgb="0" alpha="100" font="Accidental Presidency" size="74" align="center" bold="false" italic="false" embed="true">1:talk:3</text>
        <url target="top"><![CDATA[]]></url>
      </bubble>
    </bubbleAsset>
    <effectAsset id="EFFECT59" themecode="common" index="2">
      <effect x="0" y="0" w="550" h="310" rotate="0" id="cut" type="ZOOM" isCut="true" isPan="false"/>
      <x>47</x>
      <y>24</y>
      <width>550</width>
      <height>354</height>
      <speech>0</speech>
    </effectAsset>
  </scene>
  <scene id="SCENE36" adelay="60" lock="N" index="13" color="16777215" guid="E22CBA5C-7257-80BE-898E-F22CE0B699B2">
    <durationSetting countMinimum="1" countTransition="1" countAction="1" countBubble="1" countSpeech="1"/>
    <bg id="BG2" index="0">
      <file>custom.restaurant_int_bg.swf</file>
      <color r="ccColorA" oc="0x0">5979730</color>
    </bg>
    <char id="AVATOR189" index="3" raceCode="1">
      <action face="1" motionface="1">ugc.15696177.sit.xml</action>
      <head id="PROP112" raceCode="1">
        <file>ugc.15696177.head.head_happy.xml</file>
      </head>
      <x>83</x>
      <y>215</y>
      <xscale>0.85</xscale>
      <yscale>0.85</yscale>
      <rotation>0</rotation>
    </char>
    <char id="AVATOR192" index="5" raceCode="1">
      <action face="-1" motionface="1">ugc.15693158.sit.xml</action>
      <x>530.4</x>
      <y>200.4</y>
      <xscale>0.75</xscale>
      <yscale>0.75</yscale>
      <rotation>0</rotation>
    </char>
    <char id="AVATOR180" index="10" raceCode="1">
      <action face="-1" motionface="1">ugc.15688438.sit.xml</action>
      <head id="PROP113" raceCode="1">
        <file>ugc.15688438.head.head_neutral.xml</file>
      </head>
      <x>193</x>
      <y>236.8</y>
      <xscale>1</xscale>
      <yscale>1</yscale>
      <rotation>0</rotation>
    </char>
    <char id="AVATOR181" index="11" raceCode="1">
      <action face="1" motionface="1">ugc.15689601.sit.xml</action>
      <x>436.8</x>
      <y>243.8</y>
      <xscale>1</xscale>
      <yscale>1</yscale>
      <rotation>0</rotation>
    </char>
    <prop id="PROP124" index="1">
      <file>custom.restaurant_int_column.swf</file>
      <x>324.1</x>
      <y>144.6</y>
      <xscale>1</xscale>
      <yscale>1</yscale>
      <face>1</face>
      <rotation>0</rotation>
    </prop>
    <prop id="PROP125" index="2">
      <file>custom.restaurant_int_chair.swf</file>
      <x>79.1</x>
      <y>250.6</y>
      <xscale>0.72</xscale>
      <yscale>0.72</yscale>
      <face>1</face>
      <rotation>0</rotation>
      <color r="ccColorA" oc="0x0">7021109</color>
    </prop>
    <prop id="PROP128" index="4">
      <file>custom.restaurant_int_chair.swf</file>
      <x>524.2</x>
      <y>236.8</y>
      <xscale>0.64</xscale>
      <yscale>0.64</yscale>
      <face>-1</face>
      <rotation>0</rotation>
      <color r="ccColorA" oc="0x0">7021109</color>
    </prop>
    <prop id="PROP130" index="6">
      <file>custom.restaurant_int_table.swf</file>
      <x>579.8</x>
      <y>268</y>
      <xscale>0.59</xscale>
      <yscale>0.59</yscale>
      <face>1</face>
      <rotation>0</rotation>
    </prop>
    <prop id="PROP131" index="7">
      <file>custom.restaurant_int_table.swf</file>
      <x>26.1</x>
      <y>291.6</y>
      <xscale>0.72</xscale>
      <yscale>0.72</yscale>
      <face>-1</face>
      <rotation>0</rotation>
    </prop>
    <prop id="PROP132" index="8">
      <file>custom.restaurant_int_chair.swf</file>
      <x>427.3</x>
      <y>288.2</y>
      <xscale>1</xscale>
      <yscale>1</yscale>
      <face>1</face>
      <rotation>0</rotation>
      <color r="ccColorA" oc="0x0">7021109</color>
    </prop>
    <prop id="PROP133" index="9">
      <file>custom.restaurant_int_chair.swf</file>
      <x>198.9</x>
      <y>285.2</y>
      <xscale>1</xscale>
      <yscale>1</yscale>
      <face>-1</face>
      <rotation>0</rotation>
      <color r="ccColorA" oc="0x0">7021109</color>
    </prop>
    <prop id="PROP137" index="12">
      <file>custom.restaurant_int_table.swf</file>
      <x>312.1</x>
      <y>329.6</y>
      <xscale>1</xscale>
      <yscale>1</yscale>
      <face>1</face>
      <rotation>0</rotation>
    </prop>
    <prop id="PROP138" index="13">
      <file>custom.msp_dishes.msp_dishes_restaurant_int_food.swf</file>
      <x>366.1</x>
      <y>249.6</y>
      <xscale>1</xscale>
      <yscale>1</yscale>
      <face>1</face>
      <rotation>0</rotation>
    </prop>
    <prop id="PROP139" index="14">
      <file>custom.cc_vase.swf</file>
      <x>31</x>
      <y>216</y>
      <xscale>0.97</xscale>
      <yscale>0.58</yscale>
      <face>1</face>
      <rotation>0</rotation>
      <color r="ccColorA" oc="0x0">10027008</color>
    </prop>
    <prop id="PROP140" index="15">
      <file>custom.msp_dishes.msp_dishes_restaurant_int_food.swf</file>
      <x>258.1</x>
      <y>248.6</y>
      <xscale>1</xscale>
      <yscale>1</yscale>
      <face>-1</face>
      <rotation>0</rotation>
    </prop>
    <prop id="PROP141" index="16">
      <file>custom.msp_dishes.msp_dishes_restaurant_int_food.swf</file>
      <x>558.1</x>
      <y>217.6</y>
      <xscale>0.73</xscale>
      <yscale>0.73</yscale>
      <face>-1</face>
      <rotation>0</rotation>
    </prop>
    <prop id="PROP142" index="17">
      <file>custom.cc_vase.swf</file>
      <x>594</x>
      <y>204.7</y>
      <xscale>0.97</xscale>
      <yscale>0.58</yscale>
      <face>1</face>
      <rotation>0</rotation>
      <color r="ccColorA" oc="0x0">10027008</color>
    </prop>
    <effectAsset id="EFFECT2" themecode="common" index="18">
      <effect x="0" y="0" w="487.9" h="274.9981818" rotate="0" id="cut" type="ZOOM" isCut="true" isPan="false"/>
      <x>78.1</x>
      <y>43.9849091</y>
      <width>487.9</width>
      <height>314.0301818</height>
      <speech>0</speech>
    </effectAsset>
  </scene>
  <scene id="SCENE37" adelay="60" lock="N" index="14" color="16777215" guid="06061BF0-F897-ABC5-9BCF-771560C7C6B8">
    <durationSetting countMinimum="1" countTransition="1" countAction="1" countBubble="1" countSpeech="1"/>
    <bubbleAsset id="BUBBLE529" index="1">
      <x>187</x>
      <y>172</y>
      <xscale>1</xscale>
      <yscale>1</yscale>
      <rotation>0</rotation>
      <fx>easeNone</fx>
      <fxdur>0</fxdur>
      <bubble x="0" y="0" w="180" h="90" rotate="0" type="BLANK" hasTail="0" colorStyle="1" autoTextResize="true">
        <body rgb="16777215" shadow="1" bgAlpha="0" linergb="0" tailx="180" taily="110" paddingHorizontal="0" paddingVertical="0"/>
        <text rgb="0" alpha="100" font="Accidental Presidency" size="74" align="center" bold="false" italic="false" embed="true">2:talk:1</text>
        <url target="top"><![CDATA[]]></url>
      </bubble>
    </bubbleAsset>
    <effectAsset id="EFFECT62" themecode="common" index="2">
      <effect x="0" y="0" w="550" h="310" rotate="0" id="cut" type="ZOOM" isCut="true" isPan="false"/>
      <x>47</x>
      <y>24</y>
      <width>550</width>
      <height>354</height>
      <speech>0</speech>
    </effectAsset>
  </scene>
  <scene id="SCENE38" adelay="72" lock="Y" index="15" color="16777215" guid="39A9436D-C025-B855-3F95-8A5F5C51C9CC">
    <bg id="BG412" index="0">
      <file>ugc.17793232.swf</file>
    </bg>
    <char id="AVATOR259" index="3" raceCode="1">
      <action face="1" motionface="1">ugc.15689601.talk.xml</action>
      <head id="PROP115" raceCode="1">
        <file>ugc.15689601.head.head_neutral.xml</file>
      </head>
      <x>436.8</x>
      <y>268.8</y>
      <xscale>1</xscale>
      <yscale>1</yscale>
      <rotation>0</rotation>
    </char>
    <prop id="PROP102" index="1">
      <file>custom.restaurant_int_chair.swf</file>
      <x>427.3</x>
      <y>288.2</y>
      <xscale>1</xscale>
      <yscale>1</yscale>
      <face>1</face>
      <rotation>0</rotation>
      <color r="ccColorA" oc="0x0">7021109</color>
    </prop>
    <prop id="PROP73" index="2">
      <file>custom.restaurant_int_chair.swf</file>
      <x>198.9</x>
      <y>285.2</y>
      <xscale>1</xscale>
      <yscale>1</yscale>
      <face>-1</face>
      <rotation>0</rotation>
      <color r="ccColorA" oc="0x0">7021109</color>
    </prop>
    <prop id="PROP107" index="4">
      <file>custom.restaurant_int_table.swf</file>
      <x>312.1</x>
      <y>329.6</y>
      <xscale>1</xscale>
      <yscale>1</yscale>
      <face>1</face>
      <rotation>0</rotation>
    </prop>
    <prop id="PROP78" index="5">
      <file>custom.msp_dishes.msp_dishes_restaurant_int_food.swf</file>
      <x>366.1</x>
      <y>249.6</y>
      <xscale>1</xscale>
      <yscale>1</yscale>
      <face>1</face>
      <rotation>0</rotation>
    </prop>
    <prop id="PROP80" index="6">
      <file>custom.msp_dishes.msp_dishes_restaurant_int_food.swf</file>
      <x>258.1</x>
      <y>248.6</y>
      <xscale>1</xscale>
      <yscale>1</yscale>
      <face>-1</face>
      <rotation>0</rotation>
    </prop>
    <effectAsset id="EFFECT2" themecode="common" index="7">
      <effect x="0" y="0" w="287.2" h="161.8763636" rotate="0" id="cut" type="ZOOM" isCut="true" isPan="false"/>
      <x>294.4</x>
      <y>113.5738182</y>
      <width>287.2</width>
      <height>184.8523636</height>
      <speech>0</speech>
    </effectAsset>
  </scene>
  <scene id="SCENE39" adelay="60" lock="N" index="16" color="16777215" guid="5428CFDC-8AFE-DA89-4622-DB14EF2AC009">
    <durationSetting countMinimum="1" countTransition="1" countAction="1" countBubble="1" countSpeech="1"/>
    <bubbleAsset id="BUBBLE531" index="1">
      <x>223</x>
      <y>180</y>
      <xscale>1</xscale>
      <yscale>1</yscale>
      <rotation>0</rotation>
      <fx>easeNone</fx>
      <fxdur>0</fxdur>
      <bubble x="0" y="0" w="180" h="90" rotate="0" type="BLANK" hasTail="0" colorStyle="1" autoTextResize="true">
        <body rgb="16777215" shadow="1" bgAlpha="0" linergb="0" tailx="180" taily="110" paddingHorizontal="0" paddingVertical="0"/>
        <text rgb="0" alpha="100" font="Accidental Presidency" size="74" align="center" bold="false" italic="false" embed="true">2:talk:2</text>
        <url target="top"><![CDATA[]]></url>
      </bubble>
    </bubbleAsset>
    <effectAsset id="EFFECT65" themecode="common" index="2">
      <effect x="0" y="0" w="550" h="310" rotate="0" id="cut" type="ZOOM" isCut="true" isPan="false"/>
      <x>47</x>
      <y>24</y>
      <width>550</width>
      <height>354</height>
      <speech>0</speech>
    </effectAsset>
  </scene>
  <scene id="SCENE40" adelay="72" lock="Y" index="17" color="16777215" guid="40A976FC-8064-3F46-1C85-1C1D4B40B8A5">
    <bg id="BG414" index="0">
      <file>ugc.17793232.swf</file>
    </bg>
    <char id="AVATOR305" index="2" raceCode="1">
      <action face="1" motionface="1">ugc.15689601.talk.xml</action>
      <head id="PROP116" raceCode="1">
        <file>ugc.15689601.head.head_neutral.xml</file>
      </head>
      <x>437.8</x>
      <y>262.8</y>
      <xscale>1</xscale>
      <yscale>1</yscale>
      <rotation>0</rotation>
    </char>
    <prop id="PROP114" index="1">
      <file>custom.restaurant_int_chair.swf</file>
      <x>427.3</x>
      <y>288.2</y>
      <xscale>1</xscale>
      <yscale>1</yscale>
      <face>1</face>
      <rotation>0</rotation>
      <color r="ccColorA" oc="0x0">7021109</color>
    </prop>
    <prop id="PROP118" index="3">
      <file>custom.restaurant_int_table.swf</file>
      <x>312.1</x>
      <y>329.6</y>
      <xscale>1</xscale>
      <yscale>1</yscale>
      <face>1</face>
      <rotation>0</rotation>
    </prop>
    <prop id="PROP119" index="4">
      <file>custom.msp_dishes.msp_dishes_restaurant_int_food.swf</file>
      <x>366.1</x>
      <y>249.6</y>
      <xscale>1</xscale>
      <yscale>1</yscale>
      <face>1</face>
      <rotation>0</rotation>
    </prop>
    <prop id="PROP121" index="5">
      <file>custom.msp_dishes.msp_dishes_restaurant_int_food.swf</file>
      <x>258.1</x>
      <y>248.6</y>
      <xscale>1</xscale>
      <yscale>1</yscale>
      <face>-1</face>
      <rotation>0</rotation>
    </prop>
    <effectAsset id="EFFECT2" themecode="common" index="6">
      <effect x="0" y="0" w="203.3" h="114.5872727" rotate="0" id="cut" type="ZOOM" isCut="true" isPan="false"/>
      <x>339.3</x>
      <y>120.5243636</y>
      <width>203.3</width>
      <height>130.8512727</height>
      <speech>0</speech>
    </effectAsset>
  </scene>
  <scene id="SCENE41" adelay="60" lock="N" index="18" color="16777215" guid="6C546726-99B3-E86A-8D94-DD5235F18F8C">
    <durationSetting countMinimum="1" countTransition="1" countAction="1" countBubble="1" countSpeech="1"/>
    <bubbleAsset id="BUBBLE533" index="1">
      <x>254</x>
      <y>150</y>
      <xscale>1</xscale>
      <yscale>1</yscale>
      <rotation>0</rotation>
      <fx>easeNone</fx>
      <fxdur>0</fxdur>
      <bubble x="0" y="0" w="180" h="90" rotate="0" type="BLANK" hasTail="0" colorStyle="1" autoTextResize="true">
        <body rgb="16777215" shadow="1" bgAlpha="0" linergb="0" tailx="180" taily="110" paddingHorizontal="0" paddingVertical="0"/>
        <text rgb="0" alpha="100" font="Accidental Presidency" size="74" align="center" bold="false" italic="false" embed="true">2:talk:3</text>
        <url target="top"><![CDATA[]]></url>
      </bubble>
    </bubbleAsset>
    <effectAsset id="EFFECT68" themecode="common" index="2">
      <effect x="0" y="0" w="550" h="310" rotate="0" id="cut" type="ZOOM" isCut="true" isPan="false"/>
      <x>47</x>
      <y>24</y>
      <width>550</width>
      <height>354</height>
      <speech>0</speech>
    </effectAsset>
  </scene>
  <scene id="SCENE42" adelay="60" lock="N" index="19" color="16777215" guid="45C41D30-144A-554B-DB2E-B6752EBC568C">
    <durationSetting countMinimum="1" countTransition="1" countAction="1" countBubble="1" countSpeech="1"/>
    <bg id="BG2" index="0">
      <file>custom.restaurant_int_bg.swf</file>
      <color r="ccColorA" oc="0x0">5979730</color>
    </bg>
    <char id="AVATOR189" index="3" raceCode="1">
      <action face="1" motionface="1">ugc.15696177.sit.xml</action>
      <head id="PROP117" raceCode="1">
        <file>ugc.15696177.head.head_happy.xml</file>
      </head>
      <x>83</x>
      <y>215</y>
      <xscale>0.85</xscale>
      <yscale>0.85</yscale>
      <rotation>0</rotation>
    </char>
    <char id="AVATOR192" index="5" raceCode="1">
      <action face="-1" motionface="1">ugc.15693158.sit.xml</action>
      <x>530.4</x>
      <y>200.4</y>
      <xscale>0.75</xscale>
      <yscale>0.75</yscale>
      <rotation>0</rotation>
    </char>
    <char id="AVATOR180" index="10" raceCode="1">
      <action face="-1" motionface="1">ugc.15688438.sit.xml</action>
      <x>193</x>
      <y>236.8</y>
      <xscale>1</xscale>
      <yscale>1</yscale>
      <rotation>0</rotation>
    </char>
    <char id="AVATOR181" index="11" raceCode="1">
      <action face="1" motionface="1">ugc.15689601.sit.xml</action>
      <head id="PROP120" raceCode="1">
        <file>ugc.15689601.head.head_neutral.xml</file>
      </head>
      <x>436.8</x>
      <y>243.8</y>
      <xscale>1</xscale>
      <yscale>1</yscale>
      <rotation>0</rotation>
    </char>
    <prop id="PROP143" index="1">
      <file>custom.restaurant_int_column.swf</file>
      <x>324.1</x>
      <y>144.6</y>
      <xscale>1</xscale>
      <yscale>1</yscale>
      <face>1</face>
      <rotation>0</rotation>
    </prop>
    <prop id="PROP144" index="2">
      <file>custom.restaurant_int_chair.swf</file>
      <x>79.1</x>
      <y>250.6</y>
      <xscale>0.72</xscale>
      <yscale>0.72</yscale>
      <face>1</face>
      <rotation>0</rotation>
      <color r="ccColorA" oc="0x0">7021109</color>
    </prop>
    <prop id="PROP147" index="4">
      <file>custom.restaurant_int_chair.swf</file>
      <x>524.2</x>
      <y>236.8</y>
      <xscale>0.64</xscale>
      <yscale>0.64</yscale>
      <face>-1</face>
      <rotation>0</rotation>
      <color r="ccColorA" oc="0x0">7021109</color>
    </prop>
    <prop id="PROP149" index="6">
      <file>custom.restaurant_int_table.swf</file>
      <x>579.8</x>
      <y>268</y>
      <xscale>0.59</xscale>
      <yscale>0.59</yscale>
      <face>1</face>
      <rotation>0</rotation>
    </prop>
    <prop id="PROP150" index="7">
      <file>custom.restaurant_int_table.swf</file>
      <x>26.1</x>
      <y>291.6</y>
      <xscale>0.72</xscale>
      <yscale>0.72</yscale>
      <face>-1</face>
      <rotation>0</rotation>
    </prop>
    <prop id="PROP151" index="8">
      <file>custom.restaurant_int_chair.swf</file>
      <x>427.3</x>
      <y>288.2</y>
      <xscale>1</xscale>
      <yscale>1</yscale>
      <face>1</face>
      <rotation>0</rotation>
      <color r="ccColorA" oc="0x0">7021109</color>
    </prop>
    <prop id="PROP152" index="9">
      <file>custom.restaurant_int_chair.swf</file>
      <x>198.9</x>
      <y>285.2</y>
      <xscale>1</xscale>
      <yscale>1</yscale>
      <face>-1</face>
      <rotation>0</rotation>
      <color r="ccColorA" oc="0x0">7021109</color>
    </prop>
    <prop id="PROP156" index="12">
      <file>custom.restaurant_int_table.swf</file>
      <x>312.1</x>
      <y>329.6</y>
      <xscale>1</xscale>
      <yscale>1</yscale>
      <face>1</face>
      <rotation>0</rotation>
    </prop>
    <prop id="PROP157" index="13">
      <file>custom.msp_dishes.msp_dishes_restaurant_int_food.swf</file>
      <x>366.1</x>
      <y>249.6</y>
      <xscale>1</xscale>
      <yscale>1</yscale>
      <face>1</face>
      <rotation>0</rotation>
    </prop>
    <prop id="PROP158" index="14">
      <file>custom.cc_vase.swf</file>
      <x>31</x>
      <y>216</y>
      <xscale>0.97</xscale>
      <yscale>0.58</yscale>
      <face>1</face>
      <rotation>0</rotation>
      <color r="ccColorA" oc="0x0">10027008</color>
    </prop>
    <prop id="PROP159" index="15">
      <file>custom.msp_dishes.msp_dishes_restaurant_int_food.swf</file>
      <x>258.1</x>
      <y>248.6</y>
      <xscale>1</xscale>
      <yscale>1</yscale>
      <face>-1</face>
      <rotation>0</rotation>
    </prop>
    <prop id="PROP160" index="16">
      <file>custom.msp_dishes.msp_dishes_restaurant_int_food.swf</file>
      <x>558.1</x>
      <y>217.6</y>
      <xscale>0.73</xscale>
      <yscale>0.73</yscale>
      <face>-1</face>
      <rotation>0</rotation>
    </prop>
    <prop id="PROP161" index="17">
      <file>custom.cc_vase.swf</file>
      <x>594</x>
      <y>204.7</y>
      <xscale>0.97</xscale>
      <yscale>0.58</yscale>
      <face>1</face>
      <rotation>0</rotation>
      <color r="ccColorA" oc="0x0">10027008</color>
    </prop>
    <effectAsset id="EFFECT2" themecode="common" index="18">
      <effect x="0" y="0" w="487.9" h="274.9981818" rotate="0" id="cut" type="ZOOM" isCut="true" isPan="false"/>
      <x>78.1</x>
      <y>43.9849091</y>
      <width>487.9</width>
      <height>314.0301818</height>
      <speech>0</speech>
    </effectAsset>
  </scene>
  <scene id="SCENE43" adelay="60" lock="N" index="20" color="16777215" guid="56ADB423-E660-1A17-D494-F1FA6AF96A67">
    <durationSetting countMinimum="1" countTransition="1" countAction="1" countBubble="1" countSpeech="1"/>
    <bubbleAsset id="BUBBLE535" index="1">
      <x>211</x>
      <y>183</y>
      <xscale>1</xscale>
      <yscale>1</yscale>
      <rotation>0</rotation>
      <fx>easeNone</fx>
      <fxdur>0</fxdur>
      <bubble x="0" y="0" w="180" h="90" rotate="0" type="BLANK" hasTail="0" colorStyle="1" autoTextResize="true">
        <body rgb="16777215" shadow="1" bgAlpha="0" linergb="0" tailx="180" taily="110" paddingHorizontal="0" paddingVertical="0"/>
        <text rgb="0" alpha="100" font="Accidental Presidency" size="65" align="center" bold="false" italic="false" embed="true">closing:1</text>
        <url target="top"><![CDATA[]]></url>
      </bubble>
    </bubbleAsset>
    <effectAsset id="EFFECT71" themecode="common" index="2">
      <effect x="0" y="0" w="550" h="310" rotate="0" id="cut" type="ZOOM" isCut="true" isPan="false"/>
      <x>47</x>
      <y>24</y>
      <width>550</width>
      <height>354</height>
      <speech>0</speech>
    </effectAsset>
  </scene>
  <scene id="SCENE44" adelay="65" lock="Y" index="21" color="16777215" guid="E4918ABF-AF77-2A9E-69D3-55293D6CF08A">
    <bg id="BG2" index="0">
      <file>custom.restaurant_int_bg.swf</file>
      <dcsn>9532</dcsn>
      <color r="ccColorA" oc="0x0">5979730</color>
    </bg>
    <char id="AVATOR189" index="3" raceCode="1">
      <action face="1" motionface="1">ugc.15696177.sit.xml</action>
      <head id="PROP122" raceCode="1">
        <file>ugc.15696177.head.head_happy.xml</file>
      </head>
      <x>83</x>
      <y>215</y>
      <xscale>0.85</xscale>
      <yscale>0.85</yscale>
      <rotation>0</rotation>
    </char>
    <char id="AVATOR192" index="5" raceCode="1">
      <action face="-1" motionface="1">ugc.15693158.sit.xml</action>
      <x>530.4</x>
      <y>200.4</y>
      <xscale>0.75</xscale>
      <yscale>0.75</yscale>
      <rotation>0</rotation>
    </char>
    <char id="AVATOR180" index="10" raceCode="1">
      <action face="-1" motionface="1">ugc.15688438.sit.xml</action>
      <x>193</x>
      <y>236.8</y>
      <xscale>1</xscale>
      <yscale>1</yscale>
      <rotation>0</rotation>
    </char>
    <char id="AVATOR181" index="11" raceCode="1">
      <action face="1" motionface="1">ugc.15689601.sit.xml</action>
      <x>436.8</x>
      <y>243.8</y>
      <xscale>1</xscale>
      <yscale>1</yscale>
      <rotation>0</rotation>
    </char>
    <prop id="PROP162" index="1">
      <file>custom.restaurant_int_column.swf</file>
      <x>324.1</x>
      <y>144.6</y>
      <xscale>1</xscale>
      <yscale>1</yscale>
      <face>1</face>
      <rotation>0</rotation>
    </prop>
    <prop id="PROP163" index="2">
      <file>custom.restaurant_int_chair.swf</file>
      <x>79.1</x>
      <y>250.6</y>
      <xscale>0.72</xscale>
      <yscale>0.72</yscale>
      <face>1</face>
      <rotation>0</rotation>
      <dcsn>9516</dcsn>
      <color r="ccColorA" oc="0x0">7021109</color>
    </prop>
    <prop id="PROP166" index="4">
      <file>custom.restaurant_int_chair.swf</file>
      <x>524.2</x>
      <y>236.8</y>
      <xscale>0.64</xscale>
      <yscale>0.64</yscale>
      <face>-1</face>
      <rotation>0</rotation>
      <dcsn>9516</dcsn>
      <color r="ccColorA" oc="0x0">7021109</color>
    </prop>
    <prop id="PROP168" index="6">
      <file>custom.restaurant_int_table.swf</file>
      <x>579.8</x>
      <y>268</y>
      <xscale>0.59</xscale>
      <yscale>0.59</yscale>
      <face>1</face>
      <rotation>0</rotation>
    </prop>
    <prop id="PROP169" index="7">
      <file>custom.restaurant_int_table.swf</file>
      <x>26.1</x>
      <y>291.6</y>
      <xscale>0.72</xscale>
      <yscale>0.72</yscale>
      <face>-1</face>
      <rotation>0</rotation>
    </prop>
    <prop id="PROP170" index="8">
      <file>custom.restaurant_int_chair.swf</file>
      <x>427.3</x>
      <y>288.2</y>
      <xscale>1</xscale>
      <yscale>1</yscale>
      <face>1</face>
      <rotation>0</rotation>
      <dcsn>9516</dcsn>
      <color r="ccColorA" oc="0x0">7021109</color>
    </prop>
    <prop id="PROP171" index="9">
      <file>custom.restaurant_int_chair.swf</file>
      <x>198.9</x>
      <y>285.2</y>
      <xscale>1</xscale>
      <yscale>1</yscale>
      <face>-1</face>
      <rotation>0</rotation>
      <dcsn>9516</dcsn>
      <color r="ccColorA" oc="0x0">7021109</color>
    </prop>
    <prop id="PROP174" index="12">
      <file>custom.restaurant_int_table.swf</file>
      <x>312.1</x>
      <y>329.6</y>
      <xscale>1</xscale>
      <yscale>1</yscale>
      <face>1</face>
      <rotation>0</rotation>
    </prop>
    <prop id="PROP175" index="13">
      <file>custom.msp_dishes.msp_dishes_restaurant_int_food.swf</file>
      <x>366.1</x>
      <y>249.6</y>
      <xscale>1</xscale>
      <yscale>1</yscale>
      <face>1</face>
      <rotation>0</rotation>
    </prop>
    <prop id="PROP176" index="14">
      <file>custom.cc_vase.swf</file>
      <x>31</x>
      <y>216</y>
      <xscale>0.97</xscale>
      <yscale>0.58</yscale>
      <face>1</face>
      <rotation>0</rotation>
      <dcsn>9205</dcsn>
      <color r="ccColorA" oc="0x0">10027008</color>
    </prop>
    <prop id="PROP177" index="15">
      <file>custom.msp_dishes.msp_dishes_restaurant_int_food.swf</file>
      <x>258.1</x>
      <y>248.6</y>
      <xscale>1</xscale>
      <yscale>1</yscale>
      <face>-1</face>
      <rotation>0</rotation>
    </prop>
    <prop id="PROP178" index="16">
      <file>custom.msp_dishes.msp_dishes_restaurant_int_food.swf</file>
      <x>558.1</x>
      <y>217.6</y>
      <xscale>0.73</xscale>
      <yscale>0.73</yscale>
      <face>-1</face>
      <rotation>0</rotation>
    </prop>
    <prop id="PROP179" index="17">
      <file>custom.cc_vase.swf</file>
      <x>594</x>
      <y>204.7</y>
      <xscale>0.97</xscale>
      <yscale>0.58</yscale>
      <face>1</face>
      <rotation>0</rotation>
      <dcsn>9205</dcsn>
      <color r="ccColorA" oc="0x0">10027008</color>
    </prop>
    <effectAsset id="EFFECT2" themecode="common" index="19">
      <effect x="0" y="0" w="487.9" h="274.9981818" rotate="0" id="zoom" type="ZOOM" isCut="false" isPan="false"/>
      <x>78.1</x>
      <y>43.9849091</y>
      <width>487.9</width>
      <height>314.0301818</height>
      <speech>0</speech>
    </effectAsset>
    <effectAsset id="EFFECT9" themecode="common" index="18">
      <effect x="0" y="0" w="550" h="310" rotate="0" id="fadeOutEx" type="FADING" isIn="false" isOut="true"/>
      <x>47</x>
      <y>24</y>
      <width>550</width>
      <height>354</height>
      <speech>0</speech>
    </effectAsset>
  </scene>
</film>
